ISO-10303-21;
HEADER;
/* Generated by software containing ST-Developer
 * from STEP Tools, Inc. (www.steptools.com) 
 */

FILE_DESCRIPTION(
/* description */ (''),
/* implementation_level */ '2;1');

FILE_NAME(
/* name */ 'Touch Spring v5.step',
/* time_stamp */ '2025-08-23T13:53:57-07:00',
/* author */ (''),
/* organization */ (''),
/* preprocessor_version */ 'ST-DEVELOPER v20.1',
/* originating_system */ 'Autodesk Translation Framework v14.10.0.0',
/* authorisation */ '');

FILE_SCHEMA (('AUTOMOTIVE_DESIGN { 1 0 10303 214 3 1 1 }'));
ENDSEC;

DATA;
#10=MECHANICAL_DESIGN_GEOMETRIC_PRESENTATION_REPRESENTATION('',(#13),#6563);
#11=SHAPE_REPRESENTATION_RELATIONSHIP('SRR','None',#6570,#12);
#12=ADVANCED_BREP_SHAPE_REPRESENTATION('',(#14),#6562);
#13=STYLED_ITEM('',(#6579),#14);
#14=MANIFOLD_SOLID_BREP('Body1',#726);
#15=TOROIDAL_SURFACE('',#760,7.,0.25);
#16=(
BOUNDED_SURFACE()
B_SPLINE_SURFACE(2,2,((#4950,#4951,#4952),(#4953,#4954,#4955),(#4956,#4957,
#4958),(#4959,#4960,#4961),(#4962,#4963,#4964),(#4965,#4966,#4967),(#4968,
#4969,#4970),(#4971,#4972,#4973),(#4974,#4975,#4976)),.UNSPECIFIED.,.T.,
 .F.,.F.)
B_SPLINE_SURFACE_WITH_KNOTS((3,2,2,2,3),(3,3),(-3.14159265358979,-1.5707963267949,
0.,1.5707963267949,3.14159265358979),(-3.14159265358979,-1.57079632679489),
 .UNSPECIFIED.)
GEOMETRIC_REPRESENTATION_ITEM()
RATIONAL_B_SPLINE_SURFACE(((1.,0.707106781186546,1.),(0.707106781186547,
0.499999999999999,0.707106781186547),(1.,0.707106781186546,1.),(0.707106781186548,
0.5,0.707106781186548),(1.,0.707106781186546,1.),(0.707106781186548,0.5,
0.707106781186548),(1.,0.707106781186546,1.),(0.707106781186547,0.499999999999999,
0.707106781186547),(1.,0.707106781186546,1.)))
REPRESENTATION_ITEM('')
SURFACE()
);
#17=(
BOUNDED_SURFACE()
B_SPLINE_SURFACE(2,2,((#4987,#4988,#4989,#4990,#4991),(#4992,#4993,#4994,
#4995,#4996),(#4997,#4998,#4999,#5000,#5001),(#5002,#5003,#5004,#5005,#5006),
(#5007,#5008,#5009,#5010,#5011),(#5012,#5013,#5014,#5015,#5016),(#5017,
#5018,#5019,#5020,#5021),(#5022,#5023,#5024,#5025,#5026),(#5027,#5028,#5029,
#5030,#5031)),.UNSPECIFIED.,.T.,.F.,.F.)
B_SPLINE_SURFACE_WITH_KNOTS((3,2,2,2,3),(3,2,3),(-3.14159265358979,-1.5707963267949,
0.,1.5707963267949,3.14159265358979),(-0.803926727043168,-2.11053396981242E-13,
0.803926727035417),.UNSPECIFIED.)
GEOMETRIC_REPRESENTATION_ITEM()
RATIONAL_B_SPLINE_SURFACE(((1.,0.920294649476235,1.,0.920294649476235,1.),
(0.707106781186553,0.650746587334347,0.707106781186553,0.650746587334347,
0.707106781186553),(1.,0.920294649476235,1.,0.920294649476235,1.),(0.707106781186553,
0.650746587334347,0.707106781186553,0.650746587334347,0.707106781186553),
(1.,0.920294649476235,1.,0.920294649476235,1.),(0.707106781186553,0.650746587334347,
0.707106781186553,0.650746587334347,0.707106781186553),(1.,0.920294649476235,
1.,0.920294649476235,1.),(0.707106781186553,0.650746587334347,0.707106781186553,
0.650746587334347,0.707106781186553),(1.,0.920294649476235,1.,0.920294649476235,
1.)))
REPRESENTATION_ITEM('')
SURFACE()
);
#18=LINE('',#4946,#20);
#19=LINE('',#4983,#21);
#20=VECTOR('',#788,0.25);
#21=VECTOR('',#801,0.25);
#22=CYLINDRICAL_SURFACE('',#749,0.25);
#23=CYLINDRICAL_SURFACE('',#756,0.25);
#24=PLANE('',#748);
#25=PLANE('',#755);
#26=FACE_OUTER_BOUND('',#80,.T.);
#27=FACE_OUTER_BOUND('',#81,.T.);
#28=FACE_OUTER_BOUND('',#82,.T.);
#29=FACE_OUTER_BOUND('',#83,.T.);
#30=FACE_OUTER_BOUND('',#84,.T.);
#31=FACE_OUTER_BOUND('',#85,.T.);
#32=FACE_OUTER_BOUND('',#86,.T.);
#33=FACE_OUTER_BOUND('',#87,.T.);
#34=FACE_OUTER_BOUND('',#88,.T.);
#35=FACE_OUTER_BOUND('',#89,.T.);
#36=FACE_OUTER_BOUND('',#90,.T.);
#37=FACE_OUTER_BOUND('',#91,.T.);
#38=FACE_OUTER_BOUND('',#92,.T.);
#39=FACE_OUTER_BOUND('',#93,.T.);
#40=FACE_OUTER_BOUND('',#94,.T.);
#41=FACE_OUTER_BOUND('',#95,.T.);
#42=FACE_OUTER_BOUND('',#96,.T.);
#43=FACE_OUTER_BOUND('',#97,.T.);
#44=FACE_OUTER_BOUND('',#98,.T.);
#45=FACE_OUTER_BOUND('',#99,.T.);
#46=FACE_OUTER_BOUND('',#100,.T.);
#47=FACE_OUTER_BOUND('',#101,.T.);
#48=FACE_OUTER_BOUND('',#102,.T.);
#49=FACE_OUTER_BOUND('',#103,.T.);
#50=FACE_OUTER_BOUND('',#104,.T.);
#51=FACE_OUTER_BOUND('',#105,.T.);
#52=FACE_OUTER_BOUND('',#106,.T.);
#53=FACE_OUTER_BOUND('',#107,.T.);
#54=FACE_OUTER_BOUND('',#108,.T.);
#55=FACE_OUTER_BOUND('',#109,.T.);
#56=FACE_OUTER_BOUND('',#110,.T.);
#57=FACE_OUTER_BOUND('',#111,.T.);
#58=FACE_OUTER_BOUND('',#112,.T.);
#59=FACE_OUTER_BOUND('',#113,.T.);
#60=FACE_OUTER_BOUND('',#114,.T.);
#61=FACE_OUTER_BOUND('',#115,.T.);
#62=FACE_OUTER_BOUND('',#116,.T.);
#63=FACE_OUTER_BOUND('',#117,.T.);
#64=FACE_OUTER_BOUND('',#118,.T.);
#65=FACE_OUTER_BOUND('',#119,.T.);
#66=FACE_OUTER_BOUND('',#120,.T.);
#67=FACE_OUTER_BOUND('',#121,.T.);
#68=FACE_OUTER_BOUND('',#122,.T.);
#69=FACE_OUTER_BOUND('',#123,.T.);
#70=FACE_OUTER_BOUND('',#124,.T.);
#71=FACE_OUTER_BOUND('',#125,.T.);
#72=FACE_OUTER_BOUND('',#126,.T.);
#73=FACE_OUTER_BOUND('',#127,.T.);
#74=FACE_OUTER_BOUND('',#128,.T.);
#75=FACE_OUTER_BOUND('',#129,.T.);
#76=FACE_OUTER_BOUND('',#130,.T.);
#77=FACE_OUTER_BOUND('',#131,.T.);
#78=FACE_OUTER_BOUND('',#132,.T.);
#79=FACE_OUTER_BOUND('',#133,.T.);
#80=EDGE_LOOP('',(#407,#408,#409,#410));
#81=EDGE_LOOP('',(#411,#412,#413,#414));
#82=EDGE_LOOP('',(#415,#416,#417,#418));
#83=EDGE_LOOP('',(#419,#420,#421,#422));
#84=EDGE_LOOP('',(#423,#424,#425,#426));
#85=EDGE_LOOP('',(#427,#428,#429,#430));
#86=EDGE_LOOP('',(#431,#432,#433,#434));
#87=EDGE_LOOP('',(#435,#436,#437,#438));
#88=EDGE_LOOP('',(#439,#440,#441,#442));
#89=EDGE_LOOP('',(#443,#444,#445,#446));
#90=EDGE_LOOP('',(#447,#448,#449,#450));
#91=EDGE_LOOP('',(#451,#452,#453,#454));
#92=EDGE_LOOP('',(#455,#456,#457,#458));
#93=EDGE_LOOP('',(#459,#460,#461,#462));
#94=EDGE_LOOP('',(#463,#464,#465,#466));
#95=EDGE_LOOP('',(#467,#468,#469,#470));
#96=EDGE_LOOP('',(#471,#472,#473,#474));
#97=EDGE_LOOP('',(#475,#476,#477,#478));
#98=EDGE_LOOP('',(#479,#480,#481,#482));
#99=EDGE_LOOP('',(#483,#484,#485,#486));
#100=EDGE_LOOP('',(#487,#488,#489,#490));
#101=EDGE_LOOP('',(#491,#492,#493,#494));
#102=EDGE_LOOP('',(#495,#496,#497,#498));
#103=EDGE_LOOP('',(#499,#500,#501,#502));
#104=EDGE_LOOP('',(#503,#504,#505,#506));
#105=EDGE_LOOP('',(#507,#508,#509,#510));
#106=EDGE_LOOP('',(#511,#512,#513,#514));
#107=EDGE_LOOP('',(#515,#516,#517,#518));
#108=EDGE_LOOP('',(#519,#520,#521,#522));
#109=EDGE_LOOP('',(#523,#524,#525,#526));
#110=EDGE_LOOP('',(#527,#528,#529,#530));
#111=EDGE_LOOP('',(#531,#532,#533,#534));
#112=EDGE_LOOP('',(#535,#536,#537,#538));
#113=EDGE_LOOP('',(#539,#540,#541,#542));
#114=EDGE_LOOP('',(#543,#544,#545,#546));
#115=EDGE_LOOP('',(#547,#548,#549,#550));
#116=EDGE_LOOP('',(#551,#552,#553,#554));
#117=EDGE_LOOP('',(#555,#556,#557,#558));
#118=EDGE_LOOP('',(#559,#560,#561,#562));
#119=EDGE_LOOP('',(#563,#564,#565,#566));
#120=EDGE_LOOP('',(#567,#568,#569,#570));
#121=EDGE_LOOP('',(#571,#572,#573,#574));
#122=EDGE_LOOP('',(#575,#576,#577,#578));
#123=EDGE_LOOP('',(#579,#580,#581,#582));
#124=EDGE_LOOP('',(#583,#584,#585,#586));
#125=EDGE_LOOP('',(#587,#588,#589,#590,#591,#592));
#126=EDGE_LOOP('',(#593));
#127=EDGE_LOOP('',(#594,#595,#596,#597,#598));
#128=EDGE_LOOP('',(#599,#600,#601,#602));
#129=EDGE_LOOP('',(#603));
#130=EDGE_LOOP('',(#604,#605,#606,#607,#608,#609));
#131=EDGE_LOOP('',(#610,#611,#612));
#132=EDGE_LOOP('',(#613,#614,#615,#616,#617));
#133=EDGE_LOOP('',(#618,#619,#620,#621,#622,#623,#624));
#134=CIRCLE('',#740,0.25);
#135=CIRCLE('',#741,0.25);
#136=CIRCLE('',#742,0.25);
#137=CIRCLE('',#743,0.25);
#138=CIRCLE('',#744,0.25);
#139=CIRCLE('',#745,0.25);
#140=CIRCLE('',#746,0.25);
#141=CIRCLE('',#747,0.25);
#142=CIRCLE('',#750,0.25);
#143=CIRCLE('',#751,0.25);
#144=CIRCLE('',#752,0.25);
#145=CIRCLE('',#753,0.25);
#146=CIRCLE('',#754,0.25);
#147=CIRCLE('',#757,0.25);
#148=CIRCLE('',#758,0.25);
#149=CIRCLE('',#759,0.25);
#150=CIRCLE('',#761,6.75);
#151=CIRCLE('',#762,0.25);
#152=CIRCLE('',#763,0.25);
#153=B_SPLINE_CURVE_WITH_KNOTS('',3,(#866,#867,#868,#869,#870,#871,#872,
#873,#874,#875,#876,#877),.UNSPECIFIED.,.T.,.F.,(4,1,1,1,1,1,1,1,1,4),(-3.14159265358979,
-2.24399475256414,-1.34639685153848,-0.448798950512828,0.448798950512828,
1.12199737628207,1.79519580205131,2.24399475256414,2.46839422782055,3.14159265358979),
 .UNSPECIFIED.);
#154=B_SPLINE_CURVE_WITH_KNOTS('',3,(#879,#880,#881,#882),.UNSPECIFIED.,
 .F.,.F.,(4,4),(4.10179852198441,4.14956130084513),.UNSPECIFIED.);
#155=B_SPLINE_CURVE_WITH_KNOTS('',3,(#933,#934,#935,#936),.UNSPECIFIED.,
 .F.,.F.,(4,4),(3.99733227610645,4.10179852198441),.UNSPECIFIED.);
#156=B_SPLINE_CURVE_WITH_KNOTS('',3,(#937,#938,#939,#940,#941,#942,#943,
#944,#945,#946,#947,#948),.UNSPECIFIED.,.T.,.F.,(4,1,1,1,1,1,1,1,1,4),(-3.14159265358979,
-2.24399475256414,-1.34639685153848,-0.448798950512828,0.448798950512828,
1.12199737628207,1.79519580205131,2.24399475256414,2.46839422782055,3.14159265358979),
 .UNSPECIFIED.);
#157=B_SPLINE_CURVE_WITH_KNOTS('',3,(#998,#999,#1000,#1001),
 .UNSPECIFIED.,.F.,.F.,(4,4),(3.89120580605289,3.99733227610645),
 .UNSPECIFIED.);
#158=B_SPLINE_CURVE_WITH_KNOTS('',3,(#1002,#1003,#1004,#1005,#1006,#1007,
#1008,#1009,#1010,#1011,#1012,#1013),.UNSPECIFIED.,.T.,.F.,(4,1,1,1,1,1,
1,1,1,4),(-3.14159265358979,-2.24399475256414,-1.34639685153848,-0.448798950512828,
0.448798950512828,1.12199737628207,1.79519580205131,2.24399475256414,2.46839422782055,
3.14159265358979),.UNSPECIFIED.);
#159=B_SPLINE_CURVE_WITH_KNOTS('',3,(#1063,#1064,#1065,#1066),
 .UNSPECIFIED.,.F.,.F.,(4,4),(3.78344140500482,3.89120580605289),
 .UNSPECIFIED.);
#160=B_SPLINE_CURVE_WITH_KNOTS('',3,(#1067,#1068,#1069,#1070,#1071,#1072,
#1073,#1074,#1075,#1076,#1077,#1078),.UNSPECIFIED.,.T.,.F.,(4,1,1,1,1,1,
1,1,1,4),(-3.14159265358979,-2.24399475256414,-1.34639685153848,-0.448798950512828,
0.448798950512828,1.12199737628207,1.79519580205131,2.24399475256414,2.46839422782055,
3.14159265358979),.UNSPECIFIED.);
#161=B_SPLINE_CURVE_WITH_KNOTS('',3,(#1128,#1129,#1130,#1131),
 .UNSPECIFIED.,.F.,.F.,(4,4),(3.67406053663286,3.78344140500482),
 .UNSPECIFIED.);
#162=B_SPLINE_CURVE_WITH_KNOTS('',3,(#1132,#1133,#1134,#1135,#1136,#1137,
#1138,#1139,#1140,#1141,#1142,#1143),.UNSPECIFIED.,.T.,.F.,(4,1,1,1,1,1,
1,1,1,4),(-3.14159265358979,-2.24399475256414,-1.34639685153848,-0.448798950512828,
0.448798950512828,1.12199737628207,1.79519580205131,2.24399475256414,2.46839422782055,
3.14159265358979),.UNSPECIFIED.);
#163=B_SPLINE_CURVE_WITH_KNOTS('',3,(#1193,#1194,#1195,#1196,#1197,#1198,
#1199,#1200,#1201,#1202,#1203,#1204),.UNSPECIFIED.,.T.,.F.,(4,1,1,1,1,1,
1,1,1,4),(-3.14159265358979,-2.24399475256414,-1.34639685153848,-0.448798950512828,
0.448798950512828,1.12199737628207,1.5707963267949,2.24399475256414,2.46839422782055,
3.14159265358979),.UNSPECIFIED.);
#164=B_SPLINE_CURVE_WITH_KNOTS('',3,(#1206,#1207,#1208,#1209),
 .UNSPECIFIED.,.F.,.F.,(4,4),(2.23002612439748,2.27998668504906),
 .UNSPECIFIED.);
#165=B_SPLINE_CURVE_WITH_KNOTS('',3,(#1260,#1261,#1262,#1263),
 .UNSPECIFIED.,.F.,.F.,(4,4),(2.15621880805459,2.23002612439748),
 .UNSPECIFIED.);
#166=B_SPLINE_CURVE_WITH_KNOTS('',3,(#1264,#1265,#1266,#1267,#1268,#1269,
#1270,#1271,#1272,#1273,#1274,#1275),.UNSPECIFIED.,.T.,.F.,(4,1,1,1,1,1,
1,1,1,4),(-3.14159265358979,-2.24399475256414,-1.34639685153848,-0.448798950512828,
0.448798950512828,1.12199737628207,1.79519580205131,2.24399475256414,2.46839422782055,
3.14159265358979),.UNSPECIFIED.);
#167=B_SPLINE_CURVE_WITH_KNOTS('',3,(#1325,#1326,#1327,#1328),
 .UNSPECIFIED.,.F.,.F.,(4,4),(2.08018967903013,2.15621880805459),
 .UNSPECIFIED.);
#168=B_SPLINE_CURVE_WITH_KNOTS('',3,(#1329,#1330,#1331,#1332,#1333,#1334,
#1335,#1336,#1337,#1338,#1339,#1340),.UNSPECIFIED.,.T.,.F.,(4,1,1,1,1,1,
1,1,1,4),(-3.14159265358979,-2.24399475256414,-1.34639685153848,-0.448798950512828,
0.448798950512828,1.12199737628207,1.79519580205131,2.24399475256414,2.46839422782055,
3.14159265358979),.UNSPECIFIED.);
#169=B_SPLINE_CURVE_WITH_KNOTS('',3,(#1390,#1391,#1392,#1393),
 .UNSPECIFIED.,.F.,.F.,(4,4),(2.00199322685442,2.08018967903013),
 .UNSPECIFIED.);
#170=B_SPLINE_CURVE_WITH_KNOTS('',3,(#1394,#1395,#1396,#1397,#1398,#1399,
#1400,#1401,#1402,#1403,#1404,#1405),.UNSPECIFIED.,.T.,.F.,(4,1,1,1,1,1,
1,1,1,4),(-3.14159265358979,-2.24399475256414,-1.34639685153848,-0.448798950512828,
0.448798950512828,1.12199737628207,1.79519580205131,2.24399475256414,2.46839422782055,
3.14159265358979),.UNSPECIFIED.);
#171=B_SPLINE_CURVE_WITH_KNOTS('',3,(#1455,#1456,#1457,#1458),
 .UNSPECIFIED.,.F.,.F.,(4,4),(1.92167977961315,2.00199322685442),
 .UNSPECIFIED.);
#172=B_SPLINE_CURVE_WITH_KNOTS('',3,(#1459,#1460,#1461,#1462,#1463,#1464,
#1465,#1466,#1467,#1468,#1469,#1470),.UNSPECIFIED.,.T.,.F.,(4,1,1,1,1,1,
1,1,1,4),(-3.14159265358979,-2.24399475256414,-1.34639685153848,-0.448798950512828,
0.448798950512828,1.12199737628207,1.5707963267949,2.24399475256414,2.46839422782055,
3.14159265358979),.UNSPECIFIED.);
#173=B_SPLINE_CURVE_WITH_KNOTS('',3,(#1520,#1521,#1522,#1523),
 .UNSPECIFIED.,.F.,.F.,(4,4),(1.83929602961502,1.92167977961315),
 .UNSPECIFIED.);
#174=B_SPLINE_CURVE_WITH_KNOTS('',3,(#1524,#1525,#1526,#1527,#1528,#1529,
#1530,#1531,#1532,#1533,#1534,#1535),.UNSPECIFIED.,.T.,.F.,(4,1,1,1,1,1,
1,1,1,4),(-3.14159265358979,-2.24399475256414,-1.34639685153848,-0.448798950512828,
0.448798950512828,1.12199737628207,1.79519580205131,2.24399475256414,2.46839422782055,
3.14159265358979),.UNSPECIFIED.);
#175=B_SPLINE_CURVE_WITH_KNOTS('',3,(#1585,#1586,#1587,#1588),
 .UNSPECIFIED.,.F.,.F.,(4,4),(1.75488547262341,1.83929602961502),
 .UNSPECIFIED.);
#176=B_SPLINE_CURVE_WITH_KNOTS('',3,(#1589,#1590,#1591,#1592,#1593,#1594,
#1595,#1596,#1597,#1598,#1599,#1600),.UNSPECIFIED.,.T.,.F.,(4,1,1,1,1,1,
1,1,1,4),(-3.14159265358979,-2.24399475256414,-1.34639685153848,-0.448798950512828,
0.448798950512828,1.12199737628207,1.79519580205131,2.24399475256414,2.46839422782055,
3.14159265358979),.UNSPECIFIED.);
#177=B_SPLINE_CURVE_WITH_KNOTS('',3,(#1650,#1651,#1652,#1653),
 .UNSPECIFIED.,.F.,.F.,(4,4),(1.66848877774831,1.75488547262341),
 .UNSPECIFIED.);
#178=B_SPLINE_CURVE_WITH_KNOTS('',3,(#1654,#1655,#1656,#1657,#1658,#1659,
#1660,#1661,#1662,#1663,#1664,#1665),.UNSPECIFIED.,.T.,.F.,(4,1,1,1,1,1,
1,1,1,4),(-3.14159265358979,-2.24399475256414,-1.34639685153848,-0.448798950512828,
0.448798950512828,1.12199737628207,1.79519580205131,2.24399475256414,2.46839422782055,
3.14159265358979),.UNSPECIFIED.);
#179=B_SPLINE_CURVE_WITH_KNOTS('',3,(#1715,#1716,#1717,#1718),
 .UNSPECIFIED.,.F.,.F.,(4,4),(1.58014410121732,1.66848877774831),
 .UNSPECIFIED.);
#180=B_SPLINE_CURVE_WITH_KNOTS('',3,(#1719,#1720,#1721,#1722,#1723,#1724,
#1725,#1726,#1727,#1728,#1729,#1730),.UNSPECIFIED.,.T.,.F.,(4,1,1,1,1,1,
1,1,1,4),(-3.14159265358979,-2.24399475256414,-1.34639685153848,-0.448798950512828,
0.448798950512828,1.12199737628207,1.79519580205131,2.24399475256414,2.46839422782055,
3.14159265358979),.UNSPECIFIED.);
#181=B_SPLINE_CURVE_WITH_KNOTS('',3,(#1780,#1781,#1782,#1783),
 .UNSPECIFIED.,.F.,.F.,(4,4),(1.48988735434139,1.58014410121732),
 .UNSPECIFIED.);
#182=B_SPLINE_CURVE_WITH_KNOTS('',3,(#1784,#1785,#1786,#1787,#1788,#1789,
#1790,#1791,#1792,#1793,#1794,#1795),.UNSPECIFIED.,.T.,.F.,(4,1,1,1,1,1,
1,1,1,4),(-3.14159265358979,-2.24399475256414,-1.34639685153848,-0.448798950512828,
0.448798950512828,1.12199737628207,1.79519580205131,2.24399475256414,2.46839422782055,
3.14159265358979),.UNSPECIFIED.);
#183=B_SPLINE_CURVE_WITH_KNOTS('',3,(#1845,#1846,#1847,#1848),
 .UNSPECIFIED.,.F.,.F.,(4,4),(1.39775243379818,1.48988735434139),
 .UNSPECIFIED.);
#184=B_SPLINE_CURVE_WITH_KNOTS('',3,(#1849,#1850,#1851,#1852,#1853,#1854,
#1855,#1856,#1857,#1858,#1859,#1860),.UNSPECIFIED.,.T.,.F.,(4,1,1,1,1,1,
1,1,1,4),(-3.14159265358979,-2.24399475256414,-1.34639685153848,-0.448798950512828,
0.448798950512828,1.12199737628207,1.79519580205131,2.24399475256414,2.46839422782055,
3.14159265358979),.UNSPECIFIED.);
#185=B_SPLINE_CURVE_WITH_KNOTS('',3,(#1910,#1911,#1912,#1913),
 .UNSPECIFIED.,.F.,.F.,(4,4),(1.30377142068483,1.39775243379818),
 .UNSPECIFIED.);
#186=B_SPLINE_CURVE_WITH_KNOTS('',3,(#1914,#1915,#1916,#1917,#1918,#1919,
#1920,#1921,#1922,#1923,#1924,#1925),.UNSPECIFIED.,.T.,.F.,(4,1,1,1,1,1,
1,1,1,4),(-3.14159265358979,-2.24399475256414,-1.34639685153848,-0.448798950512828,
0.448798950512828,1.12199737628207,1.79519580205131,2.24399475256414,2.46839422782055,
3.14159265358979),.UNSPECIFIED.);
#187=B_SPLINE_CURVE_WITH_KNOTS('',3,(#1975,#1976,#1977,#1978),
 .UNSPECIFIED.,.F.,.F.,(4,4),(1.20797475350591,1.30377142068483),
 .UNSPECIFIED.);
#188=B_SPLINE_CURVE_WITH_KNOTS('',3,(#1979,#1980,#1981,#1982,#1983,#1984,
#1985,#1986,#1987,#1988,#1989,#1990),.UNSPECIFIED.,.T.,.F.,(4,1,1,1,1,1,
1,1,1,4),(-3.14159265358979,-2.24399475256414,-1.34639685153848,-0.448798950512828,
0.448798950512828,1.12199737628207,1.79519580205131,2.24399475256414,2.46839422782055,
3.14159265358979),.UNSPECIFIED.);
#189=B_SPLINE_CURVE_WITH_KNOTS('',3,(#2040,#2041,#2042,#2043),
 .UNSPECIFIED.,.F.,.F.,(4,4),(1.11039137926564,1.20797475350591),
 .UNSPECIFIED.);
#190=B_SPLINE_CURVE_WITH_KNOTS('',3,(#2044,#2045,#2046,#2047,#2048,#2049,
#2050,#2051,#2052,#2053,#2054,#2055),.UNSPECIFIED.,.T.,.F.,(4,1,1,1,1,1,
1,1,1,4),(-3.14159265358979,-2.24399475256414,-1.34639685153848,-0.448798950512828,
0.448798950512828,1.12199737628207,1.79519580205131,2.24399475256414,2.46839422782055,
3.14159265358979),.UNSPECIFIED.);
#191=B_SPLINE_CURVE_WITH_KNOTS('',3,(#2105,#2106,#2107,#2108),
 .UNSPECIFIED.,.F.,.F.,(4,4),(1.01104888605343,1.11039137926564),
 .UNSPECIFIED.);
#192=B_SPLINE_CURVE_WITH_KNOTS('',3,(#2109,#2110,#2111,#2112,#2113,#2114,
#2115,#2116,#2117,#2118,#2119,#2120),.UNSPECIFIED.,.T.,.F.,(4,1,1,1,1,1,
1,1,1,4),(-3.14159265358979,-2.24399475256414,-1.34639685153848,-0.448798950512828,
0.448798950512828,1.12199737628207,1.79519580205131,2.24399475256414,2.46839422782055,
3.14159265358979),.UNSPECIFIED.);
#193=B_SPLINE_CURVE_WITH_KNOTS('',3,(#2194,#2195,#2196,#2197,#2198,#2199,
#2200,#2201,#2202,#2203,#2204,#2205),.UNSPECIFIED.,.T.,.F.,(4,1,1,1,1,1,
1,1,1,4),(-3.14159265358979,-2.69279370307697,-2.01959527730772,-1.34639685153848,
-0.448798950512828,0.448798950512828,1.34639685153848,2.24399475256414,
2.46839422782055,3.14159265358979),.UNSPECIFIED.);
#194=B_SPLINE_CURVE_WITH_KNOTS('',3,(#2207,#2208,#2209,#2210,#2211,#2212),
 .UNSPECIFIED.,.F.,.F.,(4,2,4),(0.849604183818798,0.85447319805301,0.854953564811559),
 .UNSPECIFIED.);
#195=B_SPLINE_CURVE_WITH_KNOTS('',3,(#2263,#2264,#2265,#2266),
 .UNSPECIFIED.,.F.,.F.,(4,4),(0.824041200834551,0.849604183818798),
 .UNSPECIFIED.);
#196=B_SPLINE_CURVE_WITH_KNOTS('',3,(#2267,#2268,#2269,#2270,#2271,#2272,
#2273,#2274,#2275,#2276,#2277,#2278),.UNSPECIFIED.,.T.,.F.,(4,1,1,1,1,1,
1,1,1,4),(-3.14159265358979,-2.24399475256414,-1.34639685153848,-0.448798950512828,
0.448798950512828,1.12199737628207,1.5707963267949,2.24399475256414,2.46839422782055,
3.14159265358979),.UNSPECIFIED.);
#197=B_SPLINE_CURVE_WITH_KNOTS('',3,(#2328,#2329,#2330,#2331),
 .UNSPECIFIED.,.F.,.F.,(4,4),(0.805936259367295,0.824041200834551),
 .UNSPECIFIED.);
#198=B_SPLINE_CURVE_WITH_KNOTS('',3,(#2332,#2333,#2334,#2335,#2336,#2337,
#2338,#2339,#2340,#2341,#2342,#2343),.UNSPECIFIED.,.T.,.F.,(4,1,1,1,1,1,
1,1,1,4),(-3.14159265358979,-2.24399475256414,-1.34639685153848,-0.448798950512828,
0.448798950512828,1.12199737628207,1.5707963267949,2.24399475256414,2.46839422782055,
3.14159265358979),.UNSPECIFIED.);
#199=B_SPLINE_CURVE_WITH_KNOTS('',3,(#2405,#2406,#2407,#2408,#2409),
 .UNSPECIFIED.,.F.,.F.,(4,1,4),(0.790230589017954,0.799205257789006,0.805936259367295),
 .UNSPECIFIED.);
#200=B_SPLINE_CURVE_WITH_KNOTS('',3,(#2410,#2411,#2412,#2413,#2414,#2415,
#2416,#2417,#2418,#2419,#2420,#2421),.UNSPECIFIED.,.T.,.F.,(4,1,1,1,1,1,
1,1,1,4),(-3.14159265358979,-2.24399475256414,-1.34639685153848,-0.448798950512828,
0.448798950512828,1.12199737628207,1.5707963267949,2.24399475256414,2.46839422782055,
3.14159265358979),.UNSPECIFIED.);
#201=B_SPLINE_CURVE_WITH_KNOTS('',3,(#2471,#2472,#2473,#2474),
 .UNSPECIFIED.,.F.,.F.,(4,4),(0.77308752262223,0.790230589017954),
 .UNSPECIFIED.);
#202=B_SPLINE_CURVE_WITH_KNOTS('',3,(#2475,#2476,#2477,#2478,#2479,#2480,
#2481,#2482,#2483,#2484,#2485,#2486),.UNSPECIFIED.,.T.,.F.,(4,1,1,1,1,1,
1,1,1,4),(-3.14159265358979,-2.24399475256414,-1.34639685153848,-0.448798950512828,
0.448798950512828,1.12199737628207,1.5707963267949,2.24399475256414,2.46839422782055,
3.14159265358979),.UNSPECIFIED.);
#203=B_SPLINE_CURVE_WITH_KNOTS('',3,(#2536,#2537,#2538,#2539),
 .UNSPECIFIED.,.F.,.F.,(4,4),(0.752124124192372,0.77308752262223),
 .UNSPECIFIED.);
#204=B_SPLINE_CURVE_WITH_KNOTS('',3,(#2540,#2541,#2542,#2543,#2544,#2545,
#2546,#2547,#2548,#2549,#2550,#2551),.UNSPECIFIED.,.T.,.F.,(4,1,1,1,1,1,
1,1,1,4),(-3.14159265358979,-2.24399475256414,-1.34639685153848,-0.448798950512828,
0.448798950512828,1.12199737628207,1.5707963267949,2.24399475256414,2.46839422782055,
3.14159265358979),.UNSPECIFIED.);
#205=B_SPLINE_CURVE_WITH_KNOTS('',3,(#2601,#2602,#2603,#2604),
 .UNSPECIFIED.,.F.,.F.,(4,4),(0.727135909050092,0.752124124192372),
 .UNSPECIFIED.);
#206=B_SPLINE_CURVE_WITH_KNOTS('',3,(#2605,#2606,#2607,#2608,#2609,#2610,
#2611,#2612,#2613,#2614,#2615,#2616),.UNSPECIFIED.,.T.,.F.,(4,1,1,1,1,1,
1,1,1,4),(-3.14159265358979,-2.24399475256414,-1.34639685153848,-0.448798950512828,
0.448798950512828,1.12199737628207,1.5707963267949,2.24399475256414,2.46839422782055,
3.14159265358979),.UNSPECIFIED.);
#207=B_SPLINE_CURVE_WITH_KNOTS('',3,(#2666,#2667,#2668,#2669),
 .UNSPECIFIED.,.F.,.F.,(4,4),(0.699351887559178,0.727135909050092),
 .UNSPECIFIED.);
#208=B_SPLINE_CURVE_WITH_KNOTS('',3,(#2670,#2671,#2672,#2673,#2674,#2675,
#2676,#2677,#2678,#2679,#2680,#2681),.UNSPECIFIED.,.T.,.F.,(4,1,1,1,1,1,
1,1,1,4),(-3.14159265358979,-2.24399475256414,-1.34639685153848,-0.448798950512828,
0.448798950512828,1.12199737628207,1.5707963267949,2.24399475256414,2.46839422782055,
3.14159265358979),.UNSPECIFIED.);
#209=B_SPLINE_CURVE_WITH_KNOTS('',3,(#2731,#2732,#2733,#2734),
 .UNSPECIFIED.,.F.,.F.,(4,4),(0.66777741130213,0.699351887559178),
 .UNSPECIFIED.);
#210=B_SPLINE_CURVE_WITH_KNOTS('',3,(#2735,#2736,#2737,#2738,#2739,#2740,
#2741,#2742,#2743,#2744,#2745,#2746),.UNSPECIFIED.,.T.,.F.,(4,1,1,1,1,1,
1,1,1,4),(-3.14159265358979,-2.24399475256414,-1.34639685153848,-0.448798950512828,
0.448798950512828,1.12199737628207,1.5707963267949,2.24399475256414,2.46839422782055,
3.14159265358979),.UNSPECIFIED.);
#211=B_SPLINE_CURVE_WITH_KNOTS('',3,(#2796,#2797,#2798,#2799),
 .UNSPECIFIED.,.F.,.F.,(4,4),(0.631930814888987,0.66777741130213),
 .UNSPECIFIED.);
#212=B_SPLINE_CURVE_WITH_KNOTS('',3,(#2800,#2801,#2802,#2803,#2804,#2805,
#2806,#2807,#2808,#2809,#2810,#2811),.UNSPECIFIED.,.T.,.F.,(4,1,1,1,1,1,
1,1,1,4),(-3.14159265358979,-2.24399475256414,-1.34639685153848,-0.448798950512828,
0.448798950512828,1.12199737628207,1.5707963267949,2.24399475256414,2.46839422782055,
3.14159265358979),.UNSPECIFIED.);
#213=B_SPLINE_CURVE_WITH_KNOTS('',3,(#2861,#2862,#2863,#2864),
 .UNSPECIFIED.,.F.,.F.,(4,4),(0.592116732877285,0.631930814888987),
 .UNSPECIFIED.);
#214=B_SPLINE_CURVE_WITH_KNOTS('',3,(#2865,#2866,#2867,#2868,#2869,#2870,
#2871,#2872,#2873,#2874,#2875,#2876),.UNSPECIFIED.,.T.,.F.,(4,1,1,1,1,1,
1,1,1,4),(-3.14159265358979,-2.24399475256414,-1.34639685153848,-0.448798950512828,
0.448798950512828,1.12199737628207,1.5707963267949,2.24399475256414,2.46839422782055,
3.14159265358979),.UNSPECIFIED.);
#215=B_SPLINE_CURVE_WITH_KNOTS('',3,(#2926,#2927,#2928,#2929),
 .UNSPECIFIED.,.F.,.F.,(4,4),(0.548612272024316,0.592116732877285),
 .UNSPECIFIED.);
#216=B_SPLINE_CURVE_WITH_KNOTS('',3,(#2930,#2931,#2932,#2933,#2934,#2935,
#2936,#2937,#2938,#2939,#2940,#2941),.UNSPECIFIED.,.T.,.F.,(4,1,1,1,1,1,
1,1,1,4),(-3.14159265358979,-2.24399475256414,-1.34639685153848,-0.448798950512828,
0.448798950512828,1.12199737628207,1.5707963267949,2.24399475256414,2.46839422782055,
3.14159265358979),.UNSPECIFIED.);
#217=B_SPLINE_CURVE_WITH_KNOTS('',3,(#2991,#2992,#2993,#2994),
 .UNSPECIFIED.,.F.,.F.,(4,4),(0.50165673087779,0.548612272024316),
 .UNSPECIFIED.);
#218=B_SPLINE_CURVE_WITH_KNOTS('',3,(#2995,#2996,#2997,#2998,#2999,#3000,
#3001,#3002,#3003,#3004,#3005,#3006),.UNSPECIFIED.,.T.,.F.,(4,1,1,1,1,1,
1,1,1,4),(-3.14159265358979,-2.24399475256414,-1.34639685153848,-0.448798950512828,
0.448798950512828,1.12199737628207,1.5707963267949,2.24399475256414,2.46839422782055,
3.14159265358979),.UNSPECIFIED.);
#219=B_SPLINE_CURVE_WITH_KNOTS('',3,(#3056,#3057,#3058,#3059),
 .UNSPECIFIED.,.F.,.F.,(4,4),(0.451453806600379,0.50165673087779),
 .UNSPECIFIED.);
#220=B_SPLINE_CURVE_WITH_KNOTS('',3,(#3060,#3061,#3062,#3063,#3064,#3065,
#3066,#3067,#3068,#3069,#3070,#3071),.UNSPECIFIED.,.T.,.F.,(4,1,1,1,1,1,
1,1,1,4),(-3.14159265358979,-2.24399475256414,-1.34639685153848,-0.448798950512828,
0.448798950512828,1.12199737628207,1.5707963267949,2.24399475256414,2.46839422782055,
3.14159265358979),.UNSPECIFIED.);
#221=B_SPLINE_CURVE_WITH_KNOTS('',3,(#3121,#3122,#3123,#3124),
 .UNSPECIFIED.,.F.,.F.,(4,4),(0.398177010907967,0.451453806600379),
 .UNSPECIFIED.);
#222=B_SPLINE_CURVE_WITH_KNOTS('',3,(#3125,#3126,#3127,#3128,#3129,#3130,
#3131,#3132,#3133,#3134,#3135,#3136),.UNSPECIFIED.,.T.,.F.,(4,1,1,1,1,1,
1,1,1,4),(-3.14159265358979,-2.24399475256414,-1.34639685153848,-0.448798950512828,
0.448798950512828,1.12199737628207,1.5707963267949,2.24399475256414,2.46839422782055,
3.14159265358979),.UNSPECIFIED.);
#223=B_SPLINE_CURVE_WITH_KNOTS('',3,(#3186,#3187,#3188,#3189),
 .UNSPECIFIED.,.F.,.F.,(4,4),(0.34197515007299,0.398177010907967),
 .UNSPECIFIED.);
#224=B_SPLINE_CURVE_WITH_KNOTS('',3,(#3190,#3191,#3192,#3193,#3194,#3195,
#3196,#3197,#3198,#3199,#3200,#3201),.UNSPECIFIED.,.T.,.F.,(4,1,1,1,1,1,
1,1,1,4),(-3.14159265358979,-2.24399475256414,-1.34639685153848,-0.448798950512828,
0.448798950512828,1.12199737628207,1.5707963267949,2.24399475256414,2.46839422782055,
3.14159265358979),.UNSPECIFIED.);
#225=B_SPLINE_CURVE_WITH_KNOTS('',3,(#3251,#3252,#3253,#3254),
 .UNSPECIFIED.,.F.,.F.,(4,4),(0.282976996895778,0.34197515007299),
 .UNSPECIFIED.);
#226=B_SPLINE_CURVE_WITH_KNOTS('',3,(#3255,#3256,#3257,#3258,#3259,#3260,
#3261,#3262,#3263,#3264,#3265,#3266),.UNSPECIFIED.,.T.,.F.,(4,1,1,1,1,1,
1,1,1,4),(-3.14159265358979,-2.24399475256414,-1.34639685153848,-0.448798950512828,
0.448798950512828,1.12199737628207,1.5707963267949,2.24399475256414,2.46839422782055,
3.14159265358979),.UNSPECIFIED.);
#227=B_SPLINE_CURVE_WITH_KNOTS('',3,(#3316,#3317,#3318,#3319),
 .UNSPECIFIED.,.F.,.F.,(4,4),(0.22129504991565,0.282976996895778),
 .UNSPECIFIED.);
#228=B_SPLINE_CURVE_WITH_KNOTS('',3,(#3320,#3321,#3322,#3323,#3324,#3325,
#3326,#3327,#3328,#3329,#3330,#3331),.UNSPECIFIED.,.T.,.F.,(4,1,1,1,1,1,
1,1,1,4),(-3.14159265358979,-2.24399475256414,-1.34639685153848,-0.448798950512828,
0.448798950512828,1.12199737628207,1.5707963267949,2.24399475256414,2.46839422782055,
3.14159265358979),.UNSPECIFIED.);
#229=B_SPLINE_CURVE_WITH_KNOTS('',3,(#3381,#3382,#3383,#3384),
 .UNSPECIFIED.,.F.,.F.,(4,4),(0.157028499132591,0.22129504991565),
 .UNSPECIFIED.);
#230=B_SPLINE_CURVE_WITH_KNOTS('',3,(#3385,#3386,#3387,#3388,#3389,#3390,
#3391,#3392,#3393,#3394,#3395,#3396),.UNSPECIFIED.,.T.,.F.,(4,1,1,1,1,1,
1,1,1,4),(-3.14159265358979,-2.24399475256414,-1.34639685153848,-0.448798950512828,
0.448798950512828,1.12199737628207,1.79519580205131,2.24399475256414,2.46839422782055,
3.14159265358979),.UNSPECIFIED.);
#231=B_SPLINE_CURVE_WITH_KNOTS('',3,(#3446,#3447,#3448,#3449),
 .UNSPECIFIED.,.F.,.F.,(4,4),(0.0902655571521823,0.157028499132591),
 .UNSPECIFIED.);
#232=B_SPLINE_CURVE_WITH_KNOTS('',3,(#3450,#3451,#3452,#3453,#3454,#3455,
#3456,#3457,#3458,#3459,#3460,#3461),.UNSPECIFIED.,.T.,.F.,(4,1,1,1,1,1,
1,1,1,4),(-3.14159265358979,-2.24399475256414,-1.34639685153848,-0.448798950512828,
0.448798950512828,1.12199737628207,1.79519580205131,2.24399475256414,2.46839422782055,
3.14159265358979),.UNSPECIFIED.);
#233=B_SPLINE_CURVE_WITH_KNOTS('',3,(#3511,#3512,#3513,#3514),
 .UNSPECIFIED.,.F.,.F.,(4,4),(0.0210852908505161,0.0902655571521823),
 .UNSPECIFIED.);
#234=B_SPLINE_CURVE_WITH_KNOTS('',3,(#3515,#3516,#3517,#3518,#3519,#3520,
#3521,#3522,#3523,#3524,#3525,#3526),.UNSPECIFIED.,.T.,.F.,(4,1,1,1,1,1,
1,1,1,4),(-3.14159265358979,-2.24399475256414,-1.34639685153848,-0.448798950512828,
0.448798950512828,1.12199737628207,1.79519580205131,2.24399475256414,2.46839422782055,
3.14159265358979),.UNSPECIFIED.);
#235=B_SPLINE_CURVE_WITH_KNOTS('',3,(#3575,#3576,#3577,#3578),
 .UNSPECIFIED.,.F.,.F.,(4,4),(-0.000480366758549344,0.0210852908505161),
 .UNSPECIFIED.);
#236=B_SPLINE_CURVE_WITH_KNOTS('',3,(#3651,#3652,#3653,#3654,#3655,#3656),
 .UNSPECIFIED.,.F.,.F.,(4,2,4),(0.854953564811559,0.909973619807305,1.01104888605343),
 .UNSPECIFIED.);
#237=B_SPLINE_CURVE_WITH_KNOTS('',3,(#3970,#3971,#3972,#3973,#3974,#3975,
#3976,#3977,#3978,#3979,#3980,#3981,#3982,#3983,#3984,#3985,#3986,#3987,
#3988,#3989,#3990,#3991,#3992,#3993,#3994,#3995),.UNSPECIFIED.,.F.,.F.,
(4,2,2,2,2,2,2,2,2,2,2,2,4),(2.27998668504906,2.3696418176276,2.49557612762493,
2.62008853562589,2.74316386809602,2.86478652995357,2.98494048218698,3.10360921749473,
3.22077573371393,3.33642250477038,3.45053144884326,3.5630838933914,3.67406053663286),
 .UNSPECIFIED.);
#238=B_SPLINE_CURVE_WITH_KNOTS('',3,(#4431,#4432,#4433,#4434,#4435,#4436,
#4437,#4438,#4439,#4440,#4441,#4442,#4443,#4444,#4445,#4446,#4447,#4448,
#4449,#4450,#4451,#4452,#4453,#4454,#4455,#4456,#4457,#4458,#4459,#4460,
#4461,#4462,#4463,#4464,#4465,#4466),.UNSPECIFIED.,.F.,.F.,(4,2,2,2,2,2,
2,2,2,2,2,2,2,2,2,2,2,4),(4.14956130084513,4.27630356793153,4.42320404117051,
4.56888101218069,4.71332406206541,4.85652254908952,4.99846560174605,5.13914211135703,
5.27854072416,5.41664983282568,5.55345756734575,5.68895178522165,5.8231200608749,
5.9559496742268,6.08742759883336,6.21754048934032,6.34627466746086,6.38396097427919),
 .UNSPECIFIED.);
#239=B_SPLINE_CURVE_WITH_KNOTS('',3,(#4905,#4906,#4907,#4908,#4909,#4910,
#4911,#4912,#4913,#4914,#4915,#4916,#4917,#4918,#4919,#4920,#4921,#4922,
#4923,#4924,#4925,#4926,#4927,#4928,#4929,#4930,#4931,#4932,#4933,#4934,
#4935,#4936,#4937,#4938,#4939,#4940),.UNSPECIFIED.,.F.,.F.,(4,2,2,2,2,2,
2,2,2,2,2,2,2,2,2,2,2,4),(6.38396097427919,6.55025614651307,6.71547598048504,
6.87961308289966,7.04265991274461,7.20460877827611,7.36545183388732,7.52518107685185,
7.68378834393412,7.84126530785681,7.99760347361542,8.15279417462799,8.3068285687073,
8.45969763384124,8.61139216376537,8.76190276331013,8.91121984350273,8.93259134931552),
 .UNSPECIFIED.);
#240=B_SPLINE_CURVE_WITH_KNOTS('',3,(#6443,#6444,#6445,#6446,#6447,#6448,
#6449,#6450,#6451,#6452,#6453,#6454,#6455,#6456,#6457,#6458,#6459,#6460,
#6461,#6462,#6463,#6464,#6465,#6466,#6467,#6468,#6469,#6470,#6471,#6472,
#6473,#6474,#6475,#6476,#6477,#6478,#6479,#6480,#6481,#6482,#6483,#6484,
#6485,#6486,#6487,#6488,#6489,#6490,#6491,#6492,#6493,#6494,#6495,#6496,
#6497,#6498,#6499,#6500,#6501,#6502,#6503,#6504,#6505,#6506,#6507,#6508,
#6509,#6510,#6511,#6512,#6513,#6514,#6515,#6516,#6517,#6518,#6519,#6520,
#6521,#6522,#6523,#6524,#6525,#6526,#6527,#6528,#6529,#6530,#6531,#6532,
#6533,#6534,#6535,#6536,#6537,#6538,#6539,#6540,#6541,#6542,#6543,#6544,
#6545,#6546,#6547,#6548,#6549,#6550,#6551,#6552,#6553,#6554,#6555,#6556,
#6557,#6558,#6559),.UNSPECIFIED.,.F.,.F.,(4,1,1,1,1,1,1,1,1,1,1,1,1,1,1,
1,1,1,1,1,1,1,1,1,1,1,1,1,1,1,1,1,1,1,1,1,1,1,1,1,1,1,1,1,1,1,1,1,1,1,1,
1,1,1,1,1,1,1,1,1,1,1,1,1,1,1,1,1,1,1,1,1,1,1,1,1,1,1,1,1,1,1,1,1,1,1,1,
1,1,1,1,1,1,1,1,1,1,1,1,1,1,1,1,1,1,1,1,1,1,1,1,1,1,1,4),(0.,0.496040945303652,
0.992081890607303,1.48812283591095,1.98416378121461,2.48020472651826,2.97624567182191,
3.47228661712556,3.96832756242921,4.46436850773286,4.96040945303652,5.45645039834017,
5.95249134364382,6.44853228894747,6.94457323425112,7.44061417955477,7.93665512485842,
8.43269607016208,8.92873701546573,9.42477796076938,9.92081890607303,10.4168598513767,
10.9129007966803,11.408941741984,11.9049826872876,12.4010236325913,12.8970645778949,
13.3931055231986,13.8891464685022,14.3851874138059,14.8812283591095,15.3772693044132,
15.8733102497168,16.3693511950205,16.8653921403242,17.3614330856278,17.8574740309315,
18.3535149762351,18.8495559215388,19.3455968668424,19.8416378121461,20.3376787574497,
20.8337197027534,21.329760648057,21.8258015933607,22.3218425386643,22.817883483968,
23.3139244292716,23.8099653745753,24.3060063198789,24.8020472651826,25.2980882104862,
25.7941291557899,26.2901701010935,26.7862110463972,27.2822519917008,27.7782929370045,
28.2743338823081,28.7703748276118,29.2664157729154,29.7624567182191,30.2584976635227,
30.7545386088264,31.25057955413,31.7466204994337,32.2426614447374,32.738702390041,
33.2347433353447,33.7307842806483,34.226825225952,34.7228661712556,35.2189071165593,
35.7149480618629,36.2109890071666,36.7070299524702,37.2030708977739,37.6991118430775,
38.1951527883812,38.6911937336848,39.1872346789885,39.6832756242921,40.1793165695958,
40.6753575148994,41.1713984602031,41.6674394055067,42.1634803508104,42.659521296114,
43.1555622414177,43.6516031867213,44.147644132025,44.6436850773286,45.1397260226323,
45.6357669679359,46.1318079132396,46.6278488585432,47.1238898038469,47.6199307491505,
48.1159716944542,48.6120126397579,49.1080535850615,49.6040945303652,50.1001354756688,
50.5961764209725,51.0922173662761,51.5882583115798,52.0842992568834,52.5803402021871,
53.0763811474907,53.5724220927944,54.068463038098,54.5645039834017,55.0605449287053,
55.556585874009,56.0526268193126,56.5486677646163),.UNSPECIFIED.);
#241=VERTEX_POINT('',#865);
#242=VERTEX_POINT('',#878);
#243=VERTEX_POINT('',#932);
#244=VERTEX_POINT('',#997);
#245=VERTEX_POINT('',#1062);
#246=VERTEX_POINT('',#1127);
#247=VERTEX_POINT('',#1192);
#248=VERTEX_POINT('',#1205);
#249=VERTEX_POINT('',#1259);
#250=VERTEX_POINT('',#1324);
#251=VERTEX_POINT('',#1389);
#252=VERTEX_POINT('',#1454);
#253=VERTEX_POINT('',#1519);
#254=VERTEX_POINT('',#1584);
#255=VERTEX_POINT('',#1649);
#256=VERTEX_POINT('',#1714);
#257=VERTEX_POINT('',#1779);
#258=VERTEX_POINT('',#1844);
#259=VERTEX_POINT('',#1909);
#260=VERTEX_POINT('',#1974);
#261=VERTEX_POINT('',#2039);
#262=VERTEX_POINT('',#2104);
#263=VERTEX_POINT('',#2193);
#264=VERTEX_POINT('',#2206);
#265=VERTEX_POINT('',#2262);
#266=VERTEX_POINT('',#2327);
#267=VERTEX_POINT('',#2404);
#268=VERTEX_POINT('',#2470);
#269=VERTEX_POINT('',#2535);
#270=VERTEX_POINT('',#2600);
#271=VERTEX_POINT('',#2665);
#272=VERTEX_POINT('',#2730);
#273=VERTEX_POINT('',#2795);
#274=VERTEX_POINT('',#2860);
#275=VERTEX_POINT('',#2925);
#276=VERTEX_POINT('',#2990);
#277=VERTEX_POINT('',#3055);
#278=VERTEX_POINT('',#3120);
#279=VERTEX_POINT('',#3185);
#280=VERTEX_POINT('',#3250);
#281=VERTEX_POINT('',#3315);
#282=VERTEX_POINT('',#3380);
#283=VERTEX_POINT('',#3445);
#284=VERTEX_POINT('',#3510);
#285=VERTEX_POINT('',#3969);
#286=VERTEX_POINT('',#4429);
#287=VERTEX_POINT('',#4899);
#288=VERTEX_POINT('',#4900);
#289=VERTEX_POINT('',#4902);
#290=VERTEX_POINT('',#4943);
#291=VERTEX_POINT('',#4945);
#292=VERTEX_POINT('',#4947);
#293=VERTEX_POINT('',#4977);
#294=VERTEX_POINT('',#4982);
#295=VERTEX_POINT('',#4984);
#296=VERTEX_POINT('',#5034);
#297=VERTEX_POINT('',#5036);
#298=EDGE_CURVE('',#241,#241,#153,.T.);
#299=EDGE_CURVE('',#241,#242,#154,.T.);
#300=EDGE_CURVE('',#242,#242,#134,.T.);
#301=EDGE_CURVE('',#243,#241,#155,.T.);
#302=EDGE_CURVE('',#243,#243,#156,.T.);
#303=EDGE_CURVE('',#244,#243,#157,.T.);
#304=EDGE_CURVE('',#244,#244,#158,.T.);
#305=EDGE_CURVE('',#245,#244,#159,.T.);
#306=EDGE_CURVE('',#245,#245,#160,.T.);
#307=EDGE_CURVE('',#246,#245,#161,.T.);
#308=EDGE_CURVE('',#246,#246,#162,.T.);
#309=EDGE_CURVE('',#247,#247,#163,.T.);
#310=EDGE_CURVE('',#247,#248,#164,.T.);
#311=EDGE_CURVE('',#248,#248,#135,.T.);
#312=EDGE_CURVE('',#249,#247,#165,.T.);
#313=EDGE_CURVE('',#249,#249,#166,.T.);
#314=EDGE_CURVE('',#250,#249,#167,.T.);
#315=EDGE_CURVE('',#250,#250,#168,.T.);
#316=EDGE_CURVE('',#251,#250,#169,.T.);
#317=EDGE_CURVE('',#251,#251,#170,.T.);
#318=EDGE_CURVE('',#252,#251,#171,.T.);
#319=EDGE_CURVE('',#252,#252,#172,.T.);
#320=EDGE_CURVE('',#253,#252,#173,.T.);
#321=EDGE_CURVE('',#253,#253,#174,.T.);
#322=EDGE_CURVE('',#254,#253,#175,.T.);
#323=EDGE_CURVE('',#254,#254,#176,.T.);
#324=EDGE_CURVE('',#255,#254,#177,.T.);
#325=EDGE_CURVE('',#255,#255,#178,.T.);
#326=EDGE_CURVE('',#256,#255,#179,.T.);
#327=EDGE_CURVE('',#256,#256,#180,.T.);
#328=EDGE_CURVE('',#257,#256,#181,.T.);
#329=EDGE_CURVE('',#257,#257,#182,.T.);
#330=EDGE_CURVE('',#258,#257,#183,.T.);
#331=EDGE_CURVE('',#258,#258,#184,.T.);
#332=EDGE_CURVE('',#259,#258,#185,.T.);
#333=EDGE_CURVE('',#259,#259,#186,.T.);
#334=EDGE_CURVE('',#260,#259,#187,.T.);
#335=EDGE_CURVE('',#260,#260,#188,.T.);
#336=EDGE_CURVE('',#261,#260,#189,.T.);
#337=EDGE_CURVE('',#261,#261,#190,.T.);
#338=EDGE_CURVE('',#262,#261,#191,.T.);
#339=EDGE_CURVE('',#262,#262,#192,.T.);
#340=EDGE_CURVE('',#263,#263,#193,.T.);
#341=EDGE_CURVE('',#263,#264,#194,.T.);
#342=EDGE_CURVE('',#264,#264,#136,.T.);
#343=EDGE_CURVE('',#265,#263,#195,.T.);
#344=EDGE_CURVE('',#265,#265,#196,.T.);
#345=EDGE_CURVE('',#266,#265,#197,.T.);
#346=EDGE_CURVE('',#266,#266,#198,.T.);
#347=EDGE_CURVE('',#267,#266,#199,.T.);
#348=EDGE_CURVE('',#267,#267,#200,.T.);
#349=EDGE_CURVE('',#268,#267,#201,.T.);
#350=EDGE_CURVE('',#268,#268,#202,.T.);
#351=EDGE_CURVE('',#269,#268,#203,.T.);
#352=EDGE_CURVE('',#269,#269,#204,.T.);
#353=EDGE_CURVE('',#270,#269,#205,.T.);
#354=EDGE_CURVE('',#270,#270,#206,.T.);
#355=EDGE_CURVE('',#271,#270,#207,.T.);
#356=EDGE_CURVE('',#271,#271,#208,.T.);
#357=EDGE_CURVE('',#272,#271,#209,.T.);
#358=EDGE_CURVE('',#272,#272,#210,.T.);
#359=EDGE_CURVE('',#273,#272,#211,.T.);
#360=EDGE_CURVE('',#273,#273,#212,.T.);
#361=EDGE_CURVE('',#274,#273,#213,.T.);
#362=EDGE_CURVE('',#274,#274,#214,.T.);
#363=EDGE_CURVE('',#275,#274,#215,.T.);
#364=EDGE_CURVE('',#275,#275,#216,.T.);
#365=EDGE_CURVE('',#276,#275,#217,.T.);
#366=EDGE_CURVE('',#276,#276,#218,.T.);
#367=EDGE_CURVE('',#277,#276,#219,.T.);
#368=EDGE_CURVE('',#277,#277,#220,.T.);
#369=EDGE_CURVE('',#278,#277,#221,.T.);
#370=EDGE_CURVE('',#278,#278,#222,.T.);
#371=EDGE_CURVE('',#279,#278,#223,.T.);
#372=EDGE_CURVE('',#279,#279,#224,.T.);
#373=EDGE_CURVE('',#280,#279,#225,.T.);
#374=EDGE_CURVE('',#280,#280,#226,.T.);
#375=EDGE_CURVE('',#281,#280,#227,.T.);
#376=EDGE_CURVE('',#281,#281,#228,.T.);
#377=EDGE_CURVE('',#282,#281,#229,.T.);
#378=EDGE_CURVE('',#282,#282,#230,.T.);
#379=EDGE_CURVE('',#283,#282,#231,.T.);
#380=EDGE_CURVE('',#283,#283,#232,.T.);
#381=EDGE_CURVE('',#284,#283,#233,.T.);
#382=EDGE_CURVE('',#284,#284,#234,.T.);
#383=EDGE_CURVE('',#248,#284,#235,.T.);
#384=EDGE_CURVE('',#242,#262,#236,.T.);
#385=EDGE_CURVE('',#285,#246,#237,.T.);
#386=EDGE_CURVE('',#285,#285,#137,.T.);
#387=EDGE_CURVE('',#286,#286,#138,.T.);
#388=EDGE_CURVE('',#286,#285,#238,.T.);
#389=EDGE_CURVE('',#287,#288,#139,.T.);
#390=EDGE_CURVE('',#288,#289,#140,.T.);
#391=EDGE_CURVE('',#289,#287,#141,.T.);
#392=EDGE_CURVE('',#287,#286,#239,.T.);
#393=EDGE_CURVE('',#290,#290,#142,.T.);
#394=EDGE_CURVE('',#290,#291,#18,.T.);
#395=EDGE_CURVE('',#291,#292,#143,.T.);
#396=EDGE_CURVE('',#292,#291,#144,.T.);
#397=EDGE_CURVE('',#292,#293,#145,.T.);
#398=EDGE_CURVE('',#293,#292,#146,.T.);
#399=EDGE_CURVE('',#293,#294,#19,.T.);
#400=EDGE_CURVE('',#294,#295,#147,.T.);
#401=EDGE_CURVE('',#295,#294,#148,.T.);
#402=EDGE_CURVE('',#295,#295,#149,.T.);
#403=EDGE_CURVE('',#295,#296,#150,.T.);
#404=EDGE_CURVE('',#297,#296,#151,.T.);
#405=EDGE_CURVE('',#296,#297,#152,.T.);
#406=EDGE_CURVE('',#297,#287,#240,.T.);
#407=ORIENTED_EDGE('',*,*,#298,.F.);
#408=ORIENTED_EDGE('',*,*,#299,.T.);
#409=ORIENTED_EDGE('',*,*,#300,.F.);
#410=ORIENTED_EDGE('',*,*,#299,.F.);
#411=ORIENTED_EDGE('',*,*,#298,.T.);
#412=ORIENTED_EDGE('',*,*,#301,.F.);
#413=ORIENTED_EDGE('',*,*,#302,.F.);
#414=ORIENTED_EDGE('',*,*,#301,.T.);
#415=ORIENTED_EDGE('',*,*,#302,.T.);
#416=ORIENTED_EDGE('',*,*,#303,.F.);
#417=ORIENTED_EDGE('',*,*,#304,.F.);
#418=ORIENTED_EDGE('',*,*,#303,.T.);
#419=ORIENTED_EDGE('',*,*,#304,.T.);
#420=ORIENTED_EDGE('',*,*,#305,.F.);
#421=ORIENTED_EDGE('',*,*,#306,.F.);
#422=ORIENTED_EDGE('',*,*,#305,.T.);
#423=ORIENTED_EDGE('',*,*,#306,.T.);
#424=ORIENTED_EDGE('',*,*,#307,.F.);
#425=ORIENTED_EDGE('',*,*,#308,.F.);
#426=ORIENTED_EDGE('',*,*,#307,.T.);
#427=ORIENTED_EDGE('',*,*,#309,.F.);
#428=ORIENTED_EDGE('',*,*,#310,.T.);
#429=ORIENTED_EDGE('',*,*,#311,.F.);
#430=ORIENTED_EDGE('',*,*,#310,.F.);
#431=ORIENTED_EDGE('',*,*,#309,.T.);
#432=ORIENTED_EDGE('',*,*,#312,.F.);
#433=ORIENTED_EDGE('',*,*,#313,.F.);
#434=ORIENTED_EDGE('',*,*,#312,.T.);
#435=ORIENTED_EDGE('',*,*,#313,.T.);
#436=ORIENTED_EDGE('',*,*,#314,.F.);
#437=ORIENTED_EDGE('',*,*,#315,.F.);
#438=ORIENTED_EDGE('',*,*,#314,.T.);
#439=ORIENTED_EDGE('',*,*,#315,.T.);
#440=ORIENTED_EDGE('',*,*,#316,.F.);
#441=ORIENTED_EDGE('',*,*,#317,.F.);
#442=ORIENTED_EDGE('',*,*,#316,.T.);
#443=ORIENTED_EDGE('',*,*,#317,.T.);
#444=ORIENTED_EDGE('',*,*,#318,.F.);
#445=ORIENTED_EDGE('',*,*,#319,.F.);
#446=ORIENTED_EDGE('',*,*,#318,.T.);
#447=ORIENTED_EDGE('',*,*,#319,.T.);
#448=ORIENTED_EDGE('',*,*,#320,.F.);
#449=ORIENTED_EDGE('',*,*,#321,.F.);
#450=ORIENTED_EDGE('',*,*,#320,.T.);
#451=ORIENTED_EDGE('',*,*,#321,.T.);
#452=ORIENTED_EDGE('',*,*,#322,.F.);
#453=ORIENTED_EDGE('',*,*,#323,.F.);
#454=ORIENTED_EDGE('',*,*,#322,.T.);
#455=ORIENTED_EDGE('',*,*,#323,.T.);
#456=ORIENTED_EDGE('',*,*,#324,.F.);
#457=ORIENTED_EDGE('',*,*,#325,.F.);
#458=ORIENTED_EDGE('',*,*,#324,.T.);
#459=ORIENTED_EDGE('',*,*,#325,.T.);
#460=ORIENTED_EDGE('',*,*,#326,.F.);
#461=ORIENTED_EDGE('',*,*,#327,.F.);
#462=ORIENTED_EDGE('',*,*,#326,.T.);
#463=ORIENTED_EDGE('',*,*,#327,.T.);
#464=ORIENTED_EDGE('',*,*,#328,.F.);
#465=ORIENTED_EDGE('',*,*,#329,.F.);
#466=ORIENTED_EDGE('',*,*,#328,.T.);
#467=ORIENTED_EDGE('',*,*,#329,.T.);
#468=ORIENTED_EDGE('',*,*,#330,.F.);
#469=ORIENTED_EDGE('',*,*,#331,.F.);
#470=ORIENTED_EDGE('',*,*,#330,.T.);
#471=ORIENTED_EDGE('',*,*,#331,.T.);
#472=ORIENTED_EDGE('',*,*,#332,.F.);
#473=ORIENTED_EDGE('',*,*,#333,.F.);
#474=ORIENTED_EDGE('',*,*,#332,.T.);
#475=ORIENTED_EDGE('',*,*,#333,.T.);
#476=ORIENTED_EDGE('',*,*,#334,.F.);
#477=ORIENTED_EDGE('',*,*,#335,.F.);
#478=ORIENTED_EDGE('',*,*,#334,.T.);
#479=ORIENTED_EDGE('',*,*,#335,.T.);
#480=ORIENTED_EDGE('',*,*,#336,.F.);
#481=ORIENTED_EDGE('',*,*,#337,.F.);
#482=ORIENTED_EDGE('',*,*,#336,.T.);
#483=ORIENTED_EDGE('',*,*,#337,.T.);
#484=ORIENTED_EDGE('',*,*,#338,.F.);
#485=ORIENTED_EDGE('',*,*,#339,.F.);
#486=ORIENTED_EDGE('',*,*,#338,.T.);
#487=ORIENTED_EDGE('',*,*,#340,.F.);
#488=ORIENTED_EDGE('',*,*,#341,.T.);
#489=ORIENTED_EDGE('',*,*,#342,.F.);
#490=ORIENTED_EDGE('',*,*,#341,.F.);
#491=ORIENTED_EDGE('',*,*,#340,.T.);
#492=ORIENTED_EDGE('',*,*,#343,.F.);
#493=ORIENTED_EDGE('',*,*,#344,.F.);
#494=ORIENTED_EDGE('',*,*,#343,.T.);
#495=ORIENTED_EDGE('',*,*,#344,.T.);
#496=ORIENTED_EDGE('',*,*,#345,.F.);
#497=ORIENTED_EDGE('',*,*,#346,.F.);
#498=ORIENTED_EDGE('',*,*,#345,.T.);
#499=ORIENTED_EDGE('',*,*,#346,.T.);
#500=ORIENTED_EDGE('',*,*,#347,.F.);
#501=ORIENTED_EDGE('',*,*,#348,.F.);
#502=ORIENTED_EDGE('',*,*,#347,.T.);
#503=ORIENTED_EDGE('',*,*,#348,.T.);
#504=ORIENTED_EDGE('',*,*,#349,.F.);
#505=ORIENTED_EDGE('',*,*,#350,.F.);
#506=ORIENTED_EDGE('',*,*,#349,.T.);
#507=ORIENTED_EDGE('',*,*,#350,.T.);
#508=ORIENTED_EDGE('',*,*,#351,.F.);
#509=ORIENTED_EDGE('',*,*,#352,.F.);
#510=ORIENTED_EDGE('',*,*,#351,.T.);
#511=ORIENTED_EDGE('',*,*,#352,.T.);
#512=ORIENTED_EDGE('',*,*,#353,.F.);
#513=ORIENTED_EDGE('',*,*,#354,.F.);
#514=ORIENTED_EDGE('',*,*,#353,.T.);
#515=ORIENTED_EDGE('',*,*,#354,.T.);
#516=ORIENTED_EDGE('',*,*,#355,.F.);
#517=ORIENTED_EDGE('',*,*,#356,.F.);
#518=ORIENTED_EDGE('',*,*,#355,.T.);
#519=ORIENTED_EDGE('',*,*,#356,.T.);
#520=ORIENTED_EDGE('',*,*,#357,.F.);
#521=ORIENTED_EDGE('',*,*,#358,.F.);
#522=ORIENTED_EDGE('',*,*,#357,.T.);
#523=ORIENTED_EDGE('',*,*,#358,.T.);
#524=ORIENTED_EDGE('',*,*,#359,.F.);
#525=ORIENTED_EDGE('',*,*,#360,.F.);
#526=ORIENTED_EDGE('',*,*,#359,.T.);
#527=ORIENTED_EDGE('',*,*,#360,.T.);
#528=ORIENTED_EDGE('',*,*,#361,.F.);
#529=ORIENTED_EDGE('',*,*,#362,.F.);
#530=ORIENTED_EDGE('',*,*,#361,.T.);
#531=ORIENTED_EDGE('',*,*,#362,.T.);
#532=ORIENTED_EDGE('',*,*,#363,.F.);
#533=ORIENTED_EDGE('',*,*,#364,.F.);
#534=ORIENTED_EDGE('',*,*,#363,.T.);
#535=ORIENTED_EDGE('',*,*,#364,.T.);
#536=ORIENTED_EDGE('',*,*,#365,.F.);
#537=ORIENTED_EDGE('',*,*,#366,.F.);
#538=ORIENTED_EDGE('',*,*,#365,.T.);
#539=ORIENTED_EDGE('',*,*,#366,.T.);
#540=ORIENTED_EDGE('',*,*,#367,.F.);
#541=ORIENTED_EDGE('',*,*,#368,.F.);
#542=ORIENTED_EDGE('',*,*,#367,.T.);
#543=ORIENTED_EDGE('',*,*,#368,.T.);
#544=ORIENTED_EDGE('',*,*,#369,.F.);
#545=ORIENTED_EDGE('',*,*,#370,.F.);
#546=ORIENTED_EDGE('',*,*,#369,.T.);
#547=ORIENTED_EDGE('',*,*,#370,.T.);
#548=ORIENTED_EDGE('',*,*,#371,.F.);
#549=ORIENTED_EDGE('',*,*,#372,.F.);
#550=ORIENTED_EDGE('',*,*,#371,.T.);
#551=ORIENTED_EDGE('',*,*,#372,.T.);
#552=ORIENTED_EDGE('',*,*,#373,.F.);
#553=ORIENTED_EDGE('',*,*,#374,.F.);
#554=ORIENTED_EDGE('',*,*,#373,.T.);
#555=ORIENTED_EDGE('',*,*,#374,.T.);
#556=ORIENTED_EDGE('',*,*,#375,.F.);
#557=ORIENTED_EDGE('',*,*,#376,.F.);
#558=ORIENTED_EDGE('',*,*,#375,.T.);
#559=ORIENTED_EDGE('',*,*,#376,.T.);
#560=ORIENTED_EDGE('',*,*,#377,.F.);
#561=ORIENTED_EDGE('',*,*,#378,.F.);
#562=ORIENTED_EDGE('',*,*,#377,.T.);
#563=ORIENTED_EDGE('',*,*,#378,.T.);
#564=ORIENTED_EDGE('',*,*,#379,.F.);
#565=ORIENTED_EDGE('',*,*,#380,.F.);
#566=ORIENTED_EDGE('',*,*,#379,.T.);
#567=ORIENTED_EDGE('',*,*,#380,.T.);
#568=ORIENTED_EDGE('',*,*,#381,.F.);
#569=ORIENTED_EDGE('',*,*,#382,.F.);
#570=ORIENTED_EDGE('',*,*,#381,.T.);
#571=ORIENTED_EDGE('',*,*,#382,.T.);
#572=ORIENTED_EDGE('',*,*,#383,.F.);
#573=ORIENTED_EDGE('',*,*,#311,.T.);
#574=ORIENTED_EDGE('',*,*,#383,.T.);
#575=ORIENTED_EDGE('',*,*,#339,.T.);
#576=ORIENTED_EDGE('',*,*,#384,.F.);
#577=ORIENTED_EDGE('',*,*,#300,.T.);
#578=ORIENTED_EDGE('',*,*,#384,.T.);
#579=ORIENTED_EDGE('',*,*,#308,.T.);
#580=ORIENTED_EDGE('',*,*,#385,.F.);
#581=ORIENTED_EDGE('',*,*,#386,.T.);
#582=ORIENTED_EDGE('',*,*,#385,.T.);
#583=ORIENTED_EDGE('',*,*,#387,.T.);
#584=ORIENTED_EDGE('',*,*,#388,.T.);
#585=ORIENTED_EDGE('',*,*,#386,.F.);
#586=ORIENTED_EDGE('',*,*,#388,.F.);
#587=ORIENTED_EDGE('',*,*,#389,.T.);
#588=ORIENTED_EDGE('',*,*,#390,.T.);
#589=ORIENTED_EDGE('',*,*,#391,.T.);
#590=ORIENTED_EDGE('',*,*,#392,.T.);
#591=ORIENTED_EDGE('',*,*,#387,.F.);
#592=ORIENTED_EDGE('',*,*,#392,.F.);
#593=ORIENTED_EDGE('',*,*,#342,.T.);
#594=ORIENTED_EDGE('',*,*,#393,.F.);
#595=ORIENTED_EDGE('',*,*,#394,.T.);
#596=ORIENTED_EDGE('',*,*,#395,.T.);
#597=ORIENTED_EDGE('',*,*,#396,.T.);
#598=ORIENTED_EDGE('',*,*,#394,.F.);
#599=ORIENTED_EDGE('',*,*,#397,.T.);
#600=ORIENTED_EDGE('',*,*,#398,.T.);
#601=ORIENTED_EDGE('',*,*,#395,.F.);
#602=ORIENTED_EDGE('',*,*,#396,.F.);
#603=ORIENTED_EDGE('',*,*,#393,.T.);
#604=ORIENTED_EDGE('',*,*,#397,.F.);
#605=ORIENTED_EDGE('',*,*,#398,.F.);
#606=ORIENTED_EDGE('',*,*,#399,.T.);
#607=ORIENTED_EDGE('',*,*,#400,.T.);
#608=ORIENTED_EDGE('',*,*,#401,.T.);
#609=ORIENTED_EDGE('',*,*,#399,.F.);
#610=ORIENTED_EDGE('',*,*,#402,.T.);
#611=ORIENTED_EDGE('',*,*,#400,.F.);
#612=ORIENTED_EDGE('',*,*,#401,.F.);
#613=ORIENTED_EDGE('',*,*,#402,.F.);
#614=ORIENTED_EDGE('',*,*,#403,.T.);
#615=ORIENTED_EDGE('',*,*,#404,.F.);
#616=ORIENTED_EDGE('',*,*,#405,.F.);
#617=ORIENTED_EDGE('',*,*,#403,.F.);
#618=ORIENTED_EDGE('',*,*,#404,.T.);
#619=ORIENTED_EDGE('',*,*,#405,.T.);
#620=ORIENTED_EDGE('',*,*,#406,.T.);
#621=ORIENTED_EDGE('',*,*,#391,.F.);
#622=ORIENTED_EDGE('',*,*,#390,.F.);
#623=ORIENTED_EDGE('',*,*,#389,.F.);
#624=ORIENTED_EDGE('',*,*,#406,.F.);
#625=B_SPLINE_SURFACE_WITH_KNOTS('',3,3,((#817,#818,#819,#820),(#821,#822,
#823,#824),(#825,#826,#827,#828),(#829,#830,#831,#832),(#833,#834,#835,
#836),(#837,#838,#839,#840),(#841,#842,#843,#844),(#845,#846,#847,#848),
(#849,#850,#851,#852),(#853,#854,#855,#856),(#857,#858,#859,#860),(#861,
#862,#863,#864)),.UNSPECIFIED.,.T.,.F.,.F.,(4,1,1,1,1,1,1,1,1,4),(4,4),
(-3.14159265358979,-2.46839422782055,-2.24399475256414,-1.79519580205131,
-1.12199737628207,-0.448798950512828,0.448798950512828,1.34639685153848,
2.24399475256414,3.14159265358979),(4.10179852198441,4.14956130084513),
 .UNSPECIFIED.);
#626=B_SPLINE_SURFACE_WITH_KNOTS('',3,3,((#884,#885,#886,#887),(#888,#889,
#890,#891),(#892,#893,#894,#895),(#896,#897,#898,#899),(#900,#901,#902,
#903),(#904,#905,#906,#907),(#908,#909,#910,#911),(#912,#913,#914,#915),
(#916,#917,#918,#919),(#920,#921,#922,#923),(#924,#925,#926,#927),(#928,
#929,#930,#931)),.UNSPECIFIED.,.T.,.F.,.F.,(4,1,1,1,1,1,1,1,1,4),(4,4),
(-3.14159265358979,-2.46839422782055,-2.24399475256414,-1.79519580205131,
-1.12199737628207,-0.448798950512828,0.448798950512828,1.34639685153848,
2.24399475256414,3.14159265358979),(3.99733227610645,4.10179852198441),
 .UNSPECIFIED.);
#627=B_SPLINE_SURFACE_WITH_KNOTS('',3,3,((#949,#950,#951,#952),(#953,#954,
#955,#956),(#957,#958,#959,#960),(#961,#962,#963,#964),(#965,#966,#967,
#968),(#969,#970,#971,#972),(#973,#974,#975,#976),(#977,#978,#979,#980),
(#981,#982,#983,#984),(#985,#986,#987,#988),(#989,#990,#991,#992),(#993,
#994,#995,#996)),.UNSPECIFIED.,.T.,.F.,.F.,(4,1,1,1,1,1,1,1,1,4),(4,4),
(-3.14159265358979,-2.46839422782055,-2.24399475256414,-1.79519580205131,
-1.12199737628207,-0.448798950512828,0.448798950512828,1.34639685153848,
2.24399475256414,3.14159265358979),(3.89120580605289,3.99733227610645),
 .UNSPECIFIED.);
#628=B_SPLINE_SURFACE_WITH_KNOTS('',3,3,((#1014,#1015,#1016,#1017),(#1018,
#1019,#1020,#1021),(#1022,#1023,#1024,#1025),(#1026,#1027,#1028,#1029),
(#1030,#1031,#1032,#1033),(#1034,#1035,#1036,#1037),(#1038,#1039,#1040,
#1041),(#1042,#1043,#1044,#1045),(#1046,#1047,#1048,#1049),(#1050,#1051,
#1052,#1053),(#1054,#1055,#1056,#1057),(#1058,#1059,#1060,#1061)),
 .UNSPECIFIED.,.T.,.F.,.F.,(4,1,1,1,1,1,1,1,1,4),(4,4),(-3.14159265358979,
-2.46839422782055,-2.24399475256414,-1.79519580205131,-1.12199737628207,
-0.448798950512828,0.448798950512828,1.34639685153848,2.24399475256414,
3.14159265358979),(3.78344140500482,3.89120580605289),.UNSPECIFIED.);
#629=B_SPLINE_SURFACE_WITH_KNOTS('',3,3,((#1079,#1080,#1081,#1082),(#1083,
#1084,#1085,#1086),(#1087,#1088,#1089,#1090),(#1091,#1092,#1093,#1094),
(#1095,#1096,#1097,#1098),(#1099,#1100,#1101,#1102),(#1103,#1104,#1105,
#1106),(#1107,#1108,#1109,#1110),(#1111,#1112,#1113,#1114),(#1115,#1116,
#1117,#1118),(#1119,#1120,#1121,#1122),(#1123,#1124,#1125,#1126)),
 .UNSPECIFIED.,.T.,.F.,.F.,(4,1,1,1,1,1,1,1,1,4),(4,4),(-3.14159265358979,
-2.46839422782055,-2.24399475256414,-1.79519580205131,-1.12199737628207,
-0.448798950512828,0.448798950512828,1.34639685153848,2.24399475256414,
3.14159265358979),(3.67406053663286,3.78344140500482),.UNSPECIFIED.);
#630=B_SPLINE_SURFACE_WITH_KNOTS('',3,3,((#1144,#1145,#1146,#1147),(#1148,
#1149,#1150,#1151),(#1152,#1153,#1154,#1155),(#1156,#1157,#1158,#1159),
(#1160,#1161,#1162,#1163),(#1164,#1165,#1166,#1167),(#1168,#1169,#1170,
#1171),(#1172,#1173,#1174,#1175),(#1176,#1177,#1178,#1179),(#1180,#1181,
#1182,#1183),(#1184,#1185,#1186,#1187),(#1188,#1189,#1190,#1191)),
 .UNSPECIFIED.,.T.,.F.,.F.,(4,1,1,1,1,1,1,1,1,4),(4,4),(-3.14159265358979,
-2.46839422782055,-2.24399475256414,-1.5707963267949,-1.12199737628207,
-0.448798950512828,0.448798950512828,1.34639685153848,2.24399475256414,
3.14159265358979),(2.23002612439748,2.27998668504906),.UNSPECIFIED.);
#631=B_SPLINE_SURFACE_WITH_KNOTS('',3,3,((#1211,#1212,#1213,#1214),(#1215,
#1216,#1217,#1218),(#1219,#1220,#1221,#1222),(#1223,#1224,#1225,#1226),
(#1227,#1228,#1229,#1230),(#1231,#1232,#1233,#1234),(#1235,#1236,#1237,
#1238),(#1239,#1240,#1241,#1242),(#1243,#1244,#1245,#1246),(#1247,#1248,
#1249,#1250),(#1251,#1252,#1253,#1254),(#1255,#1256,#1257,#1258)),
 .UNSPECIFIED.,.T.,.F.,.F.,(4,1,1,1,1,1,1,1,1,4),(4,4),(-3.14159265358979,
-2.46839422782055,-2.24399475256414,-1.79519580205131,-1.12199737628207,
-0.448798950512828,0.448798950512828,1.34639685153848,2.24399475256414,
3.14159265358979),(2.15621880805459,2.23002612439748),.UNSPECIFIED.);
#632=B_SPLINE_SURFACE_WITH_KNOTS('',3,3,((#1276,#1277,#1278,#1279),(#1280,
#1281,#1282,#1283),(#1284,#1285,#1286,#1287),(#1288,#1289,#1290,#1291),
(#1292,#1293,#1294,#1295),(#1296,#1297,#1298,#1299),(#1300,#1301,#1302,
#1303),(#1304,#1305,#1306,#1307),(#1308,#1309,#1310,#1311),(#1312,#1313,
#1314,#1315),(#1316,#1317,#1318,#1319),(#1320,#1321,#1322,#1323)),
 .UNSPECIFIED.,.T.,.F.,.F.,(4,1,1,1,1,1,1,1,1,4),(4,4),(-3.14159265358979,
-2.46839422782055,-2.24399475256414,-1.79519580205131,-1.12199737628207,
-0.448798950512828,0.448798950512828,1.34639685153848,2.24399475256414,
3.14159265358979),(2.08018967903013,2.15621880805459),.UNSPECIFIED.);
#633=B_SPLINE_SURFACE_WITH_KNOTS('',3,3,((#1341,#1342,#1343,#1344),(#1345,
#1346,#1347,#1348),(#1349,#1350,#1351,#1352),(#1353,#1354,#1355,#1356),
(#1357,#1358,#1359,#1360),(#1361,#1362,#1363,#1364),(#1365,#1366,#1367,
#1368),(#1369,#1370,#1371,#1372),(#1373,#1374,#1375,#1376),(#1377,#1378,
#1379,#1380),(#1381,#1382,#1383,#1384),(#1385,#1386,#1387,#1388)),
 .UNSPECIFIED.,.T.,.F.,.F.,(4,1,1,1,1,1,1,1,1,4),(4,4),(-3.14159265358979,
-2.46839422782055,-2.24399475256414,-1.79519580205131,-1.12199737628207,
-0.448798950512828,0.448798950512828,1.34639685153848,2.24399475256414,
3.14159265358979),(2.00199322685442,2.08018967903013),.UNSPECIFIED.);
#634=B_SPLINE_SURFACE_WITH_KNOTS('',3,3,((#1406,#1407,#1408,#1409),(#1410,
#1411,#1412,#1413),(#1414,#1415,#1416,#1417),(#1418,#1419,#1420,#1421),
(#1422,#1423,#1424,#1425),(#1426,#1427,#1428,#1429),(#1430,#1431,#1432,
#1433),(#1434,#1435,#1436,#1437),(#1438,#1439,#1440,#1441),(#1442,#1443,
#1444,#1445),(#1446,#1447,#1448,#1449),(#1450,#1451,#1452,#1453)),
 .UNSPECIFIED.,.T.,.F.,.F.,(4,1,1,1,1,1,1,1,1,4),(4,4),(-3.14159265358979,
-2.46839422782055,-2.24399475256414,-1.5707963267949,-1.12199737628207,
-0.448798950512828,0.448798950512828,1.34639685153848,2.24399475256414,
3.14159265358979),(1.92167977961315,2.00199322685442),.UNSPECIFIED.);
#635=B_SPLINE_SURFACE_WITH_KNOTS('',3,3,((#1471,#1472,#1473,#1474),(#1475,
#1476,#1477,#1478),(#1479,#1480,#1481,#1482),(#1483,#1484,#1485,#1486),
(#1487,#1488,#1489,#1490),(#1491,#1492,#1493,#1494),(#1495,#1496,#1497,
#1498),(#1499,#1500,#1501,#1502),(#1503,#1504,#1505,#1506),(#1507,#1508,
#1509,#1510),(#1511,#1512,#1513,#1514),(#1515,#1516,#1517,#1518)),
 .UNSPECIFIED.,.T.,.F.,.F.,(4,1,1,1,1,1,1,1,1,4),(4,4),(-3.14159265358979,
-2.46839422782055,-2.24399475256414,-1.79519580205131,-1.12199737628207,
-0.448798950512828,0.448798950512828,1.34639685153848,2.24399475256414,
3.14159265358979),(1.83929602961502,1.92167977961315),.UNSPECIFIED.);
#636=B_SPLINE_SURFACE_WITH_KNOTS('',3,3,((#1536,#1537,#1538,#1539),(#1540,
#1541,#1542,#1543),(#1544,#1545,#1546,#1547),(#1548,#1549,#1550,#1551),
(#1552,#1553,#1554,#1555),(#1556,#1557,#1558,#1559),(#1560,#1561,#1562,
#1563),(#1564,#1565,#1566,#1567),(#1568,#1569,#1570,#1571),(#1572,#1573,
#1574,#1575),(#1576,#1577,#1578,#1579),(#1580,#1581,#1582,#1583)),
 .UNSPECIFIED.,.T.,.F.,.F.,(4,1,1,1,1,1,1,1,1,4),(4,4),(-3.14159265358979,
-2.46839422782055,-2.24399475256414,-1.79519580205131,-1.12199737628207,
-0.448798950512828,0.448798950512828,1.34639685153848,2.24399475256414,
3.14159265358979),(1.75488547262341,1.83929602961502),.UNSPECIFIED.);
#637=B_SPLINE_SURFACE_WITH_KNOTS('',3,3,((#1601,#1602,#1603,#1604),(#1605,
#1606,#1607,#1608),(#1609,#1610,#1611,#1612),(#1613,#1614,#1615,#1616),
(#1617,#1618,#1619,#1620),(#1621,#1622,#1623,#1624),(#1625,#1626,#1627,
#1628),(#1629,#1630,#1631,#1632),(#1633,#1634,#1635,#1636),(#1637,#1638,
#1639,#1640),(#1641,#1642,#1643,#1644),(#1645,#1646,#1647,#1648)),
 .UNSPECIFIED.,.T.,.F.,.F.,(4,1,1,1,1,1,1,1,1,4),(4,4),(-3.14159265358979,
-2.46839422782055,-2.24399475256414,-1.79519580205131,-1.12199737628207,
-0.448798950512828,0.448798950512828,1.34639685153848,2.24399475256414,
3.14159265358979),(1.66848877774831,1.75488547262341),.UNSPECIFIED.);
#638=B_SPLINE_SURFACE_WITH_KNOTS('',3,3,((#1666,#1667,#1668,#1669),(#1670,
#1671,#1672,#1673),(#1674,#1675,#1676,#1677),(#1678,#1679,#1680,#1681),
(#1682,#1683,#1684,#1685),(#1686,#1687,#1688,#1689),(#1690,#1691,#1692,
#1693),(#1694,#1695,#1696,#1697),(#1698,#1699,#1700,#1701),(#1702,#1703,
#1704,#1705),(#1706,#1707,#1708,#1709),(#1710,#1711,#1712,#1713)),
 .UNSPECIFIED.,.T.,.F.,.F.,(4,1,1,1,1,1,1,1,1,4),(4,4),(-3.14159265358979,
-2.46839422782055,-2.24399475256414,-1.79519580205131,-1.12199737628207,
-0.448798950512828,0.448798950512828,1.34639685153848,2.24399475256414,
3.14159265358979),(1.58014410121732,1.66848877774831),.UNSPECIFIED.);
#639=B_SPLINE_SURFACE_WITH_KNOTS('',3,3,((#1731,#1732,#1733,#1734),(#1735,
#1736,#1737,#1738),(#1739,#1740,#1741,#1742),(#1743,#1744,#1745,#1746),
(#1747,#1748,#1749,#1750),(#1751,#1752,#1753,#1754),(#1755,#1756,#1757,
#1758),(#1759,#1760,#1761,#1762),(#1763,#1764,#1765,#1766),(#1767,#1768,
#1769,#1770),(#1771,#1772,#1773,#1774),(#1775,#1776,#1777,#1778)),
 .UNSPECIFIED.,.T.,.F.,.F.,(4,1,1,1,1,1,1,1,1,4),(4,4),(-3.14159265358979,
-2.46839422782055,-2.24399475256414,-1.79519580205131,-1.12199737628207,
-0.448798950512828,0.448798950512828,1.34639685153848,2.24399475256414,
3.14159265358979),(1.48988735434139,1.58014410121732),.UNSPECIFIED.);
#640=B_SPLINE_SURFACE_WITH_KNOTS('',3,3,((#1796,#1797,#1798,#1799),(#1800,
#1801,#1802,#1803),(#1804,#1805,#1806,#1807),(#1808,#1809,#1810,#1811),
(#1812,#1813,#1814,#1815),(#1816,#1817,#1818,#1819),(#1820,#1821,#1822,
#1823),(#1824,#1825,#1826,#1827),(#1828,#1829,#1830,#1831),(#1832,#1833,
#1834,#1835),(#1836,#1837,#1838,#1839),(#1840,#1841,#1842,#1843)),
 .UNSPECIFIED.,.T.,.F.,.F.,(4,1,1,1,1,1,1,1,1,4),(4,4),(-3.14159265358979,
-2.46839422782055,-2.24399475256414,-1.79519580205131,-1.12199737628207,
-0.448798950512828,0.448798950512828,1.34639685153848,2.24399475256414,
3.14159265358979),(1.39775243379818,1.48988735434139),.UNSPECIFIED.);
#641=B_SPLINE_SURFACE_WITH_KNOTS('',3,3,((#1861,#1862,#1863,#1864),(#1865,
#1866,#1867,#1868),(#1869,#1870,#1871,#1872),(#1873,#1874,#1875,#1876),
(#1877,#1878,#1879,#1880),(#1881,#1882,#1883,#1884),(#1885,#1886,#1887,
#1888),(#1889,#1890,#1891,#1892),(#1893,#1894,#1895,#1896),(#1897,#1898,
#1899,#1900),(#1901,#1902,#1903,#1904),(#1905,#1906,#1907,#1908)),
 .UNSPECIFIED.,.T.,.F.,.F.,(4,1,1,1,1,1,1,1,1,4),(4,4),(-3.14159265358979,
-2.46839422782055,-2.24399475256414,-1.79519580205131,-1.12199737628207,
-0.448798950512828,0.448798950512828,1.34639685153848,2.24399475256414,
3.14159265358979),(1.30377142068483,1.39775243379818),.UNSPECIFIED.);
#642=B_SPLINE_SURFACE_WITH_KNOTS('',3,3,((#1926,#1927,#1928,#1929),(#1930,
#1931,#1932,#1933),(#1934,#1935,#1936,#1937),(#1938,#1939,#1940,#1941),
(#1942,#1943,#1944,#1945),(#1946,#1947,#1948,#1949),(#1950,#1951,#1952,
#1953),(#1954,#1955,#1956,#1957),(#1958,#1959,#1960,#1961),(#1962,#1963,
#1964,#1965),(#1966,#1967,#1968,#1969),(#1970,#1971,#1972,#1973)),
 .UNSPECIFIED.,.T.,.F.,.F.,(4,1,1,1,1,1,1,1,1,4),(4,4),(-3.14159265358979,
-2.46839422782055,-2.24399475256414,-1.79519580205131,-1.12199737628207,
-0.448798950512828,0.448798950512828,1.34639685153848,2.24399475256414,
3.14159265358979),(1.20797475350591,1.30377142068483),.UNSPECIFIED.);
#643=B_SPLINE_SURFACE_WITH_KNOTS('',3,3,((#1991,#1992,#1993,#1994),(#1995,
#1996,#1997,#1998),(#1999,#2000,#2001,#2002),(#2003,#2004,#2005,#2006),
(#2007,#2008,#2009,#2010),(#2011,#2012,#2013,#2014),(#2015,#2016,#2017,
#2018),(#2019,#2020,#2021,#2022),(#2023,#2024,#2025,#2026),(#2027,#2028,
#2029,#2030),(#2031,#2032,#2033,#2034),(#2035,#2036,#2037,#2038)),
 .UNSPECIFIED.,.T.,.F.,.F.,(4,1,1,1,1,1,1,1,1,4),(4,4),(-3.14159265358979,
-2.46839422782055,-2.24399475256414,-1.79519580205131,-1.12199737628207,
-0.448798950512828,0.448798950512828,1.34639685153848,2.24399475256414,
3.14159265358979),(1.11039137926564,1.20797475350591),.UNSPECIFIED.);
#644=B_SPLINE_SURFACE_WITH_KNOTS('',3,3,((#2056,#2057,#2058,#2059),(#2060,
#2061,#2062,#2063),(#2064,#2065,#2066,#2067),(#2068,#2069,#2070,#2071),
(#2072,#2073,#2074,#2075),(#2076,#2077,#2078,#2079),(#2080,#2081,#2082,
#2083),(#2084,#2085,#2086,#2087),(#2088,#2089,#2090,#2091),(#2092,#2093,
#2094,#2095),(#2096,#2097,#2098,#2099),(#2100,#2101,#2102,#2103)),
 .UNSPECIFIED.,.T.,.F.,.F.,(4,1,1,1,1,1,1,1,1,4),(4,4),(-3.14159265358979,
-2.46839422782055,-2.24399475256414,-1.79519580205131,-1.12199737628207,
-0.448798950512828,0.448798950512828,1.34639685153848,2.24399475256414,
3.14159265358979),(1.01104888605343,1.11039137926564),.UNSPECIFIED.);
#645=B_SPLINE_SURFACE_WITH_KNOTS('',3,3,((#2121,#2122,#2123,#2124,#2125,
#2126),(#2127,#2128,#2129,#2130,#2131,#2132),(#2133,#2134,#2135,#2136,#2137,
#2138),(#2139,#2140,#2141,#2142,#2143,#2144),(#2145,#2146,#2147,#2148,#2149,
#2150),(#2151,#2152,#2153,#2154,#2155,#2156),(#2157,#2158,#2159,#2160,#2161,
#2162),(#2163,#2164,#2165,#2166,#2167,#2168),(#2169,#2170,#2171,#2172,#2173,
#2174),(#2175,#2176,#2177,#2178,#2179,#2180),(#2181,#2182,#2183,#2184,#2185,
#2186),(#2187,#2188,#2189,#2190,#2191,#2192)),.UNSPECIFIED.,.T.,.F.,.F.,
(4,1,1,1,1,1,1,1,1,4),(4,2,4),(-3.14159265358979,-2.46839422782055,-2.24399475256414,
-1.34639685153848,-0.448798950512828,0.448798950512828,1.34639685153848,
2.01959527730772,2.69279370307697,3.14159265358979),(0.849604183818798,
0.85447319805301,0.854953564811559),.UNSPECIFIED.);
#646=B_SPLINE_SURFACE_WITH_KNOTS('',3,3,((#2214,#2215,#2216,#2217),(#2218,
#2219,#2220,#2221),(#2222,#2223,#2224,#2225),(#2226,#2227,#2228,#2229),
(#2230,#2231,#2232,#2233),(#2234,#2235,#2236,#2237),(#2238,#2239,#2240,
#2241),(#2242,#2243,#2244,#2245),(#2246,#2247,#2248,#2249),(#2250,#2251,
#2252,#2253),(#2254,#2255,#2256,#2257),(#2258,#2259,#2260,#2261)),
 .UNSPECIFIED.,.T.,.F.,.F.,(4,1,1,1,1,1,1,1,1,4),(4,4),(-3.14159265358979,
-2.46839422782055,-2.24399475256414,-1.5707963267949,-1.12199737628207,
-0.448798950512828,0.448798950512828,1.34639685153848,2.24399475256414,
3.14159265358979),(0.824041200834551,0.849604183818798),.UNSPECIFIED.);
#647=B_SPLINE_SURFACE_WITH_KNOTS('',3,3,((#2279,#2280,#2281,#2282),(#2283,
#2284,#2285,#2286),(#2287,#2288,#2289,#2290),(#2291,#2292,#2293,#2294),
(#2295,#2296,#2297,#2298),(#2299,#2300,#2301,#2302),(#2303,#2304,#2305,
#2306),(#2307,#2308,#2309,#2310),(#2311,#2312,#2313,#2314),(#2315,#2316,
#2317,#2318),(#2319,#2320,#2321,#2322),(#2323,#2324,#2325,#2326)),
 .UNSPECIFIED.,.T.,.F.,.F.,(4,1,1,1,1,1,1,1,1,4),(4,4),(-3.14159265358979,
-2.46839422782055,-2.24399475256414,-1.5707963267949,-1.12199737628207,
-0.448798950512828,0.448798950512828,1.34639685153848,2.24399475256414,
3.14159265358979),(0.805936259367295,0.824041200834551),.UNSPECIFIED.);
#648=B_SPLINE_SURFACE_WITH_KNOTS('',3,3,((#2344,#2345,#2346,#2347,#2348),
(#2349,#2350,#2351,#2352,#2353),(#2354,#2355,#2356,#2357,#2358),(#2359,
#2360,#2361,#2362,#2363),(#2364,#2365,#2366,#2367,#2368),(#2369,#2370,#2371,
#2372,#2373),(#2374,#2375,#2376,#2377,#2378),(#2379,#2380,#2381,#2382,#2383),
(#2384,#2385,#2386,#2387,#2388),(#2389,#2390,#2391,#2392,#2393),(#2394,
#2395,#2396,#2397,#2398),(#2399,#2400,#2401,#2402,#2403)),.UNSPECIFIED.,
 .T.,.F.,.F.,(4,1,1,1,1,1,1,1,1,4),(4,1,4),(-3.14159265358979,-2.46839422782055,
-2.24399475256414,-1.5707963267949,-1.12199737628207,-0.448798950512828,
0.448798950512828,1.34639685153848,2.24399475256414,3.14159265358979),(0.790230589017954,
0.799205257789006,0.805936259367295),.UNSPECIFIED.);
#649=B_SPLINE_SURFACE_WITH_KNOTS('',3,3,((#2422,#2423,#2424,#2425),(#2426,
#2427,#2428,#2429),(#2430,#2431,#2432,#2433),(#2434,#2435,#2436,#2437),
(#2438,#2439,#2440,#2441),(#2442,#2443,#2444,#2445),(#2446,#2447,#2448,
#2449),(#2450,#2451,#2452,#2453),(#2454,#2455,#2456,#2457),(#2458,#2459,
#2460,#2461),(#2462,#2463,#2464,#2465),(#2466,#2467,#2468,#2469)),
 .UNSPECIFIED.,.T.,.F.,.F.,(4,1,1,1,1,1,1,1,1,4),(4,4),(-3.14159265358979,
-2.46839422782055,-2.24399475256414,-1.5707963267949,-1.12199737628207,
-0.448798950512828,0.448798950512828,1.34639685153848,2.24399475256414,
3.14159265358979),(0.77308752262223,0.790230589017954),.UNSPECIFIED.);
#650=B_SPLINE_SURFACE_WITH_KNOTS('',3,3,((#2487,#2488,#2489,#2490),(#2491,
#2492,#2493,#2494),(#2495,#2496,#2497,#2498),(#2499,#2500,#2501,#2502),
(#2503,#2504,#2505,#2506),(#2507,#2508,#2509,#2510),(#2511,#2512,#2513,
#2514),(#2515,#2516,#2517,#2518),(#2519,#2520,#2521,#2522),(#2523,#2524,
#2525,#2526),(#2527,#2528,#2529,#2530),(#2531,#2532,#2533,#2534)),
 .UNSPECIFIED.,.T.,.F.,.F.,(4,1,1,1,1,1,1,1,1,4),(4,4),(-3.14159265358979,
-2.46839422782055,-2.24399475256414,-1.5707963267949,-1.12199737628207,
-0.448798950512828,0.448798950512828,1.34639685153848,2.24399475256414,
3.14159265358979),(0.752124124192372,0.77308752262223),.UNSPECIFIED.);
#651=B_SPLINE_SURFACE_WITH_KNOTS('',3,3,((#2552,#2553,#2554,#2555),(#2556,
#2557,#2558,#2559),(#2560,#2561,#2562,#2563),(#2564,#2565,#2566,#2567),
(#2568,#2569,#2570,#2571),(#2572,#2573,#2574,#2575),(#2576,#2577,#2578,
#2579),(#2580,#2581,#2582,#2583),(#2584,#2585,#2586,#2587),(#2588,#2589,
#2590,#2591),(#2592,#2593,#2594,#2595),(#2596,#2597,#2598,#2599)),
 .UNSPECIFIED.,.T.,.F.,.F.,(4,1,1,1,1,1,1,1,1,4),(4,4),(-3.14159265358979,
-2.46839422782055,-2.24399475256414,-1.5707963267949,-1.12199737628207,
-0.448798950512828,0.448798950512828,1.34639685153848,2.24399475256414,
3.14159265358979),(0.727135909050092,0.752124124192372),.UNSPECIFIED.);
#652=B_SPLINE_SURFACE_WITH_KNOTS('',3,3,((#2617,#2618,#2619,#2620),(#2621,
#2622,#2623,#2624),(#2625,#2626,#2627,#2628),(#2629,#2630,#2631,#2632),
(#2633,#2634,#2635,#2636),(#2637,#2638,#2639,#2640),(#2641,#2642,#2643,
#2644),(#2645,#2646,#2647,#2648),(#2649,#2650,#2651,#2652),(#2653,#2654,
#2655,#2656),(#2657,#2658,#2659,#2660),(#2661,#2662,#2663,#2664)),
 .UNSPECIFIED.,.T.,.F.,.F.,(4,1,1,1,1,1,1,1,1,4),(4,4),(-3.14159265358979,
-2.46839422782055,-2.24399475256414,-1.5707963267949,-1.12199737628207,
-0.448798950512828,0.448798950512828,1.34639685153848,2.24399475256414,
3.14159265358979),(0.699351887559178,0.727135909050092),.UNSPECIFIED.);
#653=B_SPLINE_SURFACE_WITH_KNOTS('',3,3,((#2682,#2683,#2684,#2685),(#2686,
#2687,#2688,#2689),(#2690,#2691,#2692,#2693),(#2694,#2695,#2696,#2697),
(#2698,#2699,#2700,#2701),(#2702,#2703,#2704,#2705),(#2706,#2707,#2708,
#2709),(#2710,#2711,#2712,#2713),(#2714,#2715,#2716,#2717),(#2718,#2719,
#2720,#2721),(#2722,#2723,#2724,#2725),(#2726,#2727,#2728,#2729)),
 .UNSPECIFIED.,.T.,.F.,.F.,(4,1,1,1,1,1,1,1,1,4),(4,4),(-3.14159265358979,
-2.46839422782055,-2.24399475256414,-1.5707963267949,-1.12199737628207,
-0.448798950512828,0.448798950512828,1.34639685153848,2.24399475256414,
3.14159265358979),(0.66777741130213,0.699351887559178),.UNSPECIFIED.);
#654=B_SPLINE_SURFACE_WITH_KNOTS('',3,3,((#2747,#2748,#2749,#2750),(#2751,
#2752,#2753,#2754),(#2755,#2756,#2757,#2758),(#2759,#2760,#2761,#2762),
(#2763,#2764,#2765,#2766),(#2767,#2768,#2769,#2770),(#2771,#2772,#2773,
#2774),(#2775,#2776,#2777,#2778),(#2779,#2780,#2781,#2782),(#2783,#2784,
#2785,#2786),(#2787,#2788,#2789,#2790),(#2791,#2792,#2793,#2794)),
 .UNSPECIFIED.,.T.,.F.,.F.,(4,1,1,1,1,1,1,1,1,4),(4,4),(-3.14159265358979,
-2.46839422782055,-2.24399475256414,-1.5707963267949,-1.12199737628207,
-0.448798950512828,0.448798950512828,1.34639685153848,2.24399475256414,
3.14159265358979),(0.631930814888987,0.66777741130213),.UNSPECIFIED.);
#655=B_SPLINE_SURFACE_WITH_KNOTS('',3,3,((#2812,#2813,#2814,#2815),(#2816,
#2817,#2818,#2819),(#2820,#2821,#2822,#2823),(#2824,#2825,#2826,#2827),
(#2828,#2829,#2830,#2831),(#2832,#2833,#2834,#2835),(#2836,#2837,#2838,
#2839),(#2840,#2841,#2842,#2843),(#2844,#2845,#2846,#2847),(#2848,#2849,
#2850,#2851),(#2852,#2853,#2854,#2855),(#2856,#2857,#2858,#2859)),
 .UNSPECIFIED.,.T.,.F.,.F.,(4,1,1,1,1,1,1,1,1,4),(4,4),(-3.14159265358979,
-2.46839422782055,-2.24399475256414,-1.5707963267949,-1.12199737628207,
-0.448798950512828,0.448798950512828,1.34639685153848,2.24399475256414,
3.14159265358979),(0.592116732877285,0.631930814888987),.UNSPECIFIED.);
#656=B_SPLINE_SURFACE_WITH_KNOTS('',3,3,((#2877,#2878,#2879,#2880),(#2881,
#2882,#2883,#2884),(#2885,#2886,#2887,#2888),(#2889,#2890,#2891,#2892),
(#2893,#2894,#2895,#2896),(#2897,#2898,#2899,#2900),(#2901,#2902,#2903,
#2904),(#2905,#2906,#2907,#2908),(#2909,#2910,#2911,#2912),(#2913,#2914,
#2915,#2916),(#2917,#2918,#2919,#2920),(#2921,#2922,#2923,#2924)),
 .UNSPECIFIED.,.T.,.F.,.F.,(4,1,1,1,1,1,1,1,1,4),(4,4),(-3.14159265358979,
-2.46839422782055,-2.24399475256414,-1.5707963267949,-1.12199737628207,
-0.448798950512828,0.448798950512828,1.34639685153848,2.24399475256414,
3.14159265358979),(0.548612272024316,0.592116732877285),.UNSPECIFIED.);
#657=B_SPLINE_SURFACE_WITH_KNOTS('',3,3,((#2942,#2943,#2944,#2945),(#2946,
#2947,#2948,#2949),(#2950,#2951,#2952,#2953),(#2954,#2955,#2956,#2957),
(#2958,#2959,#2960,#2961),(#2962,#2963,#2964,#2965),(#2966,#2967,#2968,
#2969),(#2970,#2971,#2972,#2973),(#2974,#2975,#2976,#2977),(#2978,#2979,
#2980,#2981),(#2982,#2983,#2984,#2985),(#2986,#2987,#2988,#2989)),
 .UNSPECIFIED.,.T.,.F.,.F.,(4,1,1,1,1,1,1,1,1,4),(4,4),(-3.14159265358979,
-2.46839422782055,-2.24399475256414,-1.5707963267949,-1.12199737628207,
-0.448798950512828,0.448798950512828,1.34639685153848,2.24399475256414,
3.14159265358979),(0.50165673087779,0.548612272024316),.UNSPECIFIED.);
#658=B_SPLINE_SURFACE_WITH_KNOTS('',3,3,((#3007,#3008,#3009,#3010),(#3011,
#3012,#3013,#3014),(#3015,#3016,#3017,#3018),(#3019,#3020,#3021,#3022),
(#3023,#3024,#3025,#3026),(#3027,#3028,#3029,#3030),(#3031,#3032,#3033,
#3034),(#3035,#3036,#3037,#3038),(#3039,#3040,#3041,#3042),(#3043,#3044,
#3045,#3046),(#3047,#3048,#3049,#3050),(#3051,#3052,#3053,#3054)),
 .UNSPECIFIED.,.T.,.F.,.F.,(4,1,1,1,1,1,1,1,1,4),(4,4),(-3.14159265358979,
-2.46839422782055,-2.24399475256414,-1.5707963267949,-1.12199737628207,
-0.448798950512828,0.448798950512828,1.34639685153848,2.24399475256414,
3.14159265358979),(0.451453806600379,0.50165673087779),.UNSPECIFIED.);
#659=B_SPLINE_SURFACE_WITH_KNOTS('',3,3,((#3072,#3073,#3074,#3075),(#3076,
#3077,#3078,#3079),(#3080,#3081,#3082,#3083),(#3084,#3085,#3086,#3087),
(#3088,#3089,#3090,#3091),(#3092,#3093,#3094,#3095),(#3096,#3097,#3098,
#3099),(#3100,#3101,#3102,#3103),(#3104,#3105,#3106,#3107),(#3108,#3109,
#3110,#3111),(#3112,#3113,#3114,#3115),(#3116,#3117,#3118,#3119)),
 .UNSPECIFIED.,.T.,.F.,.F.,(4,1,1,1,1,1,1,1,1,4),(4,4),(-3.14159265358979,
-2.46839422782055,-2.24399475256414,-1.5707963267949,-1.12199737628207,
-0.448798950512828,0.448798950512828,1.34639685153848,2.24399475256414,
3.14159265358979),(0.398177010907967,0.451453806600379),.UNSPECIFIED.);
#660=B_SPLINE_SURFACE_WITH_KNOTS('',3,3,((#3137,#3138,#3139,#3140),(#3141,
#3142,#3143,#3144),(#3145,#3146,#3147,#3148),(#3149,#3150,#3151,#3152),
(#3153,#3154,#3155,#3156),(#3157,#3158,#3159,#3160),(#3161,#3162,#3163,
#3164),(#3165,#3166,#3167,#3168),(#3169,#3170,#3171,#3172),(#3173,#3174,
#3175,#3176),(#3177,#3178,#3179,#3180),(#3181,#3182,#3183,#3184)),
 .UNSPECIFIED.,.T.,.F.,.F.,(4,1,1,1,1,1,1,1,1,4),(4,4),(-3.14159265358979,
-2.46839422782055,-2.24399475256414,-1.5707963267949,-1.12199737628207,
-0.448798950512828,0.448798950512828,1.34639685153848,2.24399475256414,
3.14159265358979),(0.34197515007299,0.398177010907967),.UNSPECIFIED.);
#661=B_SPLINE_SURFACE_WITH_KNOTS('',3,3,((#3202,#3203,#3204,#3205),(#3206,
#3207,#3208,#3209),(#3210,#3211,#3212,#3213),(#3214,#3215,#3216,#3217),
(#3218,#3219,#3220,#3221),(#3222,#3223,#3224,#3225),(#3226,#3227,#3228,
#3229),(#3230,#3231,#3232,#3233),(#3234,#3235,#3236,#3237),(#3238,#3239,
#3240,#3241),(#3242,#3243,#3244,#3245),(#3246,#3247,#3248,#3249)),
 .UNSPECIFIED.,.T.,.F.,.F.,(4,1,1,1,1,1,1,1,1,4),(4,4),(-3.14159265358979,
-2.46839422782055,-2.24399475256414,-1.5707963267949,-1.12199737628207,
-0.448798950512828,0.448798950512828,1.34639685153848,2.24399475256414,
3.14159265358979),(0.282976996895778,0.34197515007299),.UNSPECIFIED.);
#662=B_SPLINE_SURFACE_WITH_KNOTS('',3,3,((#3267,#3268,#3269,#3270),(#3271,
#3272,#3273,#3274),(#3275,#3276,#3277,#3278),(#3279,#3280,#3281,#3282),
(#3283,#3284,#3285,#3286),(#3287,#3288,#3289,#3290),(#3291,#3292,#3293,
#3294),(#3295,#3296,#3297,#3298),(#3299,#3300,#3301,#3302),(#3303,#3304,
#3305,#3306),(#3307,#3308,#3309,#3310),(#3311,#3312,#3313,#3314)),
 .UNSPECIFIED.,.T.,.F.,.F.,(4,1,1,1,1,1,1,1,1,4),(4,4),(-3.14159265358979,
-2.46839422782055,-2.24399475256414,-1.5707963267949,-1.12199737628207,
-0.448798950512828,0.448798950512828,1.34639685153848,2.24399475256414,
3.14159265358979),(0.22129504991565,0.282976996895778),.UNSPECIFIED.);
#663=B_SPLINE_SURFACE_WITH_KNOTS('',3,3,((#3332,#3333,#3334,#3335),(#3336,
#3337,#3338,#3339),(#3340,#3341,#3342,#3343),(#3344,#3345,#3346,#3347),
(#3348,#3349,#3350,#3351),(#3352,#3353,#3354,#3355),(#3356,#3357,#3358,
#3359),(#3360,#3361,#3362,#3363),(#3364,#3365,#3366,#3367),(#3368,#3369,
#3370,#3371),(#3372,#3373,#3374,#3375),(#3376,#3377,#3378,#3379)),
 .UNSPECIFIED.,.T.,.F.,.F.,(4,1,1,1,1,1,1,1,1,4),(4,4),(-3.14159265358979,
-2.46839422782055,-2.24399475256414,-1.79519580205131,-1.12199737628207,
-0.448798950512828,0.448798950512828,1.34639685153848,2.24399475256414,
3.14159265358979),(0.157028499132591,0.22129504991565),.UNSPECIFIED.);
#664=B_SPLINE_SURFACE_WITH_KNOTS('',3,3,((#3397,#3398,#3399,#3400),(#3401,
#3402,#3403,#3404),(#3405,#3406,#3407,#3408),(#3409,#3410,#3411,#3412),
(#3413,#3414,#3415,#3416),(#3417,#3418,#3419,#3420),(#3421,#3422,#3423,
#3424),(#3425,#3426,#3427,#3428),(#3429,#3430,#3431,#3432),(#3433,#3434,
#3435,#3436),(#3437,#3438,#3439,#3440),(#3441,#3442,#3443,#3444)),
 .UNSPECIFIED.,.T.,.F.,.F.,(4,1,1,1,1,1,1,1,1,4),(4,4),(-3.14159265358979,
-2.46839422782055,-2.24399475256414,-1.79519580205131,-1.12199737628207,
-0.448798950512828,0.448798950512828,1.34639685153848,2.24399475256414,
3.14159265358979),(0.0902655571521823,0.157028499132591),.UNSPECIFIED.);
#665=B_SPLINE_SURFACE_WITH_KNOTS('',3,3,((#3462,#3463,#3464,#3465),(#3466,
#3467,#3468,#3469),(#3470,#3471,#3472,#3473),(#3474,#3475,#3476,#3477),
(#3478,#3479,#3480,#3481),(#3482,#3483,#3484,#3485),(#3486,#3487,#3488,
#3489),(#3490,#3491,#3492,#3493),(#3494,#3495,#3496,#3497),(#3498,#3499,
#3500,#3501),(#3502,#3503,#3504,#3505),(#3506,#3507,#3508,#3509)),
 .UNSPECIFIED.,.T.,.F.,.F.,(4,1,1,1,1,1,1,1,1,4),(4,4),(-3.14159265358979,
-2.46839422782055,-2.24399475256414,-1.79519580205131,-1.12199737628207,
-0.448798950512828,0.448798950512828,1.34639685153848,2.24399475256414,
3.14159265358979),(0.0210852908505161,0.0902655571521823),.UNSPECIFIED.);
#666=B_SPLINE_SURFACE_WITH_KNOTS('',3,3,((#3527,#3528,#3529,#3530),(#3531,
#3532,#3533,#3534),(#3535,#3536,#3537,#3538),(#3539,#3540,#3541,#3542),
(#3543,#3544,#3545,#3546),(#3547,#3548,#3549,#3550),(#3551,#3552,#3553,
#3554),(#3555,#3556,#3557,#3558),(#3559,#3560,#3561,#3562),(#3563,#3564,
#3565,#3566),(#3567,#3568,#3569,#3570),(#3571,#3572,#3573,#3574)),
 .UNSPECIFIED.,.T.,.F.,.F.,(4,1,1,1,1,1,1,1,1,4),(4,4),(-3.14159265358979,
-2.46839422782055,-2.24399475256414,-1.5707963267949,-1.12199737628207,
-0.448798950512828,0.448798950512828,1.34639685153848,2.24399475256414,
3.14159265358979),(-0.000480366758549344,0.0210852908505161),
 .UNSPECIFIED.);
#667=B_SPLINE_SURFACE_WITH_KNOTS('',3,3,((#3579,#3580,#3581,#3582,#3583,
#3584),(#3585,#3586,#3587,#3588,#3589,#3590),(#3591,#3592,#3593,#3594,#3595,
#3596),(#3597,#3598,#3599,#3600,#3601,#3602),(#3603,#3604,#3605,#3606,#3607,
#3608),(#3609,#3610,#3611,#3612,#3613,#3614),(#3615,#3616,#3617,#3618,#3619,
#3620),(#3621,#3622,#3623,#3624,#3625,#3626),(#3627,#3628,#3629,#3630,#3631,
#3632),(#3633,#3634,#3635,#3636,#3637,#3638),(#3639,#3640,#3641,#3642,#3643,
#3644),(#3645,#3646,#3647,#3648,#3649,#3650)),.UNSPECIFIED.,.T.,.F.,.F.,
(4,1,1,1,1,1,1,1,1,4),(4,2,4),(-3.14159265358979,-2.46839422782055,-2.24399475256414,
-1.79519580205131,-1.12199737628207,-0.448798950512828,0.448798950512828,
1.34639685153848,2.24399475256414,3.14159265358979),(0.854953564811559,
0.909973619807305,1.01104888605343),.UNSPECIFIED.);
#668=B_SPLINE_SURFACE_WITH_KNOTS('',3,3,((#3657,#3658,#3659,#3660,#3661,
#3662,#3663,#3664,#3665,#3666,#3667,#3668,#3669,#3670,#3671,#3672,#3673,
#3674,#3675,#3676,#3677,#3678,#3679,#3680,#3681,#3682),(#3683,#3684,#3685,
#3686,#3687,#3688,#3689,#3690,#3691,#3692,#3693,#3694,#3695,#3696,#3697,
#3698,#3699,#3700,#3701,#3702,#3703,#3704,#3705,#3706,#3707,#3708),(#3709,
#3710,#3711,#3712,#3713,#3714,#3715,#3716,#3717,#3718,#3719,#3720,#3721,
#3722,#3723,#3724,#3725,#3726,#3727,#3728,#3729,#3730,#3731,#3732,#3733,
#3734),(#3735,#3736,#3737,#3738,#3739,#3740,#3741,#3742,#3743,#3744,#3745,
#3746,#3747,#3748,#3749,#3750,#3751,#3752,#3753,#3754,#3755,#3756,#3757,
#3758,#3759,#3760),(#3761,#3762,#3763,#3764,#3765,#3766,#3767,#3768,#3769,
#3770,#3771,#3772,#3773,#3774,#3775,#3776,#3777,#3778,#3779,#3780,#3781,
#3782,#3783,#3784,#3785,#3786),(#3787,#3788,#3789,#3790,#3791,#3792,#3793,
#3794,#3795,#3796,#3797,#3798,#3799,#3800,#3801,#3802,#3803,#3804,#3805,
#3806,#3807,#3808,#3809,#3810,#3811,#3812),(#3813,#3814,#3815,#3816,#3817,
#3818,#3819,#3820,#3821,#3822,#3823,#3824,#3825,#3826,#3827,#3828,#3829,
#3830,#3831,#3832,#3833,#3834,#3835,#3836,#3837,#3838),(#3839,#3840,#3841,
#3842,#3843,#3844,#3845,#3846,#3847,#3848,#3849,#3850,#3851,#3852,#3853,
#3854,#3855,#3856,#3857,#3858,#3859,#3860,#3861,#3862,#3863,#3864),(#3865,
#3866,#3867,#3868,#3869,#3870,#3871,#3872,#3873,#3874,#3875,#3876,#3877,
#3878,#3879,#3880,#3881,#3882,#3883,#3884,#3885,#3886,#3887,#3888,#3889,
#3890),(#3891,#3892,#3893,#3894,#3895,#3896,#3897,#3898,#3899,#3900,#3901,
#3902,#3903,#3904,#3905,#3906,#3907,#3908,#3909,#3910,#3911,#3912,#3913,
#3914,#3915,#3916),(#3917,#3918,#3919,#3920,#3921,#3922,#3923,#3924,#3925,
#3926,#3927,#3928,#3929,#3930,#3931,#3932,#3933,#3934,#3935,#3936,#3937,
#3938,#3939,#3940,#3941,#3942),(#3943,#3944,#3945,#3946,#3947,#3948,#3949,
#3950,#3951,#3952,#3953,#3954,#3955,#3956,#3957,#3958,#3959,#3960,#3961,
#3962,#3963,#3964,#3965,#3966,#3967,#3968)),.UNSPECIFIED.,.T.,.F.,.F.,(4,
1,1,1,1,1,1,1,1,4),(4,2,2,2,2,2,2,2,2,2,2,2,4),(-3.14159265358979,-2.46839422782055,
-2.24399475256414,-1.79519580205131,-1.12199737628207,-0.448798950512828,
0.448798950512828,1.34639685153848,2.24399475256414,3.14159265358979),(2.27998668504906,
2.3696418176276,2.49557612762493,2.62008853562589,2.74316386809602,2.86478652995357,
2.98494048218698,3.10360921749473,3.22077573371393,3.33642250477038,3.45053144884326,
3.5630838933914,3.67406053663286),.UNSPECIFIED.);
#669=B_SPLINE_SURFACE_WITH_KNOTS('',3,3,((#3997,#3998,#3999,#4000,#4001,
#4002,#4003,#4004,#4005,#4006,#4007,#4008,#4009,#4010,#4011,#4012,#4013,
#4014,#4015,#4016,#4017,#4018,#4019,#4020,#4021,#4022,#4023,#4024,#4025,
#4026,#4027,#4028,#4029,#4030,#4031,#4032),(#4033,#4034,#4035,#4036,#4037,
#4038,#4039,#4040,#4041,#4042,#4043,#4044,#4045,#4046,#4047,#4048,#4049,
#4050,#4051,#4052,#4053,#4054,#4055,#4056,#4057,#4058,#4059,#4060,#4061,
#4062,#4063,#4064,#4065,#4066,#4067,#4068),(#4069,#4070,#4071,#4072,#4073,
#4074,#4075,#4076,#4077,#4078,#4079,#4080,#4081,#4082,#4083,#4084,#4085,
#4086,#4087,#4088,#4089,#4090,#4091,#4092,#4093,#4094,#4095,#4096,#4097,
#4098,#4099,#4100,#4101,#4102,#4103,#4104),(#4105,#4106,#4107,#4108,#4109,
#4110,#4111,#4112,#4113,#4114,#4115,#4116,#4117,#4118,#4119,#4120,#4121,
#4122,#4123,#4124,#4125,#4126,#4127,#4128,#4129,#4130,#4131,#4132,#4133,
#4134,#4135,#4136,#4137,#4138,#4139,#4140),(#4141,#4142,#4143,#4144,#4145,
#4146,#4147,#4148,#4149,#4150,#4151,#4152,#4153,#4154,#4155,#4156,#4157,
#4158,#4159,#4160,#4161,#4162,#4163,#4164,#4165,#4166,#4167,#4168,#4169,
#4170,#4171,#4172,#4173,#4174,#4175,#4176),(#4177,#4178,#4179,#4180,#4181,
#4182,#4183,#4184,#4185,#4186,#4187,#4188,#4189,#4190,#4191,#4192,#4193,
#4194,#4195,#4196,#4197,#4198,#4199,#4200,#4201,#4202,#4203,#4204,#4205,
#4206,#4207,#4208,#4209,#4210,#4211,#4212),(#4213,#4214,#4215,#4216,#4217,
#4218,#4219,#4220,#4221,#4222,#4223,#4224,#4225,#4226,#4227,#4228,#4229,
#4230,#4231,#4232,#4233,#4234,#4235,#4236,#4237,#4238,#4239,#4240,#4241,
#4242,#4243,#4244,#4245,#4246,#4247,#4248),(#4249,#4250,#4251,#4252,#4253,
#4254,#4255,#4256,#4257,#4258,#4259,#4260,#4261,#4262,#4263,#4264,#4265,
#4266,#4267,#4268,#4269,#4270,#4271,#4272,#4273,#4274,#4275,#4276,#4277,
#4278,#4279,#4280,#4281,#4282,#4283,#4284),(#4285,#4286,#4287,#4288,#4289,
#4290,#4291,#4292,#4293,#4294,#4295,#4296,#4297,#4298,#4299,#4300,#4301,
#4302,#4303,#4304,#4305,#4306,#4307,#4308,#4309,#4310,#4311,#4312,#4313,
#4314,#4315,#4316,#4317,#4318,#4319,#4320),(#4321,#4322,#4323,#4324,#4325,
#4326,#4327,#4328,#4329,#4330,#4331,#4332,#4333,#4334,#4335,#4336,#4337,
#4338,#4339,#4340,#4341,#4342,#4343,#4344,#4345,#4346,#4347,#4348,#4349,
#4350,#4351,#4352,#4353,#4354,#4355,#4356),(#4357,#4358,#4359,#4360,#4361,
#4362,#4363,#4364,#4365,#4366,#4367,#4368,#4369,#4370,#4371,#4372,#4373,
#4374,#4375,#4376,#4377,#4378,#4379,#4380,#4381,#4382,#4383,#4384,#4385,
#4386,#4387,#4388,#4389,#4390,#4391,#4392),(#4393,#4394,#4395,#4396,#4397,
#4398,#4399,#4400,#4401,#4402,#4403,#4404,#4405,#4406,#4407,#4408,#4409,
#4410,#4411,#4412,#4413,#4414,#4415,#4416,#4417,#4418,#4419,#4420,#4421,
#4422,#4423,#4424,#4425,#4426,#4427,#4428)),.UNSPECIFIED.,.T.,.F.,.F.,(4,
1,1,1,1,1,1,1,1,4),(4,2,2,2,2,2,2,2,2,2,2,2,2,2,2,2,2,4),(-3.14159265358979,
-2.46839422782055,-2.24399475256414,-1.79519580205131,-1.12199737628207,
-0.448798950512828,0.448798950512828,1.34639685153848,2.24399475256414,
3.14159265358979),(4.14956130084513,4.27630356793153,4.42320404117051,4.56888101218069,
4.71332406206541,4.85652254908952,4.99846560174605,5.13914211135703,5.27854072416,
5.41664983282568,5.55345756734575,5.68895178522165,5.8231200608749,5.9559496742268,
6.08742759883336,6.21754048934032,6.34627466746086,6.38396097427919),
 .UNSPECIFIED.);
#670=B_SPLINE_SURFACE_WITH_KNOTS('',3,3,((#4467,#4468,#4469,#4470,#4471,
#4472,#4473,#4474,#4475,#4476,#4477,#4478,#4479,#4480,#4481,#4482,#4483,
#4484,#4485,#4486,#4487,#4488,#4489,#4490,#4491,#4492,#4493,#4494,#4495,
#4496,#4497,#4498,#4499,#4500,#4501,#4502),(#4503,#4504,#4505,#4506,#4507,
#4508,#4509,#4510,#4511,#4512,#4513,#4514,#4515,#4516,#4517,#4518,#4519,
#4520,#4521,#4522,#4523,#4524,#4525,#4526,#4527,#4528,#4529,#4530,#4531,
#4532,#4533,#4534,#4535,#4536,#4537,#4538),(#4539,#4540,#4541,#4542,#4543,
#4544,#4545,#4546,#4547,#4548,#4549,#4550,#4551,#4552,#4553,#4554,#4555,
#4556,#4557,#4558,#4559,#4560,#4561,#4562,#4563,#4564,#4565,#4566,#4567,
#4568,#4569,#4570,#4571,#4572,#4573,#4574),(#4575,#4576,#4577,#4578,#4579,
#4580,#4581,#4582,#4583,#4584,#4585,#4586,#4587,#4588,#4589,#4590,#4591,
#4592,#4593,#4594,#4595,#4596,#4597,#4598,#4599,#4600,#4601,#4602,#4603,
#4604,#4605,#4606,#4607,#4608,#4609,#4610),(#4611,#4612,#4613,#4614,#4615,
#4616,#4617,#4618,#4619,#4620,#4621,#4622,#4623,#4624,#4625,#4626,#4627,
#4628,#4629,#4630,#4631,#4632,#4633,#4634,#4635,#4636,#4637,#4638,#4639,
#4640,#4641,#4642,#4643,#4644,#4645,#4646),(#4647,#4648,#4649,#4650,#4651,
#4652,#4653,#4654,#4655,#4656,#4657,#4658,#4659,#4660,#4661,#4662,#4663,
#4664,#4665,#4666,#4667,#4668,#4669,#4670,#4671,#4672,#4673,#4674,#4675,
#4676,#4677,#4678,#4679,#4680,#4681,#4682),(#4683,#4684,#4685,#4686,#4687,
#4688,#4689,#4690,#4691,#4692,#4693,#4694,#4695,#4696,#4697,#4698,#4699,
#4700,#4701,#4702,#4703,#4704,#4705,#4706,#4707,#4708,#4709,#4710,#4711,
#4712,#4713,#4714,#4715,#4716,#4717,#4718),(#4719,#4720,#4721,#4722,#4723,
#4724,#4725,#4726,#4727,#4728,#4729,#4730,#4731,#4732,#4733,#4734,#4735,
#4736,#4737,#4738,#4739,#4740,#4741,#4742,#4743,#4744,#4745,#4746,#4747,
#4748,#4749,#4750,#4751,#4752,#4753,#4754),(#4755,#4756,#4757,#4758,#4759,
#4760,#4761,#4762,#4763,#4764,#4765,#4766,#4767,#4768,#4769,#4770,#4771,
#4772,#4773,#4774,#4775,#4776,#4777,#4778,#4779,#4780,#4781,#4782,#4783,
#4784,#4785,#4786,#4787,#4788,#4789,#4790),(#4791,#4792,#4793,#4794,#4795,
#4796,#4797,#4798,#4799,#4800,#4801,#4802,#4803,#4804,#4805,#4806,#4807,
#4808,#4809,#4810,#4811,#4812,#4813,#4814,#4815,#4816,#4817,#4818,#4819,
#4820,#4821,#4822,#4823,#4824,#4825,#4826),(#4827,#4828,#4829,#4830,#4831,
#4832,#4833,#4834,#4835,#4836,#4837,#4838,#4839,#4840,#4841,#4842,#4843,
#4844,#4845,#4846,#4847,#4848,#4849,#4850,#4851,#4852,#4853,#4854,#4855,
#4856,#4857,#4858,#4859,#4860,#4861,#4862),(#4863,#4864,#4865,#4866,#4867,
#4868,#4869,#4870,#4871,#4872,#4873,#4874,#4875,#4876,#4877,#4878,#4879,
#4880,#4881,#4882,#4883,#4884,#4885,#4886,#4887,#4888,#4889,#4890,#4891,
#4892,#4893,#4894,#4895,#4896,#4897,#4898)),.UNSPECIFIED.,.T.,.F.,.F.,(4,
1,1,1,1,1,1,1,1,4),(4,2,2,2,2,2,2,2,2,2,2,2,2,2,2,2,2,4),(-3.14159265358979,
-2.46839422782055,-2.24399475256414,-1.79519580205131,-1.12199737628207,
-0.448798950512828,0.448798950512828,1.34639685153848,2.24399475256414,
3.14159265358979),(6.38396097427919,6.55025614651307,6.71547598048504,6.87961308289966,
7.04265991274461,7.20460877827611,7.36545183388732,7.52518107685185,7.68378834393412,
7.84126530785681,7.99760347361542,8.15279417462799,8.3068285687073,8.45969763384124,
8.61139216376537,8.76190276331013,8.91121984350273,8.93259134931552),
 .UNSPECIFIED.);
#671=B_SPLINE_SURFACE_WITH_KNOTS('',3,3,((#5039,#5040,#5041,#5042,#5043,
#5044,#5045,#5046,#5047,#5048,#5049,#5050,#5051,#5052,#5053,#5054,#5055,
#5056,#5057,#5058,#5059,#5060,#5061,#5062,#5063,#5064,#5065,#5066,#5067,
#5068,#5069,#5070,#5071,#5072,#5073,#5074,#5075,#5076,#5077,#5078,#5079,
#5080,#5081,#5082,#5083,#5084,#5085,#5086,#5087,#5088,#5089,#5090,#5091,
#5092,#5093,#5094,#5095,#5096,#5097,#5098,#5099,#5100,#5101,#5102,#5103,
#5104,#5105,#5106,#5107,#5108,#5109,#5110,#5111,#5112,#5113,#5114,#5115,
#5116,#5117,#5118,#5119,#5120,#5121,#5122,#5123,#5124,#5125,#5126,#5127,
#5128,#5129,#5130,#5131,#5132,#5133,#5134,#5135,#5136,#5137,#5138,#5139,
#5140,#5141,#5142,#5143,#5144,#5145,#5146,#5147,#5148,#5149,#5150,#5151,
#5152,#5153,#5154,#5155),(#5156,#5157,#5158,#5159,#5160,#5161,#5162,#5163,
#5164,#5165,#5166,#5167,#5168,#5169,#5170,#5171,#5172,#5173,#5174,#5175,
#5176,#5177,#5178,#5179,#5180,#5181,#5182,#5183,#5184,#5185,#5186,#5187,
#5188,#5189,#5190,#5191,#5192,#5193,#5194,#5195,#5196,#5197,#5198,#5199,
#5200,#5201,#5202,#5203,#5204,#5205,#5206,#5207,#5208,#5209,#5210,#5211,
#5212,#5213,#5214,#5215,#5216,#5217,#5218,#5219,#5220,#5221,#5222,#5223,
#5224,#5225,#5226,#5227,#5228,#5229,#5230,#5231,#5232,#5233,#5234,#5235,
#5236,#5237,#5238,#5239,#5240,#5241,#5242,#5243,#5244,#5245,#5246,#5247,
#5248,#5249,#5250,#5251,#5252,#5253,#5254,#5255,#5256,#5257,#5258,#5259,
#5260,#5261,#5262,#5263,#5264,#5265,#5266,#5267,#5268,#5269,#5270,#5271,
#5272),(#5273,#5274,#5275,#5276,#5277,#5278,#5279,#5280,#5281,#5282,#5283,
#5284,#5285,#5286,#5287,#5288,#5289,#5290,#5291,#5292,#5293,#5294,#5295,
#5296,#5297,#5298,#5299,#5300,#5301,#5302,#5303,#5304,#5305,#5306,#5307,
#5308,#5309,#5310,#5311,#5312,#5313,#5314,#5315,#5316,#5317,#5318,#5319,
#5320,#5321,#5322,#5323,#5324,#5325,#5326,#5327,#5328,#5329,#5330,#5331,
#5332,#5333,#5334,#5335,#5336,#5337,#5338,#5339,#5340,#5341,#5342,#5343,
#5344,#5345,#5346,#5347,#5348,#5349,#5350,#5351,#5352,#5353,#5354,#5355,
#5356,#5357,#5358,#5359,#5360,#5361,#5362,#5363,#5364,#5365,#5366,#5367,
#5368,#5369,#5370,#5371,#5372,#5373,#5374,#5375,#5376,#5377,#5378,#5379,
#5380,#5381,#5382,#5383,#5384,#5385,#5386,#5387,#5388,#5389),(#5390,#5391,
#5392,#5393,#5394,#5395,#5396,#5397,#5398,#5399,#5400,#5401,#5402,#5403,
#5404,#5405,#5406,#5407,#5408,#5409,#5410,#5411,#5412,#5413,#5414,#5415,
#5416,#5417,#5418,#5419,#5420,#5421,#5422,#5423,#5424,#5425,#5426,#5427,
#5428,#5429,#5430,#5431,#5432,#5433,#5434,#5435,#5436,#5437,#5438,#5439,
#5440,#5441,#5442,#5443,#5444,#5445,#5446,#5447,#5448,#5449,#5450,#5451,
#5452,#5453,#5454,#5455,#5456,#5457,#5458,#5459,#5460,#5461,#5462,#5463,
#5464,#5465,#5466,#5467,#5468,#5469,#5470,#5471,#5472,#5473,#5474,#5475,
#5476,#5477,#5478,#5479,#5480,#5481,#5482,#5483,#5484,#5485,#5486,#5487,
#5488,#5489,#5490,#5491,#5492,#5493,#5494,#5495,#5496,#5497,#5498,#5499,
#5500,#5501,#5502,#5503,#5504,#5505,#5506),(#5507,#5508,#5509,#5510,#5511,
#5512,#5513,#5514,#5515,#5516,#5517,#5518,#5519,#5520,#5521,#5522,#5523,
#5524,#5525,#5526,#5527,#5528,#5529,#5530,#5531,#5532,#5533,#5534,#5535,
#5536,#5537,#5538,#5539,#5540,#5541,#5542,#5543,#5544,#5545,#5546,#5547,
#5548,#5549,#5550,#5551,#5552,#5553,#5554,#5555,#5556,#5557,#5558,#5559,
#5560,#5561,#5562,#5563,#5564,#5565,#5566,#5567,#5568,#5569,#5570,#5571,
#5572,#5573,#5574,#5575,#5576,#5577,#5578,#5579,#5580,#5581,#5582,#5583,
#5584,#5585,#5586,#5587,#5588,#5589,#5590,#5591,#5592,#5593,#5594,#5595,
#5596,#5597,#5598,#5599,#5600,#5601,#5602,#5603,#5604,#5605,#5606,#5607,
#5608,#5609,#5610,#5611,#5612,#5613,#5614,#5615,#5616,#5617,#5618,#5619,
#5620,#5621,#5622,#5623),(#5624,#5625,#5626,#5627,#5628,#5629,#5630,#5631,
#5632,#5633,#5634,#5635,#5636,#5637,#5638,#5639,#5640,#5641,#5642,#5643,
#5644,#5645,#5646,#5647,#5648,#5649,#5650,#5651,#5652,#5653,#5654,#5655,
#5656,#5657,#5658,#5659,#5660,#5661,#5662,#5663,#5664,#5665,#5666,#5667,
#5668,#5669,#5670,#5671,#5672,#5673,#5674,#5675,#5676,#5677,#5678,#5679,
#5680,#5681,#5682,#5683,#5684,#5685,#5686,#5687,#5688,#5689,#5690,#5691,
#5692,#5693,#5694,#5695,#5696,#5697,#5698,#5699,#5700,#5701,#5702,#5703,
#5704,#5705,#5706,#5707,#5708,#5709,#5710,#5711,#5712,#5713,#5714,#5715,
#5716,#5717,#5718,#5719,#5720,#5721,#5722,#5723,#5724,#5725,#5726,#5727,
#5728,#5729,#5730,#5731,#5732,#5733,#5734,#5735,#5736,#5737,#5738,#5739,
#5740),(#5741,#5742,#5743,#5744,#5745,#5746,#5747,#5748,#5749,#5750,#5751,
#5752,#5753,#5754,#5755,#5756,#5757,#5758,#5759,#5760,#5761,#5762,#5763,
#5764,#5765,#5766,#5767,#5768,#5769,#5770,#5771,#5772,#5773,#5774,#5775,
#5776,#5777,#5778,#5779,#5780,#5781,#5782,#5783,#5784,#5785,#5786,#5787,
#5788,#5789,#5790,#5791,#5792,#5793,#5794,#5795,#5796,#5797,#5798,#5799,
#5800,#5801,#5802,#5803,#5804,#5805,#5806,#5807,#5808,#5809,#5810,#5811,
#5812,#5813,#5814,#5815,#5816,#5817,#5818,#5819,#5820,#5821,#5822,#5823,
#5824,#5825,#5826,#5827,#5828,#5829,#5830,#5831,#5832,#5833,#5834,#5835,
#5836,#5837,#5838,#5839,#5840,#5841,#5842,#5843,#5844,#5845,#5846,#5847,
#5848,#5849,#5850,#5851,#5852,#5853,#5854,#5855,#5856,#5857),(#5858,#5859,
#5860,#5861,#5862,#5863,#5864,#5865,#5866,#5867,#5868,#5869,#5870,#5871,
#5872,#5873,#5874,#5875,#5876,#5877,#5878,#5879,#5880,#5881,#5882,#5883,
#5884,#5885,#5886,#5887,#5888,#5889,#5890,#5891,#5892,#5893,#5894,#5895,
#5896,#5897,#5898,#5899,#5900,#5901,#5902,#5903,#5904,#5905,#5906,#5907,
#5908,#5909,#5910,#5911,#5912,#5913,#5914,#5915,#5916,#5917,#5918,#5919,
#5920,#5921,#5922,#5923,#5924,#5925,#5926,#5927,#5928,#5929,#5930,#5931,
#5932,#5933,#5934,#5935,#5936,#5937,#5938,#5939,#5940,#5941,#5942,#5943,
#5944,#5945,#5946,#5947,#5948,#5949,#5950,#5951,#5952,#5953,#5954,#5955,
#5956,#5957,#5958,#5959,#5960,#5961,#5962,#5963,#5964,#5965,#5966,#5967,
#5968,#5969,#5970,#5971,#5972,#5973,#5974),(#5975,#5976,#5977,#5978,#5979,
#5980,#5981,#5982,#5983,#5984,#5985,#5986,#5987,#5988,#5989,#5990,#5991,
#5992,#5993,#5994,#5995,#5996,#5997,#5998,#5999,#6000,#6001,#6002,#6003,
#6004,#6005,#6006,#6007,#6008,#6009,#6010,#6011,#6012,#6013,#6014,#6015,
#6016,#6017,#6018,#6019,#6020,#6021,#6022,#6023,#6024,#6025,#6026,#6027,
#6028,#6029,#6030,#6031,#6032,#6033,#6034,#6035,#6036,#6037,#6038,#6039,
#6040,#6041,#6042,#6043,#6044,#6045,#6046,#6047,#6048,#6049,#6050,#6051,
#6052,#6053,#6054,#6055,#6056,#6057,#6058,#6059,#6060,#6061,#6062,#6063,
#6064,#6065,#6066,#6067,#6068,#6069,#6070,#6071,#6072,#6073,#6074,#6075,
#6076,#6077,#6078,#6079,#6080,#6081,#6082,#6083,#6084,#6085,#6086,#6087,
#6088,#6089,#6090,#6091),(#6092,#6093,#6094,#6095,#6096,#6097,#6098,#6099,
#6100,#6101,#6102,#6103,#6104,#6105,#6106,#6107,#6108,#6109,#6110,#6111,
#6112,#6113,#6114,#6115,#6116,#6117,#6118,#6119,#6120,#6121,#6122,#6123,
#6124,#6125,#6126,#6127,#6128,#6129,#6130,#6131,#6132,#6133,#6134,#6135,
#6136,#6137,#6138,#6139,#6140,#6141,#6142,#6143,#6144,#6145,#6146,#6147,
#6148,#6149,#6150,#6151,#6152,#6153,#6154,#6155,#6156,#6157,#6158,#6159,
#6160,#6161,#6162,#6163,#6164,#6165,#6166,#6167,#6168,#6169,#6170,#6171,
#6172,#6173,#6174,#6175,#6176,#6177,#6178,#6179,#6180,#6181,#6182,#6183,
#6184,#6185,#6186,#6187,#6188,#6189,#6190,#6191,#6192,#6193,#6194,#6195,
#6196,#6197,#6198,#6199,#6200,#6201,#6202,#6203,#6204,#6205,#6206,#6207,
#6208),(#6209,#6210,#6211,#6212,#6213,#6214,#6215,#6216,#6217,#6218,#6219,
#6220,#6221,#6222,#6223,#6224,#6225,#6226,#6227,#6228,#6229,#6230,#6231,
#6232,#6233,#6234,#6235,#6236,#6237,#6238,#6239,#6240,#6241,#6242,#6243,
#6244,#6245,#6246,#6247,#6248,#6249,#6250,#6251,#6252,#6253,#6254,#6255,
#6256,#6257,#6258,#6259,#6260,#6261,#6262,#6263,#6264,#6265,#6266,#6267,
#6268,#6269,#6270,#6271,#6272,#6273,#6274,#6275,#6276,#6277,#6278,#6279,
#6280,#6281,#6282,#6283,#6284,#6285,#6286,#6287,#6288,#6289,#6290,#6291,
#6292,#6293,#6294,#6295,#6296,#6297,#6298,#6299,#6300,#6301,#6302,#6303,
#6304,#6305,#6306,#6307,#6308,#6309,#6310,#6311,#6312,#6313,#6314,#6315,
#6316,#6317,#6318,#6319,#6320,#6321,#6322,#6323,#6324,#6325),(#6326,#6327,
#6328,#6329,#6330,#6331,#6332,#6333,#6334,#6335,#6336,#6337,#6338,#6339,
#6340,#6341,#6342,#6343,#6344,#6345,#6346,#6347,#6348,#6349,#6350,#6351,
#6352,#6353,#6354,#6355,#6356,#6357,#6358,#6359,#6360,#6361,#6362,#6363,
#6364,#6365,#6366,#6367,#6368,#6369,#6370,#6371,#6372,#6373,#6374,#6375,
#6376,#6377,#6378,#6379,#6380,#6381,#6382,#6383,#6384,#6385,#6386,#6387,
#6388,#6389,#6390,#6391,#6392,#6393,#6394,#6395,#6396,#6397,#6398,#6399,
#6400,#6401,#6402,#6403,#6404,#6405,#6406,#6407,#6408,#6409,#6410,#6411,
#6412,#6413,#6414,#6415,#6416,#6417,#6418,#6419,#6420,#6421,#6422,#6423,
#6424,#6425,#6426,#6427,#6428,#6429,#6430,#6431,#6432,#6433,#6434,#6435,
#6436,#6437,#6438,#6439,#6440,#6441,#6442)),.UNSPECIFIED.,.T.,.F.,.F.,(4,
1,1,1,1,1,1,1,1,4),(4,1,1,1,1,1,1,1,1,1,1,1,1,1,1,1,1,1,1,1,1,1,1,1,1,1,
1,1,1,1,1,1,1,1,1,1,1,1,1,1,1,1,1,1,1,1,1,1,1,1,1,1,1,1,1,1,1,1,1,1,1,1,
1,1,1,1,1,1,1,1,1,1,1,1,1,1,1,1,1,1,1,1,1,1,1,1,1,1,1,1,1,1,1,1,1,1,1,1,
1,1,1,1,1,1,1,1,1,1,1,1,1,1,1,1,4),(-3.14159265358979,-2.46839422782055,
-2.24399475256414,-1.79519580205131,-1.12199737628207,-0.448798950512828,
0.448798950512828,1.34639685153848,2.24399475256414,3.14159265358979),(0.,
0.496040945303652,0.992081890607303,1.48812283591095,1.98416378121461,2.48020472651826,
2.97624567182191,3.47228661712556,3.96832756242921,4.46436850773286,4.96040945303652,
5.45645039834017,5.95249134364382,6.44853228894747,6.94457323425112,7.44061417955477,
7.93665512485842,8.43269607016208,8.92873701546573,9.42477796076938,9.92081890607303,
10.4168598513767,10.9129007966803,11.408941741984,11.9049826872876,12.4010236325913,
12.8970645778949,13.3931055231986,13.8891464685022,14.3851874138059,14.8812283591095,
15.3772693044132,15.8733102497168,16.3693511950205,16.8653921403242,17.3614330856278,
17.8574740309315,18.3535149762351,18.8495559215388,19.3455968668424,19.8416378121461,
20.3376787574497,20.8337197027534,21.329760648057,21.8258015933607,22.3218425386643,
22.817883483968,23.3139244292716,23.8099653745753,24.3060063198789,24.8020472651826,
25.2980882104862,25.7941291557899,26.2901701010935,26.7862110463972,27.2822519917008,
27.7782929370045,28.2743338823081,28.7703748276118,29.2664157729154,29.7624567182191,
30.2584976635227,30.7545386088264,31.25057955413,31.7466204994337,32.2426614447374,
32.738702390041,33.2347433353447,33.7307842806483,34.226825225952,34.7228661712556,
35.2189071165593,35.7149480618629,36.2109890071666,36.7070299524702,37.2030708977739,
37.6991118430775,38.1951527883812,38.6911937336848,39.1872346789885,39.6832756242921,
40.1793165695958,40.6753575148994,41.1713984602031,41.6674394055067,42.1634803508104,
42.659521296114,43.1555622414177,43.6516031867213,44.147644132025,44.6436850773286,
45.1397260226323,45.6357669679359,46.1318079132396,46.6278488585432,47.1238898038469,
47.6199307491505,48.1159716944542,48.6120126397579,49.1080535850615,49.6040945303652,
50.1001354756688,50.5961764209725,51.0922173662761,51.5882583115798,52.0842992568834,
52.5803402021871,53.0763811474907,53.5724220927944,54.068463038098,54.5645039834017,
55.0605449287053,55.556585874009,56.0526268193126,56.5486677646163),
 .UNSPECIFIED.);
#672=ADVANCED_FACE('',(#26),#625,.T.);
#673=ADVANCED_FACE('',(#27),#626,.T.);
#674=ADVANCED_FACE('',(#28),#627,.T.);
#675=ADVANCED_FACE('',(#29),#628,.T.);
#676=ADVANCED_FACE('',(#30),#629,.T.);
#677=ADVANCED_FACE('',(#31),#630,.T.);
#678=ADVANCED_FACE('',(#32),#631,.T.);
#679=ADVANCED_FACE('',(#33),#632,.T.);
#680=ADVANCED_FACE('',(#34),#633,.T.);
#681=ADVANCED_FACE('',(#35),#634,.T.);
#682=ADVANCED_FACE('',(#36),#635,.T.);
#683=ADVANCED_FACE('',(#37),#636,.T.);
#684=ADVANCED_FACE('',(#38),#637,.T.);
#685=ADVANCED_FACE('',(#39),#638,.T.);
#686=ADVANCED_FACE('',(#40),#639,.T.);
#687=ADVANCED_FACE('',(#41),#640,.T.);
#688=ADVANCED_FACE('',(#42),#641,.T.);
#689=ADVANCED_FACE('',(#43),#642,.T.);
#690=ADVANCED_FACE('',(#44),#643,.T.);
#691=ADVANCED_FACE('',(#45),#644,.T.);
#692=ADVANCED_FACE('',(#46),#645,.T.);
#693=ADVANCED_FACE('',(#47),#646,.T.);
#694=ADVANCED_FACE('',(#48),#647,.T.);
#695=ADVANCED_FACE('',(#49),#648,.T.);
#696=ADVANCED_FACE('',(#50),#649,.T.);
#697=ADVANCED_FACE('',(#51),#650,.T.);
#698=ADVANCED_FACE('',(#52),#651,.T.);
#699=ADVANCED_FACE('',(#53),#652,.T.);
#700=ADVANCED_FACE('',(#54),#653,.T.);
#701=ADVANCED_FACE('',(#55),#654,.T.);
#702=ADVANCED_FACE('',(#56),#655,.T.);
#703=ADVANCED_FACE('',(#57),#656,.T.);
#704=ADVANCED_FACE('',(#58),#657,.T.);
#705=ADVANCED_FACE('',(#59),#658,.T.);
#706=ADVANCED_FACE('',(#60),#659,.T.);
#707=ADVANCED_FACE('',(#61),#660,.T.);
#708=ADVANCED_FACE('',(#62),#661,.T.);
#709=ADVANCED_FACE('',(#63),#662,.T.);
#710=ADVANCED_FACE('',(#64),#663,.T.);
#711=ADVANCED_FACE('',(#65),#664,.T.);
#712=ADVANCED_FACE('',(#66),#665,.T.);
#713=ADVANCED_FACE('',(#67),#666,.T.);
#714=ADVANCED_FACE('',(#68),#667,.T.);
#715=ADVANCED_FACE('',(#69),#668,.T.);
#716=ADVANCED_FACE('',(#70),#669,.T.);
#717=ADVANCED_FACE('',(#71),#670,.T.);
#718=ADVANCED_FACE('',(#72),#24,.T.);
#719=ADVANCED_FACE('',(#73),#22,.T.);
#720=ADVANCED_FACE('',(#74),#16,.F.);
#721=ADVANCED_FACE('',(#75),#25,.F.);
#722=ADVANCED_FACE('',(#76),#23,.T.);
#723=ADVANCED_FACE('',(#77),#17,.F.);
#724=ADVANCED_FACE('',(#78),#15,.T.);
#725=ADVANCED_FACE('',(#79),#671,.T.);
#726=CLOSED_SHELL('',(#672,#673,#674,#675,#676,#677,#678,#679,#680,#681,
#682,#683,#684,#685,#686,#687,#688,#689,#690,#691,#692,#693,#694,#695,#696,
#697,#698,#699,#700,#701,#702,#703,#704,#705,#706,#707,#708,#709,#710,#711,
#712,#713,#714,#715,#716,#717,#718,#719,#720,#721,#722,#723,#724,#725));
#727=DERIVED_UNIT_ELEMENT(#729,1.);
#728=DERIVED_UNIT_ELEMENT(#6565,-3.);
#729=(
MASS_UNIT()
NAMED_UNIT(*)
SI_UNIT(.KILO.,.GRAM.)
);
#730=DERIVED_UNIT((#727,#728));
#731=MEASURE_REPRESENTATION_ITEM('density measure',
POSITIVE_RATIO_MEASURE(7850.),#730);
#732=PROPERTY_DEFINITION_REPRESENTATION(#737,#734);
#733=PROPERTY_DEFINITION_REPRESENTATION(#738,#735);
#734=REPRESENTATION('material name',(#736),#6562);
#735=REPRESENTATION('density',(#731),#6562);
#736=DESCRIPTIVE_REPRESENTATION_ITEM('Steel','Steel');
#737=PROPERTY_DEFINITION('material property','material name',#6572);
#738=PROPERTY_DEFINITION('material property','density of part',#6572);
#739=AXIS2_PLACEMENT_3D('',#816,#764,#765);
#740=AXIS2_PLACEMENT_3D('',#883,#766,#767);
#741=AXIS2_PLACEMENT_3D('',#1210,#768,#769);
#742=AXIS2_PLACEMENT_3D('',#2213,#770,#771);
#743=AXIS2_PLACEMENT_3D('',#3996,#772,#773);
#744=AXIS2_PLACEMENT_3D('',#4430,#774,#775);
#745=AXIS2_PLACEMENT_3D('',#4901,#776,#777);
#746=AXIS2_PLACEMENT_3D('',#4903,#778,#779);
#747=AXIS2_PLACEMENT_3D('',#4904,#780,#781);
#748=AXIS2_PLACEMENT_3D('',#4941,#782,#783);
#749=AXIS2_PLACEMENT_3D('',#4942,#784,#785);
#750=AXIS2_PLACEMENT_3D('',#4944,#786,#787);
#751=AXIS2_PLACEMENT_3D('',#4948,#789,#790);
#752=AXIS2_PLACEMENT_3D('',#4949,#791,#792);
#753=AXIS2_PLACEMENT_3D('',#4978,#793,#794);
#754=AXIS2_PLACEMENT_3D('',#4979,#795,#796);
#755=AXIS2_PLACEMENT_3D('',#4980,#797,#798);
#756=AXIS2_PLACEMENT_3D('',#4981,#799,#800);
#757=AXIS2_PLACEMENT_3D('',#4985,#802,#803);
#758=AXIS2_PLACEMENT_3D('',#4986,#804,#805);
#759=AXIS2_PLACEMENT_3D('',#5032,#806,#807);
#760=AXIS2_PLACEMENT_3D('',#5033,#808,#809);
#761=AXIS2_PLACEMENT_3D('',#5035,#810,#811);
#762=AXIS2_PLACEMENT_3D('',#5037,#812,#813);
#763=AXIS2_PLACEMENT_3D('',#5038,#814,#815);
#764=DIRECTION('axis',(0.,0.,1.));
#765=DIRECTION('refdir',(1.,0.,0.));
#766=DIRECTION('center_axis',(-0.0206172141032252,0.9996003970384,0.0193384777915741));
#767=DIRECTION('ref_axis',(-0.916438794050817,-0.0111631141636501,-0.400019151592588));
#768=DIRECTION('center_axis',(-0.0602521887234851,0.997492094412274,0.0371375192904109));
#769=DIRECTION('ref_axis',(-0.809970518538,-0.0271137209531193,-0.585843498927282));
#770=DIRECTION('center_axis',(-0.999705021443278,0.0228067175333085,0.00835007403861682));
#771=DIRECTION('ref_axis',(-0.0167818601018903,-0.400132380746614,-0.916303687130837));
#772=DIRECTION('center_axis',(-0.00804578090435377,0.999915396802666,0.0102207948128893));
#773=DIRECTION('ref_axis',(-0.968743554285789,-0.00525989850936032,-0.248008587547707));
#774=DIRECTION('center_axis',(-0.0025377648043451,0.999987608018985,0.00428293804145862));
#775=DIRECTION('ref_axis',(-0.99318023622158,-0.00202121404367526,-0.116571579180501));
#776=DIRECTION('center_axis',(2.20436423846524E-15,1.,0.));
#777=DIRECTION('ref_axis',(-1.,2.20436423846524E-15,0.));
#778=DIRECTION('center_axis',(2.20436423846524E-15,1.,0.));
#779=DIRECTION('ref_axis',(-1.,2.20436423846524E-15,0.));
#780=DIRECTION('center_axis',(2.20436423846524E-15,1.,0.));
#781=DIRECTION('ref_axis',(-1.,2.20436423846524E-15,0.));
#782=DIRECTION('center_axis',(-0.999705021443278,0.0228067175333085,0.00835007403861682));
#783=DIRECTION('ref_axis',(-0.0175567443626398,-0.916173526966045,0.400397089417471));
#784=DIRECTION('center_axis',(0.,-1.85035875643705E-17,-1.));
#785=DIRECTION('ref_axis',(-1.,-5.76302980780709E-32,0.));
#786=DIRECTION('center_axis',(1.346145417358E-15,-6.12323399573677E-17,
-1.));
#787=DIRECTION('ref_axis',(-1.,-8.25869655941373E-32,-1.34874750257197E-15));
#788=DIRECTION('',(0.,1.85035875643705E-17,1.));
#789=DIRECTION('center_axis',(1.346145417358E-15,-6.12323399573677E-17,
-1.));
#790=DIRECTION('ref_axis',(-1.,-8.25869655941373E-32,-1.34874750257197E-15));
#791=DIRECTION('center_axis',(1.346145417358E-15,-6.12323399573677E-17,
-1.));
#792=DIRECTION('ref_axis',(-1.,-8.25869655941373E-32,-1.34874750257197E-15));
#793=DIRECTION('center_axis',(1.346145417358E-15,-1.,0.));
#794=DIRECTION('ref_axis',(-1.,-1.34874750257197E-15,0.));
#795=DIRECTION('center_axis',(1.346145417358E-15,-1.,0.));
#796=DIRECTION('ref_axis',(-1.,-1.34874750257197E-15,0.));
#797=DIRECTION('center_axis',(-1.35308431126191E-15,6.12323399573677E-17,
1.));
#798=DIRECTION('ref_axis',(0.,-1.,6.12323399573677E-17));
#799=DIRECTION('center_axis',(1.9763251401856E-16,-1.,0.));
#800=DIRECTION('ref_axis',(-1.,-1.9763251401856E-16,0.));
#801=DIRECTION('',(-1.9763251401856E-16,1.,0.));
#802=DIRECTION('center_axis',(1.346145417358E-15,-1.,0.));
#803=DIRECTION('ref_axis',(-1.,-1.34874750257197E-15,0.));
#804=DIRECTION('center_axis',(1.346145417358E-15,-1.,0.));
#805=DIRECTION('ref_axis',(-1.,-1.34874750257197E-15,0.));
#806=DIRECTION('center_axis',(0.99931389354188,0.0370370378697963,0.));
#807=DIRECTION('ref_axis',(0.0370370378697963,-0.99931389354188,0.));
#808=DIRECTION('center_axis',(0.,0.,-1.));
#809=DIRECTION('ref_axis',(-1.,0.,0.));
#810=DIRECTION('center_axis',(0.,0.,1.));
#811=DIRECTION('ref_axis',(-1.,0.,0.));
#812=DIRECTION('center_axis',(0.,1.,0.));
#813=DIRECTION('ref_axis',(-1.,0.,0.));
#814=DIRECTION('center_axis',(0.,1.,0.));
#815=DIRECTION('ref_axis',(-1.,0.,0.));
#816=CARTESIAN_POINT('',(0.,0.,0.));
#817=CARTESIAN_POINT('Ctrl Pts',(4.39168372487038,-0.79757340614389,21.3771260081655));
#818=CARTESIAN_POINT('Ctrl Pts',(4.42825143723925,-0.532741169503839,21.3847452779996));
#819=CARTESIAN_POINT('Ctrl Pts',(4.44080578399939,-0.26579207483608,21.3923596858921));
#820=CARTESIAN_POINT('Ctrl Pts',(4.42935952079096,-1.59590980025726E-14,
21.4));
#821=CARTESIAN_POINT('Ctrl Pts',(4.41373778781951,-0.800131055222057,21.3256063806476));
#822=CARTESIAN_POINT('Ctrl Pts',(4.45054977300939,-0.533965132385034,21.3332642128246));
#823=CARTESIAN_POINT('Ctrl Pts',(4.4632252595298,-0.265710878268545,21.3409158242687));
#824=CARTESIAN_POINT('Ctrl Pts',(4.45177946451259,0.00145690303283935,21.3485955367888));
#825=CARTESIAN_POINT('Ctrl Pts',(4.41937030611775,-0.799520330275325,21.2467974945109));
#826=CARTESIAN_POINT('Ctrl Pts',(4.45627612919697,-0.533054048083191,21.2544641164749));
#827=CARTESIAN_POINT('Ctrl Pts',(4.46902474851347,-0.264404184675419,21.2621270258206));
#828=CARTESIAN_POINT('Ctrl Pts',(4.4576163734212,0.00310137110246535,21.2698163199825));
#829=CARTESIAN_POINT('Ctrl Pts',(4.37825538393464,-0.790885583755776,21.1420082873953));
#830=CARTESIAN_POINT('Ctrl Pts',(4.41482315261578,-0.526894263441603,21.1496036602265));
#831=CARTESIAN_POINT('Ctrl Pts',(4.42745722668418,-0.260757887540349,21.1571949150331));
#832=CARTESIAN_POINT('Ctrl Pts',(4.41615874828788,0.00427770093408201,21.1648132001816));
#833=CARTESIAN_POINT('Ctrl Pts',(4.30413887316457,-0.777277712778584,21.0547943928912));
#834=CARTESIAN_POINT('Ctrl Pts',(4.34003841725764,-0.517750680352015,21.0622610896099));
#835=CARTESIAN_POINT('Ctrl Pts',(4.35240903810828,-0.256110776495041,21.0697241610106));
#836=CARTESIAN_POINT('Ctrl Pts',(4.34125261487694,0.00442745381527217,21.0772132945462));
#837=CARTESIAN_POINT('Ctrl Pts',(4.15506096764872,-0.752403721992022,21.0090640079867));
#838=CARTESIAN_POINT('Ctrl Pts',(4.18954635244827,-0.501826689967665,21.0162725331438));
#839=CARTESIAN_POINT('Ctrl Pts',(4.20131052736578,-0.249253177545333,21.0234771292267));
#840=CARTESIAN_POINT('Ctrl Pts',(4.19036729199791,0.0022151154264544,21.0307059797162));
#841=CARTESIAN_POINT('Ctrl Pts',(3.97246290470959,-0.724413786995404,21.0817090098786));
#842=CARTESIAN_POINT('Ctrl Pts',(4.00514563073821,-0.48477713127036,21.0886017486634));
#843=CARTESIAN_POINT('Ctrl Pts',(4.01609175430874,-0.243316210450439,21.0954895231395));
#844=CARTESIAN_POINT('Ctrl Pts',(4.00533799010324,-0.00298818365014656,
21.1023988557166));
#845=CARTESIAN_POINT('Ctrl Pts',(3.88304380920954,-0.714035978310347,21.2901966314575));
#846=CARTESIAN_POINT('Ctrl Pts',(3.91474746093365,-0.479736466382652,21.2969350473238));
#847=CARTESIAN_POINT('Ctrl Pts',(3.9251932148349,-0.243709103317149,21.3036679006149));
#848=CARTESIAN_POINT('Ctrl Pts',(3.91443609345988,-0.008887488288036,21.3104195404963));
#849=CARTESIAN_POINT('Ctrl Pts',(3.99784376485676,-0.736735774667396,21.509553412294));
#850=CARTESIAN_POINT('Ctrl Pts',(4.03053739103882,-0.495500252638957,21.5164916171772));
#851=CARTESIAN_POINT('Ctrl Pts',(4.04134086794858,-0.252526968463641,21.5234224709392));
#852=CARTESIAN_POINT('Ctrl Pts',(4.03031669375522,-0.0107526807604494,21.5303738889471));
#853=CARTESIAN_POINT('Ctrl Pts',(4.23900271944783,-0.776408419948161,21.5541685644578));
#854=CARTESIAN_POINT('Ctrl Pts',(4.27399582068837,-0.520726299329968,21.5615235412333));
#855=CARTESIAN_POINT('Ctrl Pts',(4.28580120143269,-0.263031378981318,21.568874113154));
#856=CARTESIAN_POINT('Ctrl Pts',(4.27444907361807,-0.00660478997925262,
21.5762459727257));
#857=CARTESIAN_POINT('Ctrl Pts',(4.36227830760488,-0.794163207373001,21.4458188448561));
#858=CARTESIAN_POINT('Ctrl Pts',(4.39853094566795,-0.531041997950491,21.4533886372938));
#859=CARTESIAN_POINT('Ctrl Pts',(4.41091474979185,-0.265968459806798,21.4609495464481));
#860=CARTESIAN_POINT('Ctrl Pts',(4.39946626249546,-0.00194253737715637,
21.4685392842816));
#861=CARTESIAN_POINT('Ctrl Pts',(4.39168372487038,-0.79757340614389,21.3771260081655));
#862=CARTESIAN_POINT('Ctrl Pts',(4.42825143723925,-0.532741169503839,21.3847452779996));
#863=CARTESIAN_POINT('Ctrl Pts',(4.44080578399939,-0.26579207483608,21.3923596858921));
#864=CARTESIAN_POINT('Ctrl Pts',(4.42935952079096,-1.59596400405045E-14,
21.4));
#865=CARTESIAN_POINT('',(4.39168372487038,-0.79757340614389,21.3771260081655));
#866=CARTESIAN_POINT('Ctrl Pts',(4.39168372487038,-0.79757340614389,21.3771260081655));
#867=CARTESIAN_POINT('Ctrl Pts',(4.36227830760488,-0.794163207373001,21.4458188448561));
#868=CARTESIAN_POINT('Ctrl Pts',(4.23900271944783,-0.776408419948161,21.5541685644578));
#869=CARTESIAN_POINT('Ctrl Pts',(3.99784376485676,-0.736735774667396,21.509553412294));
#870=CARTESIAN_POINT('Ctrl Pts',(3.88304380920954,-0.714035978310347,21.2901966314575));
#871=CARTESIAN_POINT('Ctrl Pts',(3.97246290470959,-0.724413786995404,21.0817090098786));
#872=CARTESIAN_POINT('Ctrl Pts',(4.15506096764872,-0.752403721992022,21.0090640079867));
#873=CARTESIAN_POINT('Ctrl Pts',(4.30413887316457,-0.777277712778584,21.0547943928912));
#874=CARTESIAN_POINT('Ctrl Pts',(4.37825538393464,-0.790885583755776,21.1420082873953));
#875=CARTESIAN_POINT('Ctrl Pts',(4.41937030611775,-0.799520330275325,21.2467974945109));
#876=CARTESIAN_POINT('Ctrl Pts',(4.41373778781951,-0.800131055222057,21.3256063806476));
#877=CARTESIAN_POINT('Ctrl Pts',(4.39168372487038,-0.79757340614389,21.3771260081655));
#878=CARTESIAN_POINT('',(4.42935952079096,-1.59790657152228E-14,21.4));
#879=CARTESIAN_POINT('Ctrl Pts',(4.39168372487038,-0.79757340614389,21.3771260081655));
#880=CARTESIAN_POINT('Ctrl Pts',(4.42825143723925,-0.532741169503839,21.3847452779996));
#881=CARTESIAN_POINT('Ctrl Pts',(4.44080578399939,-0.26579207483608,21.3923596858921));
#882=CARTESIAN_POINT('Ctrl Pts',(4.42935952079096,-1.59596400405045E-14,
21.4));
#883=CARTESIAN_POINT('Origin',(4.20024982227825,-0.00279077854092848,21.2999952121019));
#884=CARTESIAN_POINT('Ctrl Pts',(3.82439542656943,-2.4402880574522,21.3276859491798));
#885=CARTESIAN_POINT('Ctrl Pts',(4.11846336388647,-1.93463436973454,21.344088964936));
#886=CARTESIAN_POINT('Ctrl Pts',(4.31170321028055,-1.37681167931731,21.3604612215916));
#887=CARTESIAN_POINT('Ctrl Pts',(4.39168372487038,-0.79757340614389,21.3771260081655));
#888=CARTESIAN_POINT('Ctrl Pts',(3.84332622582378,-2.45075819392139,21.2759249951423));
#889=CARTESIAN_POINT('Ctrl Pts',(4.13893355890467,-1.94271239773266,21.2924076020122));
#890=CARTESIAN_POINT('Ctrl Pts',(4.3332233373941,-1.38228439210085,21.3088572971709));
#891=CARTESIAN_POINT('Ctrl Pts',(4.41373778781951,-0.800131055222058,21.3256063806476));
#892=CARTESIAN_POINT('Ctrl Pts',(3.84800010261511,-2.45192512249195,21.1970600803043));
#893=CARTESIAN_POINT('Ctrl Pts',(4.14398281404772,-1.94345583290932,21.2135581296843));
#894=CARTESIAN_POINT('Ctrl Pts',(4.33864964266585,-1.38232928699191,21.2300294892898));
#895=CARTESIAN_POINT('Ctrl Pts',(4.41936912122326,-0.799520144947842,21.24679777381));
#896=CARTESIAN_POINT('Ctrl Pts',(3.81221937645277,-2.42779783376559,21.0927363740867));
#897=CARTESIAN_POINT('Ctrl Pts',(4.10543055231693,-1.92410971419153,21.1090793555891));
#898=CARTESIAN_POINT('Ctrl Pts',(4.29827490602797,-1.36828305237124,21.1253954316791));
#899=CARTESIAN_POINT('Ctrl Pts',(4.37825520885112,-0.79088554863212,21.1420079266829));
#900=CARTESIAN_POINT('Ctrl Pts',(3.74796481611254,-2.38663681746251,21.0063550789915));
#901=CARTESIAN_POINT('Ctrl Pts',(4.03613355771879,-1.89139940349077,21.0224220888609));
#902=CARTESIAN_POINT('Ctrl Pts',(4.22561933292974,-1.34491483100869,21.0384633843904));
#903=CARTESIAN_POINT('Ctrl Pts',(4.30413869390112,-0.777277686822761,21.0547945433145));
#904=CARTESIAN_POINT('Ctrl Pts',(3.61903918210244,-2.30682153694982,20.9622873536198));
#905=CARTESIAN_POINT('Ctrl Pts',(3.89704379939434,-1.82830496473312,20.9778058589891));
#906=CARTESIAN_POINT('Ctrl Pts',(4.07963297768828,-1.30047460065863,20.9932969296021));
#907=CARTESIAN_POINT('Ctrl Pts',(4.1550607551733,-0.752403680915559,21.0090636506657));
#908=CARTESIAN_POINT('Ctrl Pts',(3.46143830434465,-2.2120122350257,21.0369591126359));
#909=CARTESIAN_POINT('Ctrl Pts',(3.72696372459035,-1.75371537283216,21.0518118639441));
#910=CARTESIAN_POINT('Ctrl Pts',(3.90097584700764,-1.24856850241064,21.0666323475166));
#911=CARTESIAN_POINT('Ctrl Pts',(3.97246290405514,-0.724413780799831,21.0817086935417));
#912=CARTESIAN_POINT('Ctrl Pts',(3.3846816789364,-2.16955147259538,21.2464252524148));
#913=CARTESIAN_POINT('Ctrl Pts',(3.64404560637739,-1.7208227656851,21.2609595947898));
#914=CARTESIAN_POINT('Ctrl Pts',(3.81369688021337,-1.22652523209074,21.2754573351265));
#915=CARTESIAN_POINT('Ctrl Pts',(3.88304386275228,-0.714035981187611,21.2901963332995));
#916=CARTESIAN_POINT('Ctrl Pts',(3.48441187599675,-2.23524018768187,21.4644880385136));
#917=CARTESIAN_POINT('Ctrl Pts',(3.7515744236346,-1.77323878516203,21.4794542315195));
#918=CARTESIAN_POINT('Ctrl Pts',(3.92633258017365,-1.26439030034526,21.4943789419133));
#919=CARTESIAN_POINT('Ctrl Pts',(3.99784407571901,-0.736735850901984,21.5095547732884));
#920=CARTESIAN_POINT('Ctrl Pts',(3.69289822365008,-2.36368039895005,21.5064132993527));
#921=CARTESIAN_POINT('Ctrl Pts',(3.97647956932174,-1.87473904539194,21.52226378302));
#922=CARTESIAN_POINT('Ctrl Pts',(4.16246306691133,-1.33564509423145,21.538081087992));
#923=CARTESIAN_POINT('Ctrl Pts',(4.23900154862343,-0.776408222522303,21.5541680977244));
#924=CARTESIAN_POINT('Ctrl Pts',(3.79915436089696,-2.42632787549328,21.3967005545631));
#925=CARTESIAN_POINT('Ctrl Pts',(4.09124611158056,-1.92373808420454,21.4130015684135));
#926=CARTESIAN_POINT('Ctrl Pts',(4.28298648431231,-1.36966168556146,21.4292622148037));
#927=CARTESIAN_POINT('Ctrl Pts',(4.36227830760488,-0.794163207373,21.4458188448561));
#928=CARTESIAN_POINT('Ctrl Pts',(3.82439542656943,-2.4402880574522,21.3276859491798));
#929=CARTESIAN_POINT('Ctrl Pts',(4.11846336388647,-1.93463436973454,21.344088964936));
#930=CARTESIAN_POINT('Ctrl Pts',(4.31170321028055,-1.37681167931731,21.3604612215916));
#931=CARTESIAN_POINT('Ctrl Pts',(4.39168372487038,-0.79757340614389,21.3771260081655));
#932=CARTESIAN_POINT('',(3.82439542656944,-2.4402880574522,21.3276859491798));
#933=CARTESIAN_POINT('Ctrl Pts',(3.82439542656943,-2.4402880574522,21.3276859491798));
#934=CARTESIAN_POINT('Ctrl Pts',(4.11846336388647,-1.93463436973454,21.344088964936));
#935=CARTESIAN_POINT('Ctrl Pts',(4.31170321028055,-1.37681167931731,21.3604612215916));
#936=CARTESIAN_POINT('Ctrl Pts',(4.39168372487038,-0.79757340614389,21.3771260081655));
#937=CARTESIAN_POINT('Ctrl Pts',(3.82439542656943,-2.4402880574522,21.3276859491798));
#938=CARTESIAN_POINT('Ctrl Pts',(3.79915436089696,-2.42632787549328,21.3967005545631));
#939=CARTESIAN_POINT('Ctrl Pts',(3.69289822365008,-2.36368039895005,21.5064132993527));
#940=CARTESIAN_POINT('Ctrl Pts',(3.48441187599675,-2.23524018768187,21.4644880385136));
#941=CARTESIAN_POINT('Ctrl Pts',(3.3846816789364,-2.16955147259538,21.2464252524148));
#942=CARTESIAN_POINT('Ctrl Pts',(3.46143830434465,-2.2120122350257,21.0369591126359));
#943=CARTESIAN_POINT('Ctrl Pts',(3.61903918210244,-2.30682153694982,20.9622873536198));
#944=CARTESIAN_POINT('Ctrl Pts',(3.74796481611254,-2.38663681746251,21.0063550789915));
#945=CARTESIAN_POINT('Ctrl Pts',(3.81221937645277,-2.42779783376559,21.0927363740867));
#946=CARTESIAN_POINT('Ctrl Pts',(3.84800010261511,-2.45192512249195,21.1970600803043));
#947=CARTESIAN_POINT('Ctrl Pts',(3.84332622582378,-2.45075819392139,21.2759249951423));
#948=CARTESIAN_POINT('Ctrl Pts',(3.82439542656943,-2.4402880574522,21.3276859491798));
#949=CARTESIAN_POINT('Ctrl Pts',(2.65711697630695,-3.76572418803599,21.2782378163367));
#950=CARTESIAN_POINT('Ctrl Pts',(3.12872187133879,-3.40383946084025,21.2946471505696));
#951=CARTESIAN_POINT('Ctrl Pts',(3.52565403042653,-2.95397781911677,21.3110222493808));
#952=CARTESIAN_POINT('Ctrl Pts',(3.82439542656943,-2.4402880574522,21.3276859491798));
#953=CARTESIAN_POINT('Ctrl Pts',(2.67029849732103,-3.78216319756122,21.2262454923788));
#954=CARTESIAN_POINT('Ctrl Pts',(3.14417876668162,-3.41869406448049,21.2427312003908));
#955=CARTESIAN_POINT('Ctrl Pts',(3.5430217810435,-2.9668767974561,21.259180476895));
#956=CARTESIAN_POINT('Ctrl Pts',(3.84332622582378,-2.45075819392139,21.2759249951423));
#957=CARTESIAN_POINT('Ctrl Pts',(2.67363228674311,-3.78435966548201,21.1473345730036));
#958=CARTESIAN_POINT('Ctrl Pts',(3.1479326407011,-3.42070892350736,21.1638324225742));
#959=CARTESIAN_POINT('Ctrl Pts',(3.54731449906924,-2.96847331476785,21.1802999377734));
#960=CARTESIAN_POINT('Ctrl Pts',(3.84799992423902,-2.45192501444587,21.1970601303871));
#961=CARTESIAN_POINT('Ctrl Pts',(2.64896142566192,-3.74759277632506,21.0434819137213));
#962=CARTESIAN_POINT('Ctrl Pts',(3.11876515707649,-3.38740237834239,21.0598230181205));
#963=CARTESIAN_POINT('Ctrl Pts',(3.51434853539791,-2.93949063568953,21.0761335973851));
#964=CARTESIAN_POINT('Ctrl Pts',(3.81221934848712,-2.42779781533126,21.09273631227));
#965=CARTESIAN_POINT('Ctrl Pts',(2.60453618613102,-3.68441174938996,20.9579299031619));
#966=CARTESIAN_POINT('Ctrl Pts',(3.06636802752118,-3.33019927832901,20.9739958890126));
#967=CARTESIAN_POINT('Ctrl Pts',(3.45521452470605,-2.88974799239168,20.9900326410562));
#968=CARTESIAN_POINT('Ctrl Pts',(3.74796478870781,-2.3866368012459,21.0063551045352));
#969=CARTESIAN_POINT('Ctrl Pts',(2.51524225317319,-3.56128203369119,20.9155042145281));
#970=CARTESIAN_POINT('Ctrl Pts',(2.96126927483065,-3.21871787834904,20.9310283500492));
#971=CARTESIAN_POINT('Ctrl Pts',(3.3366101424156,-2.79295336045445,20.9465218269961));
#972=CARTESIAN_POINT('Ctrl Pts',(3.61903914951583,-2.30682151567961,20.9622872913821));
#973=CARTESIAN_POINT('Ctrl Pts',(2.40593324816228,-3.41438801475633,20.9921618146751));
#974=CARTESIAN_POINT('Ctrl Pts',(2.83281667992378,-3.08572863790615,21.0070332410883));
#975=CARTESIAN_POINT('Ctrl Pts',(3.19168109545009,-2.67761231975889,21.0218696451228));
#976=CARTESIAN_POINT('Ctrl Pts',(3.4614383039304,-2.21201223357155,21.0369590566788));
#977=CARTESIAN_POINT('Ctrl Pts',(2.35248807879883,-3.34772321962363,21.2025661363639));
#978=CARTESIAN_POINT('Ctrl Pts',(2.770269592119,-3.02539735005191,21.2171321314014));
#979=CARTESIAN_POINT('Ctrl Pts',(3.12118063660027,-2.62543649010729,21.2316591079786));
#980=CARTESIAN_POINT('Ctrl Pts',(3.3846816872948,-2.1695514766016,21.2464252008259));
#981=CARTESIAN_POINT('Ctrl Pts',(2.42133997253507,-3.44815372438448,21.41932814009));
#982=CARTESIAN_POINT('Ctrl Pts',(2.85162184291389,-3.11632252941526,21.434327860349));
#983=CARTESIAN_POINT('Ctrl Pts',(3.21299122953316,-2.70460391233831,21.4492836277372));
#984=CARTESIAN_POINT('Ctrl Pts',(3.48441192295708,-2.23524022150322,21.4644882758867));
#985=CARTESIAN_POINT('Ctrl Pts',(2.56577280692814,-3.64644062621165,21.4586025131248));
#986=CARTESIAN_POINT('Ctrl Pts',(3.0215259466556,-3.29588325357731,21.4744746673098));
#987=CARTESIAN_POINT('Ctrl Pts',(3.40480480064869,-2.860400298151,21.4903105906548));
#988=CARTESIAN_POINT('Ctrl Pts',(3.6928980460803,-2.3636802886557,21.5064132216733));
#989=CARTESIAN_POINT('Ctrl Pts',(2.63954161495485,-3.74380550866901,21.3475609149472));
#990=CARTESIAN_POINT('Ctrl Pts',(3.1082313799221,-3.38394584169117,21.3638724869818));
#991=CARTESIAN_POINT('Ctrl Pts',(3.50241950836159,-2.9369067043465,21.3801404293172));
#992=CARTESIAN_POINT('Ctrl Pts',(3.79915436089696,-2.42632787549328,21.3967005545631));
#993=CARTESIAN_POINT('Ctrl Pts',(2.65711697630695,-3.76572418803599,21.2782378163367));
#994=CARTESIAN_POINT('Ctrl Pts',(3.12872187133879,-3.40383946084025,21.2946471505696));
#995=CARTESIAN_POINT('Ctrl Pts',(3.52565403042653,-2.95397781911677,21.3110222493808));
#996=CARTESIAN_POINT('Ctrl Pts',(3.82439542656943,-2.4402880574522,21.3276859491798));
#997=CARTESIAN_POINT('',(2.65711697630695,-3.76572418803599,21.2782378163367));
#998=CARTESIAN_POINT('Ctrl Pts',(2.65711697630695,-3.76572418803599,21.2782378163367));
#999=CARTESIAN_POINT('Ctrl Pts',(3.12872187133879,-3.40383946084025,21.2946471505696));
#1000=CARTESIAN_POINT('Ctrl Pts',(3.52565403042653,-2.95397781911677,21.3110222493808));
#1001=CARTESIAN_POINT('Ctrl Pts',(3.82439542656943,-2.4402880574522,21.3276859491798));
#1002=CARTESIAN_POINT('Ctrl Pts',(2.65711697630695,-3.76572418803599,21.2782378163367));
#1003=CARTESIAN_POINT('Ctrl Pts',(2.63954161495485,-3.74380550866901,21.3475609149472));
#1004=CARTESIAN_POINT('Ctrl Pts',(2.56577280692814,-3.64644062621165,21.4586025131248));
#1005=CARTESIAN_POINT('Ctrl Pts',(2.42133997253507,-3.44815372438448,21.41932814009));
#1006=CARTESIAN_POINT('Ctrl Pts',(2.35248807879883,-3.34772321962363,21.2025661363639));
#1007=CARTESIAN_POINT('Ctrl Pts',(2.40593324816228,-3.41438801475633,20.9921618146751));
#1008=CARTESIAN_POINT('Ctrl Pts',(2.51524225317319,-3.56128203369119,20.9155042145281));
#1009=CARTESIAN_POINT('Ctrl Pts',(2.60453618613102,-3.68441174938996,20.9579299031619));
#1010=CARTESIAN_POINT('Ctrl Pts',(2.64896142566192,-3.74759277632506,21.0434819137213));
#1011=CARTESIAN_POINT('Ctrl Pts',(2.67363228674311,-3.78435966548201,21.1473345730036));
#1012=CARTESIAN_POINT('Ctrl Pts',(2.67029849732103,-3.78216319756122,21.2262454923788));
#1013=CARTESIAN_POINT('Ctrl Pts',(2.65711697630695,-3.76572418803599,21.2782378163367));
#1014=CARTESIAN_POINT('Ctrl Pts',(1.04896040048116,-4.56096783850388,21.2287822719374));
#1015=CARTESIAN_POINT('Ctrl Pts',(1.63171647728527,-4.40283025643677,21.2451975146045));
#1016=CARTESIAN_POINT('Ctrl Pts',(2.17823344217268,-4.13319415905276,21.2615752242961));
#1017=CARTESIAN_POINT('Ctrl Pts',(2.65711697630695,-3.76572418803599,21.2782378163367));
#1018=CARTESIAN_POINT('Ctrl Pts',(1.0547509496622,-4.58064893714834,21.1765681054948));
#1019=CARTESIAN_POINT('Ctrl Pts',(1.64014483304173,-4.42192843735302,21.1930566326331));
#1020=CARTESIAN_POINT('Ctrl Pts',(2.18910565380902,-4.15124118995179,21.2095053828764));
#1021=CARTESIAN_POINT('Ctrl Pts',(2.67029849732103,-3.78216319756122,21.2262454923788));
#1022=CARTESIAN_POINT('Ctrl Pts',(1.05674944540969,-4.58314279001432,21.0976208926945));
#1023=CARTESIAN_POINT('Ctrl Pts',(1.64249539491939,-4.42444249425032,21.1141184062745));
#1024=CARTESIAN_POINT('Ctrl Pts',(2.19201341275854,-4.15362182129536,21.1305821255994));
#1025=CARTESIAN_POINT('Ctrl Pts',(2.67363233563253,-3.78435973158811,21.1473345523471));
#1026=CARTESIAN_POINT('Ctrl Pts',(1.04754508409426,-4.53870904111156,20.9942441603135));
#1027=CARTESIAN_POINT('Ctrl Pts',(1.6276776329436,-4.38154015017588,21.0105833611584));
#1028=CARTESIAN_POINT('Ctrl Pts',(2.17190699851658,-4.11334230852728,21.0268886218385));
#1029=CARTESIAN_POINT('Ctrl Pts',(2.64896143332888,-3.74759278751227,21.0434819379871));
#1030=CARTESIAN_POINT('Ctrl Pts',(1.03014685788376,-4.46252865753705,20.9095184409132));
#1031=CARTESIAN_POINT('Ctrl Pts',(1.60051836943787,-4.30789403781621,20.9255833980842));
#1032=CARTESIAN_POINT('Ctrl Pts',(2.13557358280573,-4.04409341196005,20.9416158388096));
#1033=CARTESIAN_POINT('Ctrl Pts',(2.60453619366234,-3.68441175936428,20.957929892965));
#1034=CARTESIAN_POINT('Ctrl Pts',(0.994124966010271,-4.31429998376421,20.8687146165583));
#1035=CARTESIAN_POINT('Ctrl Pts',(1.54539193040922,-4.16445538236788,20.8842441967356));
#1036=CARTESIAN_POINT('Ctrl Pts',(2.06232175247495,-3.90914049945368,20.8997401847982));
#1037=CARTESIAN_POINT('Ctrl Pts',(2.51524226208113,-3.56128204657746,20.9155042389761));
#1038=CARTESIAN_POINT('Ctrl Pts',(0.948984686761674,-4.13770314454764,20.9473187877765));
#1039=CARTESIAN_POINT('Ctrl Pts',(1.47735975339036,-3.99342505588927,20.9622082597253));
#1040=CARTESIAN_POINT('Ctrl Pts',(1.9724432378507,-3.7481333082156,20.9770602977027));
#1041=CARTESIAN_POINT('Ctrl Pts',(2.40593324825366,-3.4143880155414,20.9921618368178));
#1042=CARTESIAN_POINT('Ctrl Pts',(0.925509858314042,-4.05788993536099,21.1586227008251));
#1043=CARTESIAN_POINT('Ctrl Pts',(1.44333857509016,-3.91593854344679,21.1732192019677));
#1044=CARTESIAN_POINT('Ctrl Pts',(1.92823572023862,-3.67504061053823,21.187774622571));
#1045=CARTESIAN_POINT('Ctrl Pts',(2.35248807647421,-3.3477232170599,21.2025661567779));
#1046=CARTESIAN_POINT('Ctrl Pts',(0.951790833798125,-4.17913628054163,21.3740785327748));
#1047=CARTESIAN_POINT('Ctrl Pts',(1.48508550725244,-4.03305932891636,21.389110454552));
#1048=CARTESIAN_POINT('Ctrl Pts',(1.98439886269989,-3.78511967712058,21.404096247825));
#1049=CARTESIAN_POINT('Ctrl Pts',(2.42133995979455,-3.44815370420513,21.4193280464823));
#1050=CARTESIAN_POINT('Ctrl Pts',(1.01029453466718,-4.41778756591498,21.4107385727784));
#1051=CARTESIAN_POINT('Ctrl Pts',(1.57432189976222,-4.26404444380902,21.426631414318));
#1052=CARTESIAN_POINT('Ctrl Pts',(2.10297819604571,-4.00241390638687,21.4424851910545));
#1053=CARTESIAN_POINT('Ctrl Pts',(2.56577285556034,-3.64644069347028,21.4586025428848));
#1054=CARTESIAN_POINT('Ctrl Pts',(1.04123966823978,-4.53472637364459,21.2984011605274));
#1055=CARTESIAN_POINT('Ctrl Pts',(1.62062214987984,-4.37733004421226,21.3147227113641));
#1056=CARTESIAN_POINT('Ctrl Pts',(2.16361667551972,-4.10922024555272,21.3309975488085));
#1057=CARTESIAN_POINT('Ctrl Pts',(2.63954161495485,-3.74380550866901,21.3475609149472));
#1058=CARTESIAN_POINT('Ctrl Pts',(1.04896040048116,-4.56096783850388,21.2287822719374));
#1059=CARTESIAN_POINT('Ctrl Pts',(1.63171647728527,-4.40283025643677,21.2451975146045));
#1060=CARTESIAN_POINT('Ctrl Pts',(2.17823344217268,-4.13319415905276,21.2615752242961));
#1061=CARTESIAN_POINT('Ctrl Pts',(2.65711697630695,-3.76572418803599,21.2782378163367));
#1062=CARTESIAN_POINT('',(1.04896040048116,-4.56096783850388,21.2287822719374));
#1063=CARTESIAN_POINT('Ctrl Pts',(1.04896040048116,-4.56096783850388,21.2287822719374));
#1064=CARTESIAN_POINT('Ctrl Pts',(1.63171647728527,-4.40283025643677,21.2451975146045));
#1065=CARTESIAN_POINT('Ctrl Pts',(2.17823344217268,-4.13319415905276,21.2615752242961));
#1066=CARTESIAN_POINT('Ctrl Pts',(2.65711697630695,-3.76572418803599,21.2782378163367));
#1067=CARTESIAN_POINT('Ctrl Pts',(1.04896040048116,-4.56096783850388,21.2287822719374));
#1068=CARTESIAN_POINT('Ctrl Pts',(1.04123966823978,-4.53472637364459,21.2984011605274));
#1069=CARTESIAN_POINT('Ctrl Pts',(1.01029453466718,-4.41778756591498,21.4107385727784));
#1070=CARTESIAN_POINT('Ctrl Pts',(0.951790833798125,-4.17913628054163,21.3740785327748));
#1071=CARTESIAN_POINT('Ctrl Pts',(0.925509858314042,-4.05788993536099,21.1586227008251));
#1072=CARTESIAN_POINT('Ctrl Pts',(0.948984686761674,-4.13770314454764,20.9473187877765));
#1073=CARTESIAN_POINT('Ctrl Pts',(0.994124966010271,-4.31429998376421,20.8687146165583));
#1074=CARTESIAN_POINT('Ctrl Pts',(1.03014685788376,-4.46252865753705,20.9095184409132));
#1075=CARTESIAN_POINT('Ctrl Pts',(1.04754508409426,-4.53870904111156,20.9942441603135));
#1076=CARTESIAN_POINT('Ctrl Pts',(1.05674944540969,-4.58314279001432,21.0976208926945));
#1077=CARTESIAN_POINT('Ctrl Pts',(1.0547509496622,-4.58064893714834,21.1765681054948));
#1078=CARTESIAN_POINT('Ctrl Pts',(1.04896040048116,-4.56096783850388,21.2287822719374));
#1079=CARTESIAN_POINT('Ctrl Pts',(-0.768177217870091,-4.68787887915132,
21.1793199067758));
#1080=CARTESIAN_POINT('Ctrl Pts',(-0.159834472036801,-4.76404016401369,
21.1957406862859));
#1081=CARTESIAN_POINT('Ctrl Pts',(0.457462975450884,-4.72147748622163,21.212120800431));
#1082=CARTESIAN_POINT('Ctrl Pts',(1.04896040048116,-4.56096783850388,21.2287822719374));
#1083=CARTESIAN_POINT('Ctrl Pts',(-0.7702412259134,-4.70773732649104,21.1268930317877));
#1084=CARTESIAN_POINT('Ctrl Pts',(-0.159306941324582,-4.78435233320194,
21.1433841267722));
#1085=CARTESIAN_POINT('Ctrl Pts',(0.46057749987009,-4.74174993590984,21.1598322829851));
#1086=CARTESIAN_POINT('Ctrl Pts',(1.0547509496622,-4.58064893714834,21.1765681054948));
#1087=CARTESIAN_POINT('Ctrl Pts',(-0.769267289809028,-4.70997716945514,
21.0479186199529));
#1088=CARTESIAN_POINT('Ctrl Pts',(-0.158121926538046,-4.78673120335579,
21.0644156828559));
#1089=CARTESIAN_POINT('Ctrl Pts',(0.46221940944457,-4.74422415232177,21.080875694844));
#1090=CARTESIAN_POINT('Ctrl Pts',(1.05674968862616,-4.58314375276799,21.0976206285859));
#1091=CARTESIAN_POINT('Ctrl Pts',(-0.760827564923443,-4.66429344874651,
20.9450227714925));
#1092=CARTESIAN_POINT('Ctrl Pts',(-0.155597322481111,-4.74031486777722,
20.9613600558701));
#1093=CARTESIAN_POINT('Ctrl Pts',(0.458710572360984,-4.69823573264159,20.9776601559971));
#1094=CARTESIAN_POINT('Ctrl Pts',(1.04754511801054,-4.53870919877381,20.994244455241));
#1095=CARTESIAN_POINT('Ctrl Pts',(-0.747938419351599,-4.58632628320056,
20.8611200803782));
#1096=CARTESIAN_POINT('Ctrl Pts',(-0.152816890935579,-4.66097075897311,
20.8771840146917));
#1097=CARTESIAN_POINT('Ctrl Pts',(0.451216110996723,-4.61948400287582,20.8932122707184));
#1098=CARTESIAN_POINT('Ctrl Pts',(1.03014689558095,-4.46252880055604,20.9095183120695));
#1099=CARTESIAN_POINT('Ctrl Pts',(-0.724978430116098,-4.43509690524706,
20.8219188674192));
#1100=CARTESIAN_POINT('Ctrl Pts',(-0.149407919879241,-4.50691018400071,
20.8374537255144));
#1101=CARTESIAN_POINT('Ctrl Pts',(0.434577526049286,-4.46639545863877,20.8529520712295));
#1102=CARTESIAN_POINT('Ctrl Pts',(0.994125007112867,-4.31430017027186,20.8687149093361));
#1103=CARTESIAN_POINT('Ctrl Pts',(-0.699797508693038,-4.25541285632147,
20.9024317820158));
#1104=CARTESIAN_POINT('Ctrl Pts',(-0.147415775323945,-4.32369508140186,
20.9173387131048));
#1105=CARTESIAN_POINT('Ctrl Pts',(0.412662523128559,-4.28415086521356,20.9322056697534));
#1106=CARTESIAN_POINT('Ctrl Pts',(0.948984684870784,-4.13770315562303,20.9473190528901));
#1107=CARTESIAN_POINT('Ctrl Pts',(-0.691419742347081,-4.17487870065148,
21.114598281912));
#1108=CARTESIAN_POINT('Ctrl Pts',(-0.149394013177401,-4.24134375731363,
21.1292242169499));
#1109=CARTESIAN_POINT('Ctrl Pts',(0.399886822037567,-4.20197725592939,21.143806801416));
#1110=CARTESIAN_POINT('Ctrl Pts',(0.925509845260797,-4.05788990029157,21.1586229502874));
#1111=CARTESIAN_POINT('Ctrl Pts',(-0.713310654354633,-4.29927775024133,
21.3287421269966));
#1112=CARTESIAN_POINT('Ctrl Pts',(-0.155116623289024,-4.36783635324601,
21.3438050129711));
#1113=CARTESIAN_POINT('Ctrl Pts',(0.410475280491826,-4.32740932707376,21.35881945523));
#1114=CARTESIAN_POINT('Ctrl Pts',(0.951790779668006,-4.17913598254159,21.3740774048265));
#1115=CARTESIAN_POINT('Ctrl Pts',(-0.749780961772891,-4.54265023297842,
21.362824087604));
#1116=CARTESIAN_POINT('Ctrl Pts',(-0.160190124473633,-4.61579475750582,
21.3787367051436));
#1117=CARTESIAN_POINT('Ctrl Pts',(0.437798291471827,-4.57383988563038,21.394607475746));
#1118=CARTESIAN_POINT('Ctrl Pts',(1.01029477054927,-4.41778854275874,21.4107389278226));
#1119=CARTESIAN_POINT('Ctrl Pts',(-0.765425207145678,-4.66140094936502,
21.2492224067598));
#1120=CARTESIAN_POINT('Ctrl Pts',(-0.160391017497872,-4.73697853746831,
21.2655534056927));
#1121=CARTESIAN_POINT('Ctrl Pts',(0.453164702431835,-4.69448404919026,21.2818347441177));
#1122=CARTESIAN_POINT('Ctrl Pts',(1.04123966823978,-4.53472637364459,21.2984011605274));
#1123=CARTESIAN_POINT('Ctrl Pts',(-0.768177217870091,-4.68787887915132,
21.1793199067758));
#1124=CARTESIAN_POINT('Ctrl Pts',(-0.159834472036801,-4.76404016401369,
21.1957406862859));
#1125=CARTESIAN_POINT('Ctrl Pts',(0.457462975450884,-4.72147748622163,21.212120800431));
#1126=CARTESIAN_POINT('Ctrl Pts',(1.04896040048116,-4.56096783850388,21.2287822719374));
#1127=CARTESIAN_POINT('',(-0.768177217870091,-4.68787887915132,21.1793199067758));
#1128=CARTESIAN_POINT('Ctrl Pts',(-0.768177217870091,-4.68787887915132,
21.1793199067758));
#1129=CARTESIAN_POINT('Ctrl Pts',(-0.159834472036801,-4.76404016401369,
21.1957406862859));
#1130=CARTESIAN_POINT('Ctrl Pts',(0.457462975450884,-4.72147748622163,21.212120800431));
#1131=CARTESIAN_POINT('Ctrl Pts',(1.04896040048116,-4.56096783850388,21.2287822719374));
#1132=CARTESIAN_POINT('Ctrl Pts',(-0.768177217870091,-4.68787887915132,
21.1793199067758));
#1133=CARTESIAN_POINT('Ctrl Pts',(-0.765425207145678,-4.66140094936502,
21.2492224067598));
#1134=CARTESIAN_POINT('Ctrl Pts',(-0.749780961772891,-4.54265023297842,
21.362824087604));
#1135=CARTESIAN_POINT('Ctrl Pts',(-0.713310654354633,-4.29927775024133,
21.3287421269966));
#1136=CARTESIAN_POINT('Ctrl Pts',(-0.691419742347081,-4.17487870065148,
21.114598281912));
#1137=CARTESIAN_POINT('Ctrl Pts',(-0.699797508693038,-4.25541285632147,
20.9024317820158));
#1138=CARTESIAN_POINT('Ctrl Pts',(-0.724978430116098,-4.43509690524706,
20.8219188674192));
#1139=CARTESIAN_POINT('Ctrl Pts',(-0.747938419351599,-4.58632628320056,
20.8611200803782));
#1140=CARTESIAN_POINT('Ctrl Pts',(-0.760827564923443,-4.66429344874651,
20.9450227714925));
#1141=CARTESIAN_POINT('Ctrl Pts',(-0.769267289809028,-4.70997716945514,
21.0479186199529));
#1142=CARTESIAN_POINT('Ctrl Pts',(-0.7702412259134,-4.70773732649104,21.1268930317877));
#1143=CARTESIAN_POINT('Ctrl Pts',(-0.768177217870091,-4.68787887915132,
21.1793199067758));
#1144=CARTESIAN_POINT('Ctrl Pts',(3.0112120478744,-0.825323540736077,22.1659390660458));
#1145=CARTESIAN_POINT('Ctrl Pts',(3.06266393531893,-0.552769470450829,22.1772129209194));
#1146=CARTESIAN_POINT('Ctrl Pts',(3.07713791484935,-0.27510164706184,22.1885304240872));
#1147=CARTESIAN_POINT('Ctrl Pts',(3.0539079955926,-1.58921868875854E-14,
22.2));
#1148=CARTESIAN_POINT('Ctrl Pts',(3.04322417709355,-0.830476183885175,22.1201584027436));
#1149=CARTESIAN_POINT('Ctrl Pts',(3.09531152624041,-0.555037110953737,22.131552081647));
#1150=CARTESIAN_POINT('Ctrl Pts',(3.11003119743269,-0.274483775175801,22.1429869603937));
#1151=CARTESIAN_POINT('Ctrl Pts',(3.08663482585011,0.00366773362184222,
22.1545830693206));
#1152=CARTESIAN_POINT('Ctrl Pts',(3.06489081258644,-0.832312848301187,22.0443290029496));
#1153=CARTESIAN_POINT('Ctrl Pts',(3.11740592900857,-0.555020162892512,22.0557997550304));
#1154=CARTESIAN_POINT('Ctrl Pts',(3.13232574559134,-0.272341107595106,22.0673212162539));
#1155=CARTESIAN_POINT('Ctrl Pts',(3.10883739642279,0.00782284958415755,
22.0790006958849));
#1156=CARTESIAN_POINT('Ctrl Pts',(3.04418185953886,-0.823103202745977,21.9143121081792));
#1157=CARTESIAN_POINT('Ctrl Pts',(3.09635039636668,-0.547688628803437,21.9257051531128));
#1158=CARTESIAN_POINT('Ctrl Pts',(3.1111803812659,-0.266956213134355,21.9371472507298));
#1159=CARTESIAN_POINT('Ctrl Pts',(3.08785194005337,0.0114045445249413,21.9487514988984));
#1160=CARTESIAN_POINT('Ctrl Pts',(2.97756369420846,-0.805326988243928,21.8179748507782));
#1161=CARTESIAN_POINT('Ctrl Pts',(3.02848850249462,-0.535924377485319,21.8291185548722));
#1162=CARTESIAN_POINT('Ctrl Pts',(3.04288927204932,-0.261304879337192,21.8403117688667));
#1163=CARTESIAN_POINT('Ctrl Pts',(3.01996953030204,0.010918966811937,21.8516609042035));
#1164=CARTESIAN_POINT('Ctrl Pts',(2.83925605757449,-0.773636441747025,21.7596363191102));
#1165=CARTESIAN_POINT('Ctrl Pts',(2.88755847392622,-0.516625371411725,21.7702658342068));
#1166=CARTESIAN_POINT('Ctrl Pts',(2.90099482247141,-0.254788352183747,21.7809386437039));
#1167=CARTESIAN_POINT('Ctrl Pts',(2.87887223327006,0.00462649604853951,
21.791755687839));
#1168=CARTESIAN_POINT('Ctrl Pts',(2.66696101790235,-0.737905886623861,21.788765235605));
#1169=CARTESIAN_POINT('Ctrl Pts',(2.7119605873222,-0.496299967547601,21.7987553223096));
#1170=CARTESIAN_POINT('Ctrl Pts',(2.72414785673697,-0.250384362426568,21.8087800071151));
#1171=CARTESIAN_POINT('Ctrl Pts',(2.70298348946464,-0.00700959210944677,
21.8189310129727));
#1172=CARTESIAN_POINT('Ctrl Pts',(2.53711412450477,-0.716996357149482,21.9742019052103));
#1173=CARTESIAN_POINT('Ctrl Pts',(2.5795688145024,-0.486940180846514,21.9837122876466));
#1174=CARTESIAN_POINT('Ctrl Pts',(2.5907366210412,-0.253039575329841,21.993247970811));
#1175=CARTESIAN_POINT('Ctrl Pts',(2.57023794164387,-0.0218769545564743,
22.0028923231708));
#1176=CARTESIAN_POINT('Ctrl Pts',(2.60278545998859,-0.739807759847666,22.2128156382758));
#1177=CARTESIAN_POINT('Ctrl Pts',(2.64641901049826,-0.503763587958154,22.2225741021235));
#1178=CARTESIAN_POINT('Ctrl Pts',(2.6579400959499,-0.263868697940916,22.2323539141297));
#1179=CARTESIAN_POINT('Ctrl Pts',(2.63698832162884,-0.0267563364025631,
22.2422459870437));
#1180=CARTESIAN_POINT('Ctrl Pts',(2.82680079355758,-0.791130751453043,22.3071474662326));
#1181=CARTESIAN_POINT('Ctrl Pts',(2.87467552334609,-0.535046149036583,22.3177375113392));
#1182=CARTESIAN_POINT('Ctrl Pts',(2.88776314970116,-0.274386707372273,22.3283627456042));
#1183=CARTESIAN_POINT('Ctrl Pts',(2.86552222142686,-0.0165585819315245,
22.3391153596745));
#1184=CARTESIAN_POINT('Ctrl Pts',(2.96852920891553,-0.818453349870613,22.2269799504488));
#1185=CARTESIAN_POINT('Ctrl Pts',(3.01915708803576,-0.549636304071906,22.2380985900256));
#1186=CARTESIAN_POINT('Ctrl Pts',(3.03328720459851,-0.27603900559935,22.2492503267352));
#1187=CARTESIAN_POINT('Ctrl Pts',(3.01027222191591,-0.00489031149582671,
22.2605559075725));
#1188=CARTESIAN_POINT('Ctrl Pts',(3.0112120478744,-0.825323540736077,22.1659390660458));
#1189=CARTESIAN_POINT('Ctrl Pts',(3.06266393531893,-0.552769470450829,22.1772129209194));
#1190=CARTESIAN_POINT('Ctrl Pts',(3.07713791484935,-0.27510164706184,22.1885304240872));
#1191=CARTESIAN_POINT('Ctrl Pts',(3.0539079955926,-1.58932701075123E-14,
22.2));
#1192=CARTESIAN_POINT('',(3.0112120478744,-0.825323540736077,22.1659390660458));
#1193=CARTESIAN_POINT('Ctrl Pts',(3.0112120478744,-0.825323540736077,22.1659390660458));
#1194=CARTESIAN_POINT('Ctrl Pts',(2.96852920891553,-0.818453349870613,22.2269799504488));
#1195=CARTESIAN_POINT('Ctrl Pts',(2.82680079355758,-0.791130751453043,22.3071474662326));
#1196=CARTESIAN_POINT('Ctrl Pts',(2.60278545998859,-0.739807759847666,22.2128156382758));
#1197=CARTESIAN_POINT('Ctrl Pts',(2.53711412450477,-0.716996357149482,21.9742019052103));
#1198=CARTESIAN_POINT('Ctrl Pts',(2.66696101790235,-0.737905886623861,21.788765235605));
#1199=CARTESIAN_POINT('Ctrl Pts',(2.83925605757449,-0.773636441747025,21.7596363191102));
#1200=CARTESIAN_POINT('Ctrl Pts',(2.97756369420846,-0.805326988243928,21.8179748507782));
#1201=CARTESIAN_POINT('Ctrl Pts',(3.04418185953886,-0.823103202745977,21.9143121081792));
#1202=CARTESIAN_POINT('Ctrl Pts',(3.06489081258644,-0.832312848301187,22.0443290029496));
#1203=CARTESIAN_POINT('Ctrl Pts',(3.04322417709355,-0.830476183885175,22.1201584027436));
#1204=CARTESIAN_POINT('Ctrl Pts',(3.0112120478744,-0.825323540736077,22.1659390660458));
#1205=CARTESIAN_POINT('',(3.0539079955926,-1.59645892950006E-14,22.2));
#1206=CARTESIAN_POINT('Ctrl Pts',(3.0112120478744,-0.825323540736077,22.1659390660458));
#1207=CARTESIAN_POINT('Ctrl Pts',(3.06266393531893,-0.552769470450829,22.1772129209194));
#1208=CARTESIAN_POINT('Ctrl Pts',(3.07713791484935,-0.27510164706184,22.1885304240872));
#1209=CARTESIAN_POINT('Ctrl Pts',(3.0539079955926,-1.58932701075123E-14,
22.2));
#1210=CARTESIAN_POINT('Origin',(2.8514153659581,-0.00677843023829554,22.0535391252682));
#1211=CARTESIAN_POINT('Ctrl Pts',(2.55661246351949,-1.95537983468122,22.1168668278576));
#1212=CARTESIAN_POINT('Ctrl Pts',(2.78006857290758,-1.61156142177501,22.133040168684));
#1213=CARTESIAN_POINT('Ctrl Pts',(2.93520157714447,-1.22797083339516,22.1492840693402));
#1214=CARTESIAN_POINT('Ctrl Pts',(3.0112120478744,-0.825323540736077,22.1659390660458));
#1215=CARTESIAN_POINT('Ctrl Pts',(2.58364520974875,-1.97194759616436,22.0705857821509));
#1216=CARTESIAN_POINT('Ctrl Pts',(2.8094516879401,-1.62474639856506,22.0869212545347));
#1217=CARTESIAN_POINT('Ctrl Pts',(2.96628042155401,-1.23736030621324,22.1033274175599));
#1218=CARTESIAN_POINT('Ctrl Pts',(3.04322417709355,-0.830476183885175,22.1201584027436));
#1219=CARTESIAN_POINT('Ctrl Pts',(2.60204910832116,-1.98136016862659,21.9943254642362));
#1220=CARTESIAN_POINT('Ctrl Pts',(2.82937357609965,-1.63202682648605,22.0107638265662));
#1221=CARTESIAN_POINT('Ctrl Pts',(2.9874197132417,-1.24199969504284,22.027283576627));
#1222=CARTESIAN_POINT('Ctrl Pts',(3.06500494251605,-0.832333591601519,22.0442302499564));
#1223=CARTESIAN_POINT('Ctrl Pts',(2.58683246331305,-1.96632353639067,21.883473629307));
#1224=CARTESIAN_POINT('Ctrl Pts',(2.81273006073898,-1.61920006356661,21.8998081528084));
#1225=CARTESIAN_POINT('Ctrl Pts',(2.96981179437778,-1.23161343824853,21.9162249162969));
#1226=CARTESIAN_POINT('Ctrl Pts',(3.04694535035477,-0.824384031690928,21.9330707630483));
#1227=CARTESIAN_POINT('Ctrl Pts',(2.54158976977577,-1.93119223172149,21.7834557275582));
#1228=CARTESIAN_POINT('Ctrl Pts',(2.76342524290737,-1.59011778080125,21.7995030237082));
#1229=CARTESIAN_POINT('Ctrl Pts',(2.91764752988731,-1.20929745641679,21.8156322343969));
#1230=CARTESIAN_POINT('Ctrl Pts',(2.99331709132096,-0.809214948936325,21.8321817184604));
#1231=CARTESIAN_POINT('Ctrl Pts',(2.42787095549222,-1.85029371348919,21.7095796886038));
#1232=CARTESIAN_POINT('Ctrl Pts',(2.63966550134131,-1.52397587311162,21.7249237795423));
#1233=CARTESIAN_POINT('Ctrl Pts',(2.78666594345563,-1.15988120073059,21.740340341999));
#1234=CARTESIAN_POINT('Ctrl Pts',(2.8585728732828,-0.777634235996446,21.756149735839));
#1235=CARTESIAN_POINT('Ctrl Pts',(2.26604585301213,-1.74105131785206,21.7453779731663));
#1236=CARTESIAN_POINT('Ctrl Pts',(2.46368194060711,-1.43538380603121,21.7597359506829));
#1237=CARTESIAN_POINT('Ctrl Pts',(2.60038384067941,-1.09485242494868,21.7741470574881));
#1238=CARTESIAN_POINT('Ctrl Pts',(2.66686927011955,-0.737891500311468,21.7889068033109));
#1239=CARTESIAN_POINT('Ctrl Pts',(2.15651069315598,-1.67390828818139,21.9326329438042));
#1240=CARTESIAN_POINT('Ctrl Pts',(2.34470177011676,-1.38183248120757,21.9463394644397));
#1241=CARTESIAN_POINT('Ctrl Pts',(2.47442438775907,-1.05693651947078,21.9600817492916));
#1242=CARTESIAN_POINT('Ctrl Pts',(2.53715785185537,-0.71700320515862,21.9741342008637));
#1243=CARTESIAN_POINT('Ctrl Pts',(2.21182628088848,-1.72167287200258,22.1702681157725));
#1244=CARTESIAN_POINT('Ctrl Pts',(2.40510056699904,-1.42190090492472,22.1843384486637));
#1245=CARTESIAN_POINT('Ctrl Pts',(2.53828740093676,-1.08857073699411,22.1984379276869));
#1246=CARTESIAN_POINT('Ctrl Pts',(2.6027597388921,-0.73980376494091,22.2128563648137));
#1247=CARTESIAN_POINT('Ctrl Pts',(2.40092901180958,-1.85485725497431,22.2609549806644));
#1248=CARTESIAN_POINT('Ctrl Pts',(2.61083904325355,-1.5306724391962,22.2761891391812));
#1249=CARTESIAN_POINT('Ctrl Pts',(2.75608356727644,-1.16948092805517,22.2914762455736));
#1250=CARTESIAN_POINT('Ctrl Pts',(2.8268161480035,-0.791133102517804,22.3071222378184));
#1251=CARTESIAN_POINT('Ctrl Pts',(2.52056880188047,-1.93328948603703,22.1785748887998));
#1252=CARTESIAN_POINT('Ctrl Pts',(2.74096653703253,-1.59387056971084,22.1945373382275));
#1253=CARTESIAN_POINT('Ctrl Pts',(2.89373484205623,-1.2155855610662,22.2105540436493));
#1254=CARTESIAN_POINT('Ctrl Pts',(2.96852920891553,-0.818453349870613,22.2269799504488));
#1255=CARTESIAN_POINT('Ctrl Pts',(2.55661246351949,-1.95537983468122,22.1168668278576));
#1256=CARTESIAN_POINT('Ctrl Pts',(2.78006857290758,-1.61156142177501,22.133040168684));
#1257=CARTESIAN_POINT('Ctrl Pts',(2.93520157714447,-1.22797083339516,22.1492840693402));
#1258=CARTESIAN_POINT('Ctrl Pts',(3.0112120478744,-0.825323540736077,22.1659390660458));
#1259=CARTESIAN_POINT('',(2.55661246351949,-1.95537983468122,22.1168668278576));
#1260=CARTESIAN_POINT('Ctrl Pts',(2.55661246351949,-1.95537983468122,22.1168668278576));
#1261=CARTESIAN_POINT('Ctrl Pts',(2.78006857290758,-1.61156142177501,22.133040168684));
#1262=CARTESIAN_POINT('Ctrl Pts',(2.93520157714447,-1.22797083339516,22.1492840693402));
#1263=CARTESIAN_POINT('Ctrl Pts',(3.0112120478744,-0.825323540736077,22.1659390660458));
#1264=CARTESIAN_POINT('Ctrl Pts',(2.55661246351949,-1.95537983468122,22.1168668278576));
#1265=CARTESIAN_POINT('Ctrl Pts',(2.52056880188047,-1.93328948603703,22.1785748887998));
#1266=CARTESIAN_POINT('Ctrl Pts',(2.40092901180958,-1.85485725497431,22.2609549806644));
#1267=CARTESIAN_POINT('Ctrl Pts',(2.21182628088848,-1.72167287200258,22.1702681157725));
#1268=CARTESIAN_POINT('Ctrl Pts',(2.15651069315598,-1.67390828818139,21.9326329438042));
#1269=CARTESIAN_POINT('Ctrl Pts',(2.26604585301213,-1.74105131785206,21.7453779731663));
#1270=CARTESIAN_POINT('Ctrl Pts',(2.42787095549222,-1.85029371348919,21.7095796886038));
#1271=CARTESIAN_POINT('Ctrl Pts',(2.54158976977577,-1.93119223172149,21.7834557275582));
#1272=CARTESIAN_POINT('Ctrl Pts',(2.58683246331305,-1.96632353639067,21.883473629307));
#1273=CARTESIAN_POINT('Ctrl Pts',(2.60204910832116,-1.98136016862659,21.9943254642362));
#1274=CARTESIAN_POINT('Ctrl Pts',(2.58364520974875,-1.97194759616436,22.0705857821509));
#1275=CARTESIAN_POINT('Ctrl Pts',(2.55661246351949,-1.95537983468122,22.1168668278576));
#1276=CARTESIAN_POINT('Ctrl Pts',(1.68061060927718,-2.85492133744065,22.0677424578477));
#1277=CARTESIAN_POINT('Ctrl Pts',(2.0283249485039,-2.61459746232495,22.0839446125559));
#1278=CARTESIAN_POINT('Ctrl Pts',(2.32642968200443,-2.30954817152179,22.1002066229162));
#1279=CARTESIAN_POINT('Ctrl Pts',(2.55661246351949,-1.95537983468122,22.1168668278576));
#1280=CARTESIAN_POINT('Ctrl Pts',(1.69889431546649,-2.87995661928949,22.0209863242212));
#1281=CARTESIAN_POINT('Ctrl Pts',(2.04999584964543,-2.63744658647977,22.037342729678));
#1282=CARTESIAN_POINT('Ctrl Pts',(2.35104342110504,-2.32959749155631,22.0537587056889));
#1283=CARTESIAN_POINT('Ctrl Pts',(2.58364520974875,-1.97194759616436,22.0705857821509));
#1284=CARTESIAN_POINT('Ctrl Pts',(1.71162419323602,-2.89474484282311,21.9444213813137));
#1285=CARTESIAN_POINT('Ctrl Pts',(2.06481763452292,-2.65092398126401,21.9608721082814));
#1286=CARTESIAN_POINT('Ctrl Pts',(2.36788506827782,-2.34120418924304,21.977392502504));
#1287=CARTESIAN_POINT('Ctrl Pts',(2.60204903316339,-1.98136011734274,21.9943254677369));
#1288=CARTESIAN_POINT('Ctrl Pts',(1.70219623348792,-2.87375204826554,21.8338944809815));
#1289=CARTESIAN_POINT('Ctrl Pts',(2.05304923074649,-2.63155849004164,21.8502358274347));
#1290=CARTESIAN_POINT('Ctrl Pts',(2.35413745856854,-2.32389254177711,21.866647537158));
#1291=CARTESIAN_POINT('Ctrl Pts',(2.58683245786603,-1.96632353146229,21.8834736005146));
#1292=CARTESIAN_POINT('Ctrl Pts',(1.672715983584,-2.82290676011738,21.7347463317539));
#1293=CARTESIAN_POINT('Ctrl Pts',(2.01734650071372,-2.5848806708891,21.7508006821597));
#1294=CARTESIAN_POINT('Ctrl Pts',(2.31307606158106,-2.28253472254673,21.7669253327829));
#1295=CARTESIAN_POINT('Ctrl Pts',(2.54158975708523,-1.93119222339912,21.7834557362284));
#1296=CARTESIAN_POINT('Ctrl Pts',(1.59749641427819,-2.70405363467234,21.6629816934471));
#1297=CARTESIAN_POINT('Ctrl Pts',(1.92710169109114,-2.47595310488102,21.6783463388597));
#1298=CARTESIAN_POINT('Ctrl Pts',(2.2096922385973,-2.18644741600204,21.6937730732409));
#1299=CARTESIAN_POINT('Ctrl Pts',(2.42787094739893,-1.8502937067482,21.7095796597685));
#1300=CARTESIAN_POINT('Ctrl Pts',(1.489567619294,-2.5420256184752,21.7017253869635));
#1301=CARTESIAN_POINT('Ctrl Pts',(1.79827278969605,-2.3276181352787,21.7161333711187));
#1302=CARTESIAN_POINT('Ctrl Pts',(2.06243982255541,-2.05595056895513,21.7305863543002));
#1303=CARTESIAN_POINT('Ctrl Pts',(2.26604585707416,-1.74105131968479,21.7453779504662));
#1304=CARTESIAN_POINT('Ctrl Pts',(1.4154848010412,-2.44057030330973,21.8909055034523));
#1305=CARTESIAN_POINT('Ctrl Pts',(1.71058225689007,-2.23494392489907,21.9046938382397));
#1306=CARTESIAN_POINT('Ctrl Pts',(1.96262549523845,-1.97481898153986,21.9185118286568));
#1307=CARTESIAN_POINT('Ctrl Pts',(2.15651070015334,-1.67390829209243,21.9326329227751));
#1308=CARTESIAN_POINT('Ctrl Pts',(1.45080073256149,-2.5085500012049,22.1274289669036));
#1309=CARTESIAN_POINT('Ctrl Pts',(1.75391505529615,-2.29746537184986,22.1415891925953));
#1310=CARTESIAN_POINT('Ctrl Pts',(2.0127083855559,-2.03050606793814,22.155772609844));
#1311=CARTESIAN_POINT('Ctrl Pts',(2.21182628219194,-1.72167287719087,22.170268218769));
#1312=CARTESIAN_POINT('Ctrl Pts',(1.57608606056135,-2.70456940558864,22.2146180917001));
#1313=CARTESIAN_POINT('Ctrl Pts',(1.90402898063398,-2.47710896311808,22.2299174091075));
#1314=CARTESIAN_POINT('Ctrl Pts',(2.18468820744414,-2.18881808198926,22.2452613882703));
#1315=CARTESIAN_POINT('Ctrl Pts',(2.4009289475643,-1.85485720888378,22.2609549296498));
#1316=CARTESIAN_POINT('Ctrl Pts',(1.6562323343581,-2.8215409616422,22.1300839693495));
#1317=CARTESIAN_POINT('Ctrl Pts',(1.99954331275844,-2.58405738533309,22.1460856387594));
#1318=CARTESIAN_POINT('Ctrl Pts',(2.29353370271754,-2.28292987525674,22.1621317403288));
#1319=CARTESIAN_POINT('Ctrl Pts',(2.52056880188047,-1.93328948603703,22.1785748887998));
#1320=CARTESIAN_POINT('Ctrl Pts',(1.68061060927718,-2.85492133744065,22.0677424578477));
#1321=CARTESIAN_POINT('Ctrl Pts',(2.0283249485039,-2.61459746232495,22.0839446125559));
#1322=CARTESIAN_POINT('Ctrl Pts',(2.32642968200443,-2.30954817152179,22.1002066229162));
#1323=CARTESIAN_POINT('Ctrl Pts',(2.55661246351949,-1.95537983468122,22.1168668278576));
#1324=CARTESIAN_POINT('',(1.68061060927718,-2.85492133744065,22.0677424578477));
#1325=CARTESIAN_POINT('Ctrl Pts',(1.68061060927718,-2.85492133744065,22.0677424578477));
#1326=CARTESIAN_POINT('Ctrl Pts',(2.0283249485039,-2.61459746232495,22.0839446125559));
#1327=CARTESIAN_POINT('Ctrl Pts',(2.32642968200443,-2.30954817152179,22.1002066229162));
#1328=CARTESIAN_POINT('Ctrl Pts',(2.55661246351949,-1.95537983468122,22.1168668278576));
#1329=CARTESIAN_POINT('Ctrl Pts',(1.68061060927718,-2.85492133744065,22.0677424578477));
#1330=CARTESIAN_POINT('Ctrl Pts',(1.6562323343581,-2.8215409616422,22.1300839693495));
#1331=CARTESIAN_POINT('Ctrl Pts',(1.57608606056135,-2.70456940558864,22.2146180917001));
#1332=CARTESIAN_POINT('Ctrl Pts',(1.45080073256149,-2.5085500012049,22.1274289669036));
#1333=CARTESIAN_POINT('Ctrl Pts',(1.4154848010412,-2.44057030330973,21.8909055034523));
#1334=CARTESIAN_POINT('Ctrl Pts',(1.489567619294,-2.5420256184752,21.7017253869635));
#1335=CARTESIAN_POINT('Ctrl Pts',(1.59749641427819,-2.70405363467234,21.6629816934471));
#1336=CARTESIAN_POINT('Ctrl Pts',(1.672715983584,-2.82290676011738,21.7347463317539));
#1337=CARTESIAN_POINT('Ctrl Pts',(1.70219623348792,-2.87375204826554,21.8338944809815));
#1338=CARTESIAN_POINT('Ctrl Pts',(1.71162419323602,-2.89474484282311,21.9444213813137));
#1339=CARTESIAN_POINT('Ctrl Pts',(1.69889431546649,-2.87995661928949,22.0209863242212));
#1340=CARTESIAN_POINT('Ctrl Pts',(1.68061060927718,-2.85492133744065,22.0677424578477));
#1341=CARTESIAN_POINT('Ctrl Pts',(0.49494901053475,-3.36884806936803,22.0185734768517));
#1342=CARTESIAN_POINT('Ctrl Pts',(0.919936223492813,-3.27600604944986,22.0348009133567));
#1343=CARTESIAN_POINT('Ctrl Pts',(1.32298415679729,-3.10209600126091,22.0510784366751));
#1344=CARTESIAN_POINT('Ctrl Pts',(1.68061060927718,-2.85492133744065,22.0677424578477));
#1345=CARTESIAN_POINT('Ctrl Pts',(0.502173061066053,-3.39828323158885,21.9713656427569));
#1346=CARTESIAN_POINT('Ctrl Pts',(0.931039530425531,-3.30472430981527,21.9877399923615));
#1347=CARTESIAN_POINT('Ctrl Pts',(1.33778702026031,-3.12937787265263,22.0041637821366));
#1348=CARTESIAN_POINT('Ctrl Pts',(1.69889431546649,-2.87995661928949,22.0209863242212));
#1349=CARTESIAN_POINT('Ctrl Pts',(0.508022792315536,-3.41570980281653,21.8945214313178));
#1350=CARTESIAN_POINT('Ctrl Pts',(0.939180254293401,-3.32176418050347,21.910982164565));
#1351=CARTESIAN_POINT('Ctrl Pts',(1.34836744598324,-3.14551310470785,21.9275019090588));
#1352=CARTESIAN_POINT('Ctrl Pts',(1.71162426063023,-2.89474494505636,21.9444213747386));
#1353=CARTESIAN_POINT('Ctrl Pts',(0.506806259480344,-3.39114751169799,21.784335277294));
#1354=CARTESIAN_POINT('Ctrl Pts',(0.934972162875368,-3.29786363492337,21.8006815890652));
#1355=CARTESIAN_POINT('Ctrl Pts',(1.34134523962811,-3.12284746254907,21.817087489297));
#1356=CARTESIAN_POINT('Ctrl Pts',(1.70219623811292,-2.87375205762773,21.8338945196104));
#1357=CARTESIAN_POINT('Ctrl Pts',(0.498410340657593,-3.33152192645008,21.6860551115577));
#1358=CARTESIAN_POINT('Ctrl Pts',(0.919046414309825,-3.2397707871752,21.7021147966593));
#1359=CARTESIAN_POINT('Ctrl Pts',(1.31826037485996,-3.06771890488088,21.7182342652815));
#1360=CARTESIAN_POINT('Ctrl Pts',(1.67271599503025,-2.82290677682743,21.7347463197563));
#1361=CARTESIAN_POINT('Ctrl Pts',(0.473611544151309,-3.1920161742577,21.6163602664678));
#1362=CARTESIAN_POINT('Ctrl Pts',(0.876432022506199,-3.10377010119812,21.6317430483192));
#1363=CARTESIAN_POINT('Ctrl Pts',(1.25848275089541,-2.93866493064201,21.6471785282841));
#1364=CARTESIAN_POINT('Ctrl Pts',(1.59749642128431,-2.70405364765942,21.6629817320581));
#1365=CARTESIAN_POINT('Ctrl Pts',(0.435388545664864,-3.00172370059123,21.6579602747162));
#1366=CARTESIAN_POINT('Ctrl Pts',(0.813729766900687,-2.91819153568228,21.6724140248781));
#1367=CARTESIAN_POINT('Ctrl Pts',(1.17203304874206,-2.76256451800968,21.6869054054428));
#1368=CARTESIAN_POINT('Ctrl Pts',(1.48956761546026,-2.54202561447715,21.7017254176101));
#1369=CARTESIAN_POINT('Ctrl Pts',(0.406122788318675,-2.88243813385476,21.8489708263357));
#1370=CARTESIAN_POINT('Ctrl Pts',(0.768883654687721,-2.80178382137206,21.86283454082));
#1371=CARTESIAN_POINT('Ctrl Pts',(1.11193415402815,-2.65208536457064,21.8767223226952));
#1372=CARTESIAN_POINT('Ctrl Pts',(1.41548479459336,-2.44057029520128,21.8909055319395));
#1373=CARTESIAN_POINT('Ctrl Pts',(0.413986805495375,-2.96207367723081,22.0843599974421));
#1374=CARTESIAN_POINT('Ctrl Pts',(0.786686088627388,-2.87931777249764,22.0986028356947));
#1375=CARTESIAN_POINT('Ctrl Pts',(1.13900996107432,-2.72567533335626,22.1128633676896));
#1376=CARTESIAN_POINT('Ctrl Pts',(1.45080073226391,-2.50854999243005,22.1274288282979));
#1377=CARTESIAN_POINT('Ctrl Pts',(0.455894157933834,-3.19217967776061,22.1681278642877));
#1378=CARTESIAN_POINT('Ctrl Pts',(0.857964308839483,-3.10366852362882,22.183486407928));
#1379=CARTESIAN_POINT('Ctrl Pts',(1.23877830044878,-2.93852473332705,22.1988819920025));
#1380=CARTESIAN_POINT('Ctrl Pts',(1.57608611770018,-2.70456949662852,22.2146181588032));
#1381=CARTESIAN_POINT('Ctrl Pts',(0.485316943159679,-3.32960118640695,22.0815172556446));
#1382=CARTESIAN_POINT('Ctrl Pts',(0.905265674190483,-3.23768870178811,22.097553894003));
#1383=CARTESIAN_POINT('Ctrl Pts',(1.30313097527596,-3.06579681927483,22.1136259831688));
#1384=CARTESIAN_POINT('Ctrl Pts',(1.6562323343581,-2.8215409616422,22.1300839693495));
#1385=CARTESIAN_POINT('Ctrl Pts',(0.49494901053475,-3.36884806936803,22.0185734768517));
#1386=CARTESIAN_POINT('Ctrl Pts',(0.919936223492813,-3.27600604944986,22.0348009133567));
#1387=CARTESIAN_POINT('Ctrl Pts',(1.32298415679729,-3.10209600126091,22.0510784366751));
#1388=CARTESIAN_POINT('Ctrl Pts',(1.68061060927718,-2.85492133744065,22.0677424578477));
#1389=CARTESIAN_POINT('',(0.49494901053475,-3.36884806936803,22.0185734768517));
#1390=CARTESIAN_POINT('Ctrl Pts',(0.49494901053475,-3.36884806936803,22.0185734768517));
#1391=CARTESIAN_POINT('Ctrl Pts',(0.919936223492813,-3.27600604944986,22.0348009133567));
#1392=CARTESIAN_POINT('Ctrl Pts',(1.32298415679729,-3.10209600126091,22.0510784366751));
#1393=CARTESIAN_POINT('Ctrl Pts',(1.68061060927718,-2.85492133744065,22.0677424578477));
#1394=CARTESIAN_POINT('Ctrl Pts',(0.49494901053475,-3.36884806936803,22.0185734768517));
#1395=CARTESIAN_POINT('Ctrl Pts',(0.485316943159679,-3.32960118640695,22.0815172556446));
#1396=CARTESIAN_POINT('Ctrl Pts',(0.455894157933834,-3.19217967776061,22.1681278642877));
#1397=CARTESIAN_POINT('Ctrl Pts',(0.413986805495375,-2.96207367723081,22.0843599974421));
#1398=CARTESIAN_POINT('Ctrl Pts',(0.406122788318675,-2.88243813385476,21.8489708263357));
#1399=CARTESIAN_POINT('Ctrl Pts',(0.435388545664864,-3.00172370059123,21.6579602747162));
#1400=CARTESIAN_POINT('Ctrl Pts',(0.473611544151309,-3.1920161742577,21.6163602664678));
#1401=CARTESIAN_POINT('Ctrl Pts',(0.498410340657593,-3.33152192645008,21.6860551115577));
#1402=CARTESIAN_POINT('Ctrl Pts',(0.506806259480344,-3.39114751169799,21.784335277294));
#1403=CARTESIAN_POINT('Ctrl Pts',(0.508022792315536,-3.41570980281653,21.8945214313178));
#1404=CARTESIAN_POINT('Ctrl Pts',(0.502173061066053,-3.39828323158885,21.9713656427569));
#1405=CARTESIAN_POINT('Ctrl Pts',(0.49494901053475,-3.36884806936803,22.0185734768517));
#1406=CARTESIAN_POINT('Ctrl Pts',(-0.832864779052228,-3.39458196282424,
21.9693660393085));
#1407=CARTESIAN_POINT('Ctrl Pts',(-0.392602635819454,-3.47223496503259,
21.9856158094733));
#1408=CARTESIAN_POINT('Ctrl Pts',(0.0584562137845259,-3.46420358053261,
22.0019067185865));
#1409=CARTESIAN_POINT('Ctrl Pts',(0.49494901053475,-3.36884806936803,22.0185734768517));
#1410=CARTESIAN_POINT('Ctrl Pts',(-0.837274883190042,-3.42388016677482,
21.9217282233665));
#1411=CARTESIAN_POINT('Ctrl Pts',(-0.393217845667245,-3.50233267486037,
21.9381187286566));
#1412=CARTESIAN_POINT('Ctrl Pts',(0.0616802049540869,-3.4943780116317,21.9545473901977));
#1413=CARTESIAN_POINT('Ctrl Pts',(0.502173061066053,-3.39828323158885,21.9713656427569));
#1414=CARTESIAN_POINT('Ctrl Pts',(-0.838336446777246,-3.44101580905907,
21.8447336352632));
#1415=CARTESIAN_POINT('Ctrl Pts',(-0.392197232196669,-3.51994714438668,
21.8612015229767));
#1416=CARTESIAN_POINT('Ctrl Pts',(0.0652005087305646,-3.51208390838437,
21.8777200984025));
#1417=CARTESIAN_POINT('Ctrl Pts',(0.50799835176818,-3.41560094230264,21.8946252581162));
#1418=CARTESIAN_POINT('Ctrl Pts',(-0.828637143485874,-3.41247264421597,
21.7162452956283));
#1419=CARTESIAN_POINT('Ctrl Pts',(-0.38619455987208,-3.49076346969611,21.7325766574358));
#1420=CARTESIAN_POINT('Ctrl Pts',(0.0673755695887256,-3.4829901121465,21.7489570746929));
#1421=CARTESIAN_POINT('Ctrl Pts',(0.506656591743733,-3.38728731782126,21.7657276998984));
#1422=CARTESIAN_POINT('Ctrl Pts',(-0.811241848899881,-3.33999139439641,
21.6241654845789));
#1423=CARTESIAN_POINT('Ctrl Pts',(-0.378178180082174,-3.41647216492252,
21.6401497035383));
#1424=CARTESIAN_POINT('Ctrl Pts',(0.0657715258348728,-3.40870661621549,
21.6561839201006));
#1425=CARTESIAN_POINT('Ctrl Pts',(0.495621996214836,-3.31490291892188,21.6725957722392));
#1426=CARTESIAN_POINT('Ctrl Pts',(-0.781202984758726,-3.1980219699927,21.5743753793096));
#1427=CARTESIAN_POINT('Ctrl Pts',(-0.366394588383965,-3.27087729172291,
21.5896834956519));
#1428=CARTESIAN_POINT('Ctrl Pts',(0.0585423771217394,-3.26300392265894,
21.6050337683956));
#1429=CARTESIAN_POINT('Ctrl Pts',(0.469756142793589,-3.17285222929383,21.6207376522374));
#1430=CARTESIAN_POINT('Ctrl Pts',(-0.748148666406667,-3.02728140442906,
21.6139448126481));
#1431=CARTESIAN_POINT('Ctrl Pts',(-0.355255060974321,-3.09570594463534,
21.6284409713627));
#1432=CARTESIAN_POINT('Ctrl Pts',(0.0467840863416043,-3.08760924578882,
21.6429678795182));
#1433=CARTESIAN_POINT('Ctrl Pts',(0.435409486724345,-3.00180753991514,21.6578144670634));
#1434=CARTESIAN_POINT('Ctrl Pts',(-0.730249427477421,-2.90842710064209,
21.8069150778882));
#1435=CARTESIAN_POINT('Ctrl Pts',(-0.352531955936539,-2.97365251061027,
21.8208484163102));
#1436=CARTESIAN_POINT('Ctrl Pts',(0.0334890505290818,-2.96524431914277,
21.8347998613692));
#1437=CARTESIAN_POINT('Ctrl Pts',(0.406112813017324,-2.88239822251786,21.8490404364771));
#1438=CARTESIAN_POINT('Ctrl Pts',(-0.7535582310444,-2.98850777110725,22.0410379616369));
#1439=CARTESIAN_POINT('Ctrl Pts',(-0.365404449347899,-3.05564319478526,
22.0553571549964));
#1440=CARTESIAN_POINT('Ctrl Pts',(0.0311609758826692,-3.04710164357125,
22.0696884364728));
#1441=CARTESIAN_POINT('Ctrl Pts',(0.413992690698863,-2.96209713935354,22.0843184188376));
#1442=CARTESIAN_POINT('Ctrl Pts',(-0.802204961456046,-3.21844419543525,
22.1215237680985));
#1443=CARTESIAN_POINT('Ctrl Pts',(-0.384528827776783,-3.29144281093667,
22.1369363523816));
#1444=CARTESIAN_POINT('Ctrl Pts',(0.0429193051410193,-3.2830759577526,22.1523787123952));
#1445=CARTESIAN_POINT('Ctrl Pts',(0.455890581862401,-3.19216550452043,22.1681536305314));
#1446=CARTESIAN_POINT('Ctrl Pts',(-0.826984640201809,-3.35551769089013,
22.0328831272312));
#1447=CARTESIAN_POINT('Ctrl Pts',(-0.391622102598196,-3.43213663977635,
22.0489511862366));
#1448=CARTESIAN_POINT('Ctrl Pts',(0.0539936040025387,-3.42400300891354,
22.0650462627667));
#1449=CARTESIAN_POINT('Ctrl Pts',(0.485316943159678,-3.32960118640695,22.0815172556446));
#1450=CARTESIAN_POINT('Ctrl Pts',(-0.832864779052228,-3.39458196282424,
21.9693660393085));
#1451=CARTESIAN_POINT('Ctrl Pts',(-0.392602635819454,-3.47223496503259,
21.9856158094733));
#1452=CARTESIAN_POINT('Ctrl Pts',(0.0584562137845259,-3.46420358053261,
22.0019067185865));
#1453=CARTESIAN_POINT('Ctrl Pts',(0.49494901053475,-3.36884806936803,22.0185734768517));
#1454=CARTESIAN_POINT('',(-0.832864779052228,-3.39458196282424,21.9693660393085));
#1455=CARTESIAN_POINT('Ctrl Pts',(-0.832864779052228,-3.39458196282424,
21.9693660393085));
#1456=CARTESIAN_POINT('Ctrl Pts',(-0.392602635819454,-3.47223496503259,
21.9856158094733));
#1457=CARTESIAN_POINT('Ctrl Pts',(0.0584562137845259,-3.46420358053261,
22.0019067185865));
#1458=CARTESIAN_POINT('Ctrl Pts',(0.49494901053475,-3.36884806936803,22.0185734768517));
#1459=CARTESIAN_POINT('Ctrl Pts',(-0.832864779052228,-3.39458196282424,
21.9693660393085));
#1460=CARTESIAN_POINT('Ctrl Pts',(-0.826984640201809,-3.35551769089013,
22.0328831272312));
#1461=CARTESIAN_POINT('Ctrl Pts',(-0.802204961456046,-3.21844419543525,
22.1215237680985));
#1462=CARTESIAN_POINT('Ctrl Pts',(-0.7535582310444,-2.98850777110725,22.0410379616369));
#1463=CARTESIAN_POINT('Ctrl Pts',(-0.730249427477421,-2.90842710064209,
21.8069150778882));
#1464=CARTESIAN_POINT('Ctrl Pts',(-0.748148666406667,-3.02728140442906,
21.6139448126481));
#1465=CARTESIAN_POINT('Ctrl Pts',(-0.781202984758726,-3.1980219699927,21.5743753793096));
#1466=CARTESIAN_POINT('Ctrl Pts',(-0.811241848899881,-3.33999139439641,
21.6241654845789));
#1467=CARTESIAN_POINT('Ctrl Pts',(-0.828637143485874,-3.41247264421597,
21.7162452956283));
#1468=CARTESIAN_POINT('Ctrl Pts',(-0.838336446777246,-3.44101580905907,
21.8447336352632));
#1469=CARTESIAN_POINT('Ctrl Pts',(-0.837274883190042,-3.42388016677482,
21.9217282233665));
#1470=CARTESIAN_POINT('Ctrl Pts',(-0.832864779052228,-3.39458196282424,
21.9693660393085));
#1471=CARTESIAN_POINT('Ctrl Pts',(-2.10360758814396,-2.90136405947721,21.9201252275617));
#1472=CARTESIAN_POINT('Ctrl Pts',(-1.71588159901061,-3.14673831008409,21.9363948494264));
#1473=CARTESIAN_POINT('Ctrl Pts',(-1.28447590505418,-3.31492723823848,21.9526973860659));
#1474=CARTESIAN_POINT('Ctrl Pts',(-0.832864779052228,-3.39458196282424,
21.9693660393085));
#1475=CARTESIAN_POINT('Ctrl Pts',(-2.11848227402674,-2.92621101020686,21.8720776673709));
#1476=CARTESIAN_POINT('Ctrl Pts',(-1.72763602700236,-3.17371105019934,21.8884809440171));
#1477=CARTESIAN_POINT('Ctrl Pts',(-1.2927571441087,-3.34340980931563,21.9049160015978));
#1478=CARTESIAN_POINT('Ctrl Pts',(-0.837274883190042,-3.42388016677482,
21.9217282233665));
#1479=CARTESIAN_POINT('Ctrl Pts',(-2.12550516957975,-2.94080742569942,21.7947436988592));
#1480=CARTESIAN_POINT('Ctrl Pts',(-1.73299532228319,-3.1894919838786,21.8112191139029));
#1481=CARTESIAN_POINT('Ctrl Pts',(-1.29601603192903,-3.36015347563245,21.8277350534765));
#1482=CARTESIAN_POINT('Ctrl Pts',(-0.838354895595814,-3.44112392323375,
21.8446282523592));
#1483=CARTESIAN_POINT('Ctrl Pts',(-2.10763809919583,-2.91972700049535,21.6852805823928));
#1484=CARTESIAN_POINT('Ctrl Pts',(-1.71806627985481,-3.16656169568607,21.7016327572289));
#1485=CARTESIAN_POINT('Ctrl Pts',(-1.284349147148,-3.33597017044221,21.718025812966));
#1486=CARTESIAN_POINT('Ctrl Pts',(-0.829991881105418,-3.41636624005919,
21.7347969839977));
#1487=CARTESIAN_POINT('Ctrl Pts',(-2.07043542313048,-2.86894559933083,21.588730727832));
#1488=CARTESIAN_POINT('Ctrl Pts',(-1.6876097098639,-3.11138106136132,21.6047973190931));
#1489=CARTESIAN_POINT('Ctrl Pts',(-1.26141775405213,-3.27773245549149,21.6209052762094));
#1490=CARTESIAN_POINT('Ctrl Pts',(-0.814987628381933,-3.35661615291706,
21.6373831055558));
#1491=CARTESIAN_POINT('Ctrl Pts',(-1.98923670763588,-2.75050446226,21.5230596483711));
#1492=CARTESIAN_POINT('Ctrl Pts',(-1.62177946556212,-2.98276601747367,21.5384730335607));
#1493=CARTESIAN_POINT('Ctrl Pts',(-1.2129290439462,-3.14190678869083,21.5539221970597));
#1494=CARTESIAN_POINT('Ctrl Pts',(-0.784899405347613,-3.21715132855353,
21.5697185902908));
#1495=CARTESIAN_POINT('Ctrl Pts',(-1.88346197303542,-2.58926228568678,21.5701279655679));
#1496=CARTESIAN_POINT('Ctrl Pts',(-1.53662257155672,-2.80774206969253,21.5846627482746));
#1497=CARTESIAN_POINT('Ctrl Pts',(-1.15118210336673,-2.9570050281118,21.5992210551746));
#1498=CARTESIAN_POINT('Ctrl Pts',(-0.74813646041472,-3.02719799368349,21.6140917457027));
#1499=CARTESIAN_POINT('Ctrl Pts',(-1.82317164759859,-2.48856969996314,21.764541546615));
#1500=CARTESIAN_POINT('Ctrl Pts',(-1.4888570936402,-2.69851444236978,21.7785397984179));
#1501=CARTESIAN_POINT('Ctrl Pts',(-1.11775740862678,-2.84155045802056,21.7925505678246));
#1502=CARTESIAN_POINT('Ctrl Pts',(-0.730255235118057,-2.90846684534957,
21.806844791992));
#1503=CARTESIAN_POINT('Ctrl Pts',(-1.87665672711788,-2.5566345968709,21.9976048303159));
#1504=CARTESIAN_POINT('Ctrl Pts',(-1.53305445483912,-2.77253767236767,22.0119945699774));
#1505=CARTESIAN_POINT('Ctrl Pts',(-1.1517497220066,-2.91961133987333,22.0263907689073));
#1506=CARTESIAN_POINT('Ctrl Pts',(-0.753554860043477,-2.98848445987854,
22.0410803293793));
#1507=CARTESIAN_POINT('Ctrl Pts',(-2.00945123668154,-2.75192315963281,22.0747395197957));
#1508=CARTESIAN_POINT('Ctrl Pts',(-1.64062582155808,-2.98455409521013,22.0902018372572));
#1509=CARTESIAN_POINT('Ctrl Pts',(-1.23066897364176,-3.14357365627762,22.1056870218695));
#1510=CARTESIAN_POINT('Ctrl Pts',(-0.802206914305581,-3.2184579514516,22.1214975888873));
#1511=CARTESIAN_POINT('Ctrl Pts',(-2.08377467363359,-2.86823479183768,21.9841886411494));
#1512=CARTESIAN_POINT('Ctrl Pts',(-1.70009356478609,-3.11085109586694,22.0002849642302));
#1513=CARTESIAN_POINT('Ctrl Pts',(-1.27357250185696,-3.27692313250572,22.0164007788291));
#1514=CARTESIAN_POINT('Ctrl Pts',(-0.826984640201809,-3.35551769089013,
22.0328831272312));
#1515=CARTESIAN_POINT('Ctrl Pts',(-2.10360758814396,-2.90136405947721,21.9201252275617));
#1516=CARTESIAN_POINT('Ctrl Pts',(-1.71588159901061,-3.14673831008409,21.9363948494264));
#1517=CARTESIAN_POINT('Ctrl Pts',(-1.28447590505418,-3.31492723823848,21.9526973860659));
#1518=CARTESIAN_POINT('Ctrl Pts',(-0.832864779052228,-3.39458196282424,
21.9693660393085));
#1519=CARTESIAN_POINT('',(-2.10360758814396,-2.90136405947721,21.9201252275617));
#1520=CARTESIAN_POINT('Ctrl Pts',(-2.10360758814396,-2.90136405947721,21.9201252275617));
#1521=CARTESIAN_POINT('Ctrl Pts',(-1.71588159901061,-3.14673831008409,21.9363948494264));
#1522=CARTESIAN_POINT('Ctrl Pts',(-1.28447590505418,-3.31492723823848,21.9526973860659));
#1523=CARTESIAN_POINT('Ctrl Pts',(-0.832864779052228,-3.39458196282424,
21.9693660393085));
#1524=CARTESIAN_POINT('Ctrl Pts',(-2.10360758814396,-2.90136405947721,21.9201252275617));
#1525=CARTESIAN_POINT('Ctrl Pts',(-2.08377467363359,-2.86823479183768,21.9841886411494));
#1526=CARTESIAN_POINT('Ctrl Pts',(-2.00945123668154,-2.75192315963281,22.0747395197957));
#1527=CARTESIAN_POINT('Ctrl Pts',(-1.87665672711788,-2.5566345968709,21.9976048303159));
#1528=CARTESIAN_POINT('Ctrl Pts',(-1.82317164759859,-2.48856969996314,21.764541546615));
#1529=CARTESIAN_POINT('Ctrl Pts',(-1.88346197303542,-2.58926228568678,21.5701279655679));
#1530=CARTESIAN_POINT('Ctrl Pts',(-1.98923670763588,-2.75050446226,21.5230596483711));
#1531=CARTESIAN_POINT('Ctrl Pts',(-2.07043542313048,-2.86894559933083,21.588730727832));
#1532=CARTESIAN_POINT('Ctrl Pts',(-2.10763809919583,-2.91972700049535,21.6852805823928));
#1533=CARTESIAN_POINT('Ctrl Pts',(-2.12550516957975,-2.94080742569942,21.7947436988592));
#1534=CARTESIAN_POINT('Ctrl Pts',(-2.11848227402674,-2.92621101020686,21.8720776673709));
#1535=CARTESIAN_POINT('Ctrl Pts',(-2.10360758814396,-2.90136405947721,21.9201252275617));
#1536=CARTESIAN_POINT('Ctrl Pts',(-3.11667076913231,-1.93881524518928,21.8708552737739));
#1537=CARTESIAN_POINT('Ctrl Pts',(-2.84452861934047,-2.32249265063428,21.8871426413156));
#1538=CARTESIAN_POINT('Ctrl Pts',(-2.50087242136188,-2.64995310567141,21.9034553400697));
#1539=CARTESIAN_POINT('Ctrl Pts',(-2.10360758814396,-2.90136405947721,21.9201252275617));
#1540=CARTESIAN_POINT('Ctrl Pts',(-3.13934709251555,-1.95574752912405,21.8224168861094));
#1541=CARTESIAN_POINT('Ctrl Pts',(-2.86517409116942,-2.342508928576,21.8388318972531));
#1542=CARTESIAN_POINT('Ctrl Pts',(-2.51894176183469,-2.67262357033818,21.8552709324744));
#1543=CARTESIAN_POINT('Ctrl Pts',(-2.11848227402673,-2.92621101020686,21.8720776673709));
#1544=CARTESIAN_POINT('Ctrl Pts',(-3.15055890604353,-1.96592442086829,21.7448692246074));
#1545=CARTESIAN_POINT('Ctrl Pts',(-2.87537589591244,-2.35430219332262,21.7613499571582));
#1546=CARTESIAN_POINT('Ctrl Pts',(-2.52766761199504,-2.68600727525983,21.7778631217911));
#1547=CARTESIAN_POINT('Ctrl Pts',(-2.12550510577196,-2.94080732934667,21.7947437097945));
#1548=CARTESIAN_POINT('Ctrl Pts',(-3.12486738955426,-1.95226264699087,21.6357862428736));
#1549=CARTESIAN_POINT('Ctrl Pts',(-2.8518126149293,-2.33765373965578,21.6521398605369));
#1550=CARTESIAN_POINT('Ctrl Pts',(-2.50679178417435,-2.6668213700223,21.6685261675854));
#1551=CARTESIAN_POINT('Ctrl Pts',(-2.10763809172758,-2.9197269911722,21.6852805463991));
#1552=CARTESIAN_POINT('Ctrl Pts',(-3.07015716870382,-1.91856923246153,21.5400982007965));
#1553=CARTESIAN_POINT('Ctrl Pts',(-2.80177322594778,-2.2971852643527,21.5561668681269));
#1554=CARTESIAN_POINT('Ctrl Pts',(-2.46268119932646,-2.62054469844239,21.5722687987964));
#1555=CARTESIAN_POINT('Ctrl Pts',(-2.07043541300262,-2.86894558350666,21.5887307396883));
#1556=CARTESIAN_POINT('Ctrl Pts',(-2.94940445264417,-1.83923642814486,21.4763854223415));
#1557=CARTESIAN_POINT('Ctrl Pts',(-2.69144507343145,-2.20250089477603,21.4918118691194));
#1558=CARTESIAN_POINT('Ctrl Pts',(-2.36574614722147,-2.51252098905286,21.5072665297587));
#1559=CARTESIAN_POINT('Ctrl Pts',(-1.98923669810689,-2.75050444984734,21.5230596123053));
#1560=CARTESIAN_POINT('Ctrl Pts',(-2.79087725968662,-1.73059589387078,21.5260756324339));
#1561=CARTESIAN_POINT('Ctrl Pts',(-2.54671416492167,-2.07333764048818,21.54064655657));
#1562=CARTESIAN_POINT('Ctrl Pts',(-2.23886070814727,-2.36539006477503,21.5552344871473));
#1563=CARTESIAN_POINT('Ctrl Pts',(-1.88346197447299,-2.58926228938984,21.5701279360968));
#1564=CARTESIAN_POINT('Ctrl Pts',(-2.69896829695162,-1.66197900347681,21.7220731459853));
#1565=CARTESIAN_POINT('Ctrl Pts',(-2.46295423355267,-1.99234257631355,21.7361317960535));
#1566=CARTESIAN_POINT('Ctrl Pts',(-2.16574691625846,-2.27343606566484,21.7501974171732));
#1567=CARTESIAN_POINT('Ctrl Pts',(-1.82317165177817,-2.48856970766402,21.7645415193966));
#1568=CARTESIAN_POINT('Ctrl Pts',(-2.77675141788454,-1.70665446032729,21.9539479878438));
#1569=CARTESIAN_POINT('Ctrl Pts',(-2.53416685401273,-2.04639925238852,21.9684034307092));
#1570=CARTESIAN_POINT('Ctrl Pts',(-2.22874295419986,-2.33539942963524,21.9828599586446));
#1571=CARTESIAN_POINT('Ctrl Pts',(-1.87665673725143,-2.55663460521047,21.9976049613769));
#1572=CARTESIAN_POINT('Ctrl Pts',(-2.97451347011797,-1.8376061084233,22.0278635927354));
#1573=CARTESIAN_POINT('Ctrl Pts',(-2.71486277637853,-2.20252983601377,22.0433716880848));
#1574=CARTESIAN_POINT('Ctrl Pts',(-2.38736414247521,-2.51355974097526,22.0588961841572));
#1575=CARTESIAN_POINT('Ctrl Pts',(-2.00945117714712,-2.75192307335014,22.0747394610095));
#1576=CARTESIAN_POINT('Ctrl Pts',(-3.08643567128798,-1.91623886660959,21.9354397906598));
#1577=CARTESIAN_POINT('Ctrl Pts',(-2.81692300727965,-2.29591961521075,21.9515617916294));
#1578=CARTESIAN_POINT('Ctrl Pts',(-2.47689819473789,-2.6196475505756,21.9676961916756));
#1579=CARTESIAN_POINT('Ctrl Pts',(-2.08377467363359,-2.86823479183768,21.9841886411494));
#1580=CARTESIAN_POINT('Ctrl Pts',(-3.11667076913231,-1.93881524518928,21.8708552737739));
#1581=CARTESIAN_POINT('Ctrl Pts',(-2.84452861934047,-2.32249265063428,21.8871426413156));
#1582=CARTESIAN_POINT('Ctrl Pts',(-2.50087242136188,-2.64995310567141,21.9034553400697));
#1583=CARTESIAN_POINT('Ctrl Pts',(-2.10360758814396,-2.90136405947721,21.9201252275617));
#1584=CARTESIAN_POINT('',(-3.11667076913231,-1.93881524518928,21.8708552737739));
#1585=CARTESIAN_POINT('Ctrl Pts',(-3.11667076913231,-1.93881524518928,21.8708552737739));
#1586=CARTESIAN_POINT('Ctrl Pts',(-2.84452861934047,-2.32249265063428,21.8871426413156));
#1587=CARTESIAN_POINT('Ctrl Pts',(-2.50087242136188,-2.64995310567141,21.9034553400697));
#1588=CARTESIAN_POINT('Ctrl Pts',(-2.10360758814396,-2.90136405947721,21.9201252275617));
#1589=CARTESIAN_POINT('Ctrl Pts',(-3.11667076913231,-1.93881524518928,21.8708552737739));
#1590=CARTESIAN_POINT('Ctrl Pts',(-3.08643567128798,-1.91623886660959,21.9354397906598));
#1591=CARTESIAN_POINT('Ctrl Pts',(-2.97451347011797,-1.8376061084233,22.0278635927354));
#1592=CARTESIAN_POINT('Ctrl Pts',(-2.77675141788454,-1.70665446032729,21.9539479878438));
#1593=CARTESIAN_POINT('Ctrl Pts',(-2.69896829695162,-1.66197900347681,21.7220731459853));
#1594=CARTESIAN_POINT('Ctrl Pts',(-2.79087725968662,-1.73059589387078,21.5260756324339));
#1595=CARTESIAN_POINT('Ctrl Pts',(-2.94940445264417,-1.83923642814486,21.4763854223415));
#1596=CARTESIAN_POINT('Ctrl Pts',(-3.07015716870382,-1.91856923246153,21.5400982007965));
#1597=CARTESIAN_POINT('Ctrl Pts',(-3.12486738955426,-1.95226264699087,21.6357862428736));
#1598=CARTESIAN_POINT('Ctrl Pts',(-3.15055890604353,-1.96592442086829,21.7448692246074));
#1599=CARTESIAN_POINT('Ctrl Pts',(-3.13934709251555,-1.95574752912405,21.8224168861094));
#1600=CARTESIAN_POINT('Ctrl Pts',(-3.11667076913231,-1.93881524518928,21.8708552737739));
#1601=CARTESIAN_POINT('Ctrl Pts',(-3.70200047255431,-0.632919428368878,
21.8215597292718));
#1602=CARTESIAN_POINT('Ctrl Pts',(-3.59343558631498,-1.10224012059765,21.8378630424694));
#1603=CARTESIAN_POINT('Ctrl Pts',(-3.39521628661484,-1.5461101036749,21.8541846726787));
#1604=CARTESIAN_POINT('Ctrl Pts',(-3.11667076913231,-1.93881524518928,21.8708552737739));
#1605=CARTESIAN_POINT('Ctrl Pts',(-3.72878303681703,-0.639798964050796,
21.7727482396277));
#1606=CARTESIAN_POINT('Ctrl Pts',(-3.61952941230486,-1.11266409494364,21.7891735467513));
#1607=CARTESIAN_POINT('Ctrl Pts',(-3.419969757948,-1.55988807197723,21.8056157254824));
#1608=CARTESIAN_POINT('Ctrl Pts',(-3.13934709251555,-1.95574752912405,21.8224168861094));
#1609=CARTESIAN_POINT('Ctrl Pts',(-3.74202383782889,-0.644668739385364,
21.6950058091354));
#1610=CARTESIAN_POINT('Ctrl Pts',(-3.63248002627379,-1.11928242308375,21.7114908299975));
#1611=CARTESIAN_POINT('Ctrl Pts',(-3.43221452542335,-1.56841203678476,21.7280008371302));
#1612=CARTESIAN_POINT('Ctrl Pts',(-3.1505590002613,-1.96592448485791,21.7448692122642));
#1613=CARTESIAN_POINT('Ctrl Pts',(-3.71167581321197,-0.641366139146383,
21.5863141319415));
#1614=CARTESIAN_POINT('Ctrl Pts',(-3.60300914906769,-1.11222323212454,21.6026684657559));
#1615=CARTESIAN_POINT('Ctrl Pts',(-3.40434565767699,-1.55780569630294,21.6190479463585));
#1616=CARTESIAN_POINT('Ctrl Pts',(-3.1248674002423,-1.95226265301183,21.6357862782334));
#1617=CARTESIAN_POINT('Ctrl Pts',(-3.64705322786453,-0.630591025216494,
21.4914854311211));
#1618=CARTESIAN_POINT('Ctrl Pts',(-3.54017209310151,-1.09324142780507,21.5075554998811));
#1619=CARTESIAN_POINT('Ctrl Pts',(-3.34485746168104,-1.53104275209428,21.5236513485892));
#1620=CARTESIAN_POINT('Ctrl Pts',(-3.07015718375109,-1.91856924301727,21.5400981888445));
#1621=CARTESIAN_POINT('Ctrl Pts',(-3.50442635143871,-0.602768635396749,
21.4296977799071));
#1622=CARTESIAN_POINT('Ctrl Pts',(-3.4013840476378,-1.04714268561585,21.4451360887208));
#1623=CARTESIAN_POINT('Ctrl Pts',(-3.21344152934679,-1.46741294345714,21.4605955569937));
#1624=CARTESIAN_POINT('Ctrl Pts',(-2.94940446637058,-1.83923643621524,21.4763854577231));
#1625=CARTESIAN_POINT('Ctrl Pts',(-3.31718559112651,-0.562590047977617,
21.4819408576308));
#1626=CARTESIAN_POINT('Ctrl Pts',(-3.21909330611129,-0.982811859256011,
21.4965454569535));
#1627=CARTESIAN_POINT('Ctrl Pts',(-3.04080262802233,-1.37976431744989,21.5111608700987));
#1628=CARTESIAN_POINT('Ctrl Pts',(-2.79087725729715,-1.73059589127724,21.5260756615695));
#1629=CARTESIAN_POINT('Ctrl Pts',(-3.20863369071921,-0.534715698246292,
21.6794505186552));
#1630=CARTESIAN_POINT('Ctrl Pts',(-3.11330296809819,-0.940715596435212,
21.6935656410443));
#1631=CARTESIAN_POINT('Ctrl Pts',(-2.94055886705841,-1.32380783739934,21.7076823577785));
#1632=CARTESIAN_POINT('Ctrl Pts',(-2.69896829053793,-1.6619789982406,21.7220731729624));
#1633=CARTESIAN_POINT('Ctrl Pts',(-3.30051194944779,-0.547409691790357,
21.9101217721934));
#1634=CARTESIAN_POINT('Ctrl Pts',(-3.20257488356168,-0.964979705202218,
21.9246385041918));
#1635=CARTESIAN_POINT('Ctrl Pts',(-3.02506352076543,-1.35888643880098,21.9391511265823));
#1636=CARTESIAN_POINT('Ctrl Pts',(-2.77675140413417,-1.70665445539927,21.9539478586763));
#1637=CARTESIAN_POINT('Ctrl Pts',(-3.53409762127567,-0.593809277528572,
21.9808789349877));
#1638=CARTESIAN_POINT('Ctrl Pts',(-3.42990561812762,-1.04129159427641,21.9964293834703));
#1639=CARTESIAN_POINT('Ctrl Pts',(-3.24028240348265,-1.46408294855092,22.0119901439211));
#1640=CARTESIAN_POINT('Ctrl Pts',(-2.97451355739651,-1.83760616540865,22.0278636493391));
#1641=CARTESIAN_POINT('Ctrl Pts',(-3.66629038687068,-0.623746714126322,
21.8866417154639));
#1642=CARTESIAN_POINT('Ctrl Pts',(-3.55861498096544,-1.08847879163179,21.9027871162508));
#1643=CARTESIAN_POINT('Ctrl Pts',(-3.36229176736011,-1.52762150382891,21.9189383334627));
#1644=CARTESIAN_POINT('Ctrl Pts',(-3.08643567128798,-1.91623886660959,21.9354397906598));
#1645=CARTESIAN_POINT('Ctrl Pts',(-3.70200047255431,-0.632919428368878,
21.8215597292718));
#1646=CARTESIAN_POINT('Ctrl Pts',(-3.59343558631498,-1.10224012059765,21.8378630424694));
#1647=CARTESIAN_POINT('Ctrl Pts',(-3.39521628661484,-1.5461101036749,21.8541846726787));
#1648=CARTESIAN_POINT('Ctrl Pts',(-3.11667076913231,-1.93881524518928,21.8708552737739));
#1649=CARTESIAN_POINT('',(-3.70200047255431,-0.632919428368878,21.8215597292718));
#1650=CARTESIAN_POINT('Ctrl Pts',(-3.70200047255431,-0.632919428368878,
21.8215597292718));
#1651=CARTESIAN_POINT('Ctrl Pts',(-3.59343558631498,-1.10224012059765,21.8378630424694));
#1652=CARTESIAN_POINT('Ctrl Pts',(-3.39521628661484,-1.5461101036749,21.8541846726787));
#1653=CARTESIAN_POINT('Ctrl Pts',(-3.11667076913231,-1.93881524518928,21.8708552737739));
#1654=CARTESIAN_POINT('Ctrl Pts',(-3.70200047255431,-0.632919428368878,
21.8215597292718));
#1655=CARTESIAN_POINT('Ctrl Pts',(-3.66629038687068,-0.623746714126322,
21.8866417154639));
#1656=CARTESIAN_POINT('Ctrl Pts',(-3.53409762127567,-0.593809277528572,
21.9808789349877));
#1657=CARTESIAN_POINT('Ctrl Pts',(-3.30051194944779,-0.547409691790357,
21.9101217721934));
#1658=CARTESIAN_POINT('Ctrl Pts',(-3.20863369071921,-0.534715698246292,
21.6794505186552));
#1659=CARTESIAN_POINT('Ctrl Pts',(-3.31718559112651,-0.562590047977617,
21.4819408576308));
#1660=CARTESIAN_POINT('Ctrl Pts',(-3.50442635143871,-0.602768635396749,
21.4296977799071));
#1661=CARTESIAN_POINT('Ctrl Pts',(-3.64705322786453,-0.630591025216494,
21.4914854311211));
#1662=CARTESIAN_POINT('Ctrl Pts',(-3.71167581321197,-0.641366139146383,
21.5863141319415));
#1663=CARTESIAN_POINT('Ctrl Pts',(-3.74202383782889,-0.644668739385364,
21.6950058091354));
#1664=CARTESIAN_POINT('Ctrl Pts',(-3.72878303681703,-0.639798964050796,
21.7727482396277));
#1665=CARTESIAN_POINT('Ctrl Pts',(-3.70200047255431,-0.632919428368878,
21.8215597292718));
#1666=CARTESIAN_POINT('Ctrl Pts',(-3.74854383778517,0.830433789288437,21.7722415952111));
#1667=CARTESIAN_POINT('Ctrl Pts',(-3.82816753492239,0.344086183191325,21.7885593052712));
#1668=CARTESIAN_POINT('Ctrl Pts',(-3.81301316547389,-0.153016987607827,
21.804888826144));
#1669=CARTESIAN_POINT('Ctrl Pts',(-3.70200047255431,-0.632919428368878,
21.8215597292718));
#1670=CARTESIAN_POINT('Ctrl Pts',(-3.77529834274567,0.834162905321363,21.7230736642103));
#1671=CARTESIAN_POINT('Ctrl Pts',(-3.85561815071217,0.344354704670617,21.7395080492987));
#1672=CARTESIAN_POINT('Ctrl Pts',(-3.84049950305481,-0.15627465942528,21.7559526722433));
#1673=CARTESIAN_POINT('Ctrl Pts',(-3.72878303681703,-0.639798964050795,
21.7727482396277));
#1674=CARTESIAN_POINT('Ctrl Pts',(-3.78838761122212,0.834573881327307,21.6451541261123));
#1675=CARTESIAN_POINT('Ctrl Pts',(-3.86908195307635,0.343167434274312,21.6616425885968));
#1676=CARTESIAN_POINT('Ctrl Pts',(-3.85403744270807,-0.159358122242329,
21.6781491415469));
#1677=CARTESIAN_POINT('Ctrl Pts',(-3.74202452653109,-0.644668884300115,
21.6950057216929));
#1678=CARTESIAN_POINT('Ctrl Pts',(-3.75764753479938,0.825965268586148,21.5368642303068));
#1679=CARTESIAN_POINT('Ctrl Pts',(-3.837696496992,0.338549943132931,21.5532187008719));
#1680=CARTESIAN_POINT('Ctrl Pts',(-3.82279229561258,-0.159894900598677,
21.56959134213));
#1681=CARTESIAN_POINT('Ctrl Pts',(-3.71167588808524,-0.641366148647571,
21.5863143507057));
#1682=CARTESIAN_POINT('Ctrl Pts',(-3.69254402795966,0.811285572217299,21.442892130986));
#1683=CARTESIAN_POINT('Ctrl Pts',(-3.77110104020218,0.332302129904719,21.4589630570465));
#1684=CARTESIAN_POINT('Ctrl Pts',(-3.75634496088968,-0.157506880386126,
21.4750528633934));
#1685=CARTESIAN_POINT('Ctrl Pts',(-3.64705333707215,-0.630591049938799,
21.4914853536244));
#1686=CARTESIAN_POINT('Ctrl Pts',(-3.5492363020839,0.782828514040776,21.3829981946619));
#1687=CARTESIAN_POINT('Ctrl Pts',(-3.62438438087968,0.322320695963944,21.398447322493));
#1688=CARTESIAN_POINT('Ctrl Pts',(-3.60979502621276,-0.148361751042631,
21.4139111417656));
#1689=CARTESIAN_POINT('Ctrl Pts',(-3.50442645090871,-0.602768650040998,
21.429697996735));
#1690=CARTESIAN_POINT('Ctrl Pts',(-3.36144576728362,0.749034020766195,21.4377288937463));
#1691=CARTESIAN_POINT('Ctrl Pts',(-3.43201171575642,0.312671514919597,21.4523649495936));
#1692=CARTESIAN_POINT('Ctrl Pts',(-3.41749569967745,-0.132864471702228,
21.4670061819454));
#1693=CARTESIAN_POINT('Ctrl Pts',(-3.31718557344576,-0.562590039416125,
21.4819410365937));
#1694=CARTESIAN_POINT('Ctrl Pts',(-3.25300672044828,0.733910860123033,21.6366832255945));
#1695=CARTESIAN_POINT('Ctrl Pts',(-3.32077831556147,0.311429514909918,21.6508512661333));
#1696=CARTESIAN_POINT('Ctrl Pts',(-3.30612192688838,-0.119522683305983,
21.6650160233899));
#1697=CARTESIAN_POINT('Ctrl Pts',(-3.20863364465612,-0.534715684095649,
21.6794506872417));
#1698=CARTESIAN_POINT('Ctrl Pts',(-3.34581607541063,0.757343446571024,21.8661366227896));
#1699=CARTESIAN_POINT('Ctrl Pts',(-3.41563518847922,0.322778876354317,21.8807106662693));
#1700=CARTESIAN_POINT('Ctrl Pts',(-3.40066388826041,-0.120391735801353,
21.8952758530141));
#1701=CARTESIAN_POINT('Ctrl Pts',(-3.30051184787642,-0.547409692596753,
21.9101209754925));
#1702=CARTESIAN_POINT('Ctrl Pts',(-3.58043898701986,0.803135498651517,21.933793536764));
#1703=CARTESIAN_POINT('Ctrl Pts',(-3.65585493548234,0.338393896740183,21.9493832945784));
#1704=CARTESIAN_POINT('Ctrl Pts',(-3.64064241976413,-0.13622313393223,21.9649777410046));
#1705=CARTESIAN_POINT('Ctrl Pts',(-3.53409825668738,-0.593809399598153,
21.9808792789153));
#1706=CARTESIAN_POINT('Ctrl Pts',(-3.71287116450451,0.825461634577869,21.8377988365453));
#1707=CARTESIAN_POINT('Ctrl Pts',(-3.79159232540965,0.343589359182431,21.8539656510765));
#1708=CARTESIAN_POINT('Ctrl Pts',(-3.77639418536954,-0.148533109752456,
21.8701321809485));
#1709=CARTESIAN_POINT('Ctrl Pts',(-3.66629038687068,-0.623746714126323,
21.8866417154639));
#1710=CARTESIAN_POINT('Ctrl Pts',(-3.74854383778517,0.830433789288437,21.7722415952111));
#1711=CARTESIAN_POINT('Ctrl Pts',(-3.82816753492239,0.344086183191325,21.7885593052712));
#1712=CARTESIAN_POINT('Ctrl Pts',(-3.81301316547389,-0.153016987607827,
21.804888826144));
#1713=CARTESIAN_POINT('Ctrl Pts',(-3.70200047255431,-0.632919428368878,
21.8215597292718));
#1714=CARTESIAN_POINT('',(-3.74854383778517,0.830433789288437,21.7722415952111));
#1715=CARTESIAN_POINT('Ctrl Pts',(-3.74854383778517,0.830433789288437,21.7722415952111));
#1716=CARTESIAN_POINT('Ctrl Pts',(-3.82816753492239,0.344086183191325,21.7885593052712));
#1717=CARTESIAN_POINT('Ctrl Pts',(-3.81301316547389,-0.153016987607827,
21.804888826144));
#1718=CARTESIAN_POINT('Ctrl Pts',(-3.70200047255431,-0.632919428368878,
21.8215597292718));
#1719=CARTESIAN_POINT('Ctrl Pts',(-3.74854383778517,0.830433789288437,21.7722415952111));
#1720=CARTESIAN_POINT('Ctrl Pts',(-3.71287116450451,0.825461634577869,21.8377988365453));
#1721=CARTESIAN_POINT('Ctrl Pts',(-3.58043898701986,0.803135498651517,21.933793536764));
#1722=CARTESIAN_POINT('Ctrl Pts',(-3.34581607541063,0.757343446571024,21.8661366227896));
#1723=CARTESIAN_POINT('Ctrl Pts',(-3.25300672044828,0.733910860123033,21.6366832255945));
#1724=CARTESIAN_POINT('Ctrl Pts',(-3.36144576728362,0.749034020766195,21.4377288937463));
#1725=CARTESIAN_POINT('Ctrl Pts',(-3.5492363020839,0.782828514040776,21.3829981946619));
#1726=CARTESIAN_POINT('Ctrl Pts',(-3.69254402795966,0.811285572217299,21.442892130986));
#1727=CARTESIAN_POINT('Ctrl Pts',(-3.75764753479938,0.825965268586148,21.5368642303068));
#1728=CARTESIAN_POINT('Ctrl Pts',(-3.78838761122212,0.834573881327307,21.6451541261123));
#1729=CARTESIAN_POINT('Ctrl Pts',(-3.77529834274567,0.834162905321363,21.7230736642103));
#1730=CARTESIAN_POINT('Ctrl Pts',(-3.74854383778517,0.830433789288437,21.7722415952111));
#1731=CARTESIAN_POINT('Ctrl Pts',(-3.22447812369747,2.23218994044247,21.7229034244319));
#1732=CARTESIAN_POINT('Ctrl Pts',(-3.48857479341255,1.80324001051566,21.7392341904696));
#1733=CARTESIAN_POINT('Ctrl Pts',(-3.66719682107704,1.32730756256928,21.7555707160554));
#1734=CARTESIAN_POINT('Ctrl Pts',(-3.74854383778517,0.830433789288437,21.7722415952111));
#1735=CARTESIAN_POINT('Ctrl Pts',(-3.24726346722726,2.24549083968075,21.6733947435704));
#1736=CARTESIAN_POINT('Ctrl Pts',(-3.51327662743477,1.81367205651692,21.689837163016));
#1737=CARTESIAN_POINT('Ctrl Pts',(-3.6932406125913,1.33456981754366,21.7062836586208));
#1738=CARTESIAN_POINT('Ctrl Pts',(-3.77529834274567,0.834162905321363,21.7230736642103));
#1739=CARTESIAN_POINT('Ctrl Pts',(-3.25834196613069,2.25036156877181,21.5953149922775));
#1740=CARTESIAN_POINT('Ctrl Pts',(-3.52524114166599,1.81731622913893,21.6118061877098));
#1741=CARTESIAN_POINT('Ctrl Pts',(-3.70594654459466,1.3366120611614,21.6283090524839));
#1742=CARTESIAN_POINT('Ctrl Pts',(-3.78838661965181,0.834573698916013,21.6451542638145));
#1743=CARTESIAN_POINT('Ctrl Pts',(-3.23195485544587,2.2300748900988,21.4874355518058));
#1744=CARTESIAN_POINT('Ctrl Pts',(-3.49664640524272,1.80063030513878,21.5037896942708));
#1745=CARTESIAN_POINT('Ctrl Pts',(-3.67586640319812,1.32392792282044,21.5201555374736));
#1746=CARTESIAN_POINT('Ctrl Pts',(-3.75764742439898,0.82596523968814,21.5368639183386));
#1747=CARTESIAN_POINT('Ctrl Pts',(-3.17623979731511,2.19122088777771,21.3943182028651));
#1748=CARTESIAN_POINT('Ctrl Pts',(-3.43626520345858,1.76914511916289,21.4103895577496));
#1749=CARTESIAN_POINT('Ctrl Pts',(-3.6122862726283,1.30063843198652,21.4264733944747));
#1750=CARTESIAN_POINT('Ctrl Pts',(-3.69254387053535,0.811285545627963,21.4428922431952));
#1751=CARTESIAN_POINT('Ctrl Pts',(-3.05378400023457,2.11015789535994,21.336287104115));
#1752=CARTESIAN_POINT('Ctrl Pts',(-3.30358275486873,1.70396899472945,21.3517461811666));
#1753=CARTESIAN_POINT('Ctrl Pts',(-3.47245926895417,1.25331669518962,21.3672139443129));
#1754=CARTESIAN_POINT('Ctrl Pts',(-3.54923615754965,0.782828478798871,21.3829978849735));
#1755=CARTESIAN_POINT('Ctrl Pts',(-2.89348631463433,2.00797908984933,21.3934437810541));
#1756=CARTESIAN_POINT('Ctrl Pts',(-3.12991796747411,1.62231656292694,21.4081093733469));
#1757=CARTESIAN_POINT('Ctrl Pts',(-3.28934739199554,1.19486920877791,21.422774890803));
#1758=CARTESIAN_POINT('Ctrl Pts',(-3.36144579196428,0.749034018625865,21.4377286357268));
#1759=CARTESIAN_POINT('Ctrl Pts',(-2.80113434967133,1.95405906943644,21.5937792647063));
#1760=CARTESIAN_POINT('Ctrl Pts',(-3.02987852689268,1.57990019412542,21.6079971030168));
#1761=CARTESIAN_POINT('Ctrl Pts',(-3.18376135653382,1.16557391709213,21.622207086635));
#1762=CARTESIAN_POINT('Ctrl Pts',(-3.25300678660659,0.733910866176982,21.636682983307));
#1763=CARTESIAN_POINT('Ctrl Pts',(-2.88068053134914,2.01234835224505,21.8220049019966));
#1764=CARTESIAN_POINT('Ctrl Pts',(-3.11610994230185,1.62746176672437,21.8366327472164));
#1765=CARTESIAN_POINT('Ctrl Pts',(-3.27447999402751,1.20134525025984,21.8512472782695));
#1766=CARTESIAN_POINT('Ctrl Pts',(-3.34581622408709,0.757343504433777,21.8661377649205));
#1767=CARTESIAN_POINT('Ctrl Pts',(-3.08112542542457,2.14414039406942,21.8866132657009));
#1768=CARTESIAN_POINT('Ctrl Pts',(-3.33325895632722,1.73335867651996,21.9022396515356));
#1769=CARTESIAN_POINT('Ctrl Pts',(-3.50338718828149,1.27794937296629,21.9178654447935));
#1770=CARTESIAN_POINT('Ctrl Pts',(-3.58043806921878,0.803135313865364,21.9337930565515));
#1771=CARTESIAN_POINT('Ctrl Pts',(-3.19409766565775,2.21445540812475,21.7889149989138));
#1772=CARTESIAN_POINT('Ctrl Pts',(-3.4557158409509,1.7892112726426,21.8051014932588));
#1773=CARTESIAN_POINT('Ctrl Pts',(-3.63244561492991,1.3177662739408,21.821282022974));
#1774=CARTESIAN_POINT('Ctrl Pts',(-3.71287116450451,0.825461634577869,21.8377988365453));
#1775=CARTESIAN_POINT('Ctrl Pts',(-3.22447812369747,2.23218994044247,21.7229034244319));
#1776=CARTESIAN_POINT('Ctrl Pts',(-3.48857479341255,1.80324001051566,21.7392341904696));
#1777=CARTESIAN_POINT('Ctrl Pts',(-3.66719682107704,1.32730756256928,21.7555707160554));
#1778=CARTESIAN_POINT('Ctrl Pts',(-3.74854383778517,0.830433789288437,21.7722415952111));
#1779=CARTESIAN_POINT('',(-3.22447812369747,2.23218994044247,21.7229034244319));
#1780=CARTESIAN_POINT('Ctrl Pts',(-3.22447812369747,2.23218994044247,21.7229034244319));
#1781=CARTESIAN_POINT('Ctrl Pts',(-3.48857479341255,1.80324001051566,21.7392341904696));
#1782=CARTESIAN_POINT('Ctrl Pts',(-3.66719682107704,1.32730756256928,21.7555707160554));
#1783=CARTESIAN_POINT('Ctrl Pts',(-3.74854383778517,0.830433789288437,21.7722415952111));
#1784=CARTESIAN_POINT('Ctrl Pts',(-3.22447812369747,2.23218994044247,21.7229034244319));
#1785=CARTESIAN_POINT('Ctrl Pts',(-3.19409766565775,2.21445540812475,21.7889149989138));
#1786=CARTESIAN_POINT('Ctrl Pts',(-3.08112542542457,2.14414039406942,21.8866132657009));
#1787=CARTESIAN_POINT('Ctrl Pts',(-2.88068053134914,2.01234835224505,21.8220049019966));
#1788=CARTESIAN_POINT('Ctrl Pts',(-2.80113434967133,1.95405906943644,21.5937792647063));
#1789=CARTESIAN_POINT('Ctrl Pts',(-2.89348631463433,2.00797908984933,21.3934437810541));
#1790=CARTESIAN_POINT('Ctrl Pts',(-3.05378400023457,2.11015789535994,21.336287104115));
#1791=CARTESIAN_POINT('Ctrl Pts',(-3.17623979731511,2.19122088777771,21.3943182028651));
#1792=CARTESIAN_POINT('Ctrl Pts',(-3.23195485544587,2.2300748900988,21.4874355518058));
#1793=CARTESIAN_POINT('Ctrl Pts',(-3.25834196613069,2.25036156877181,21.5953149922775));
#1794=CARTESIAN_POINT('Ctrl Pts',(-3.24726346722726,2.24549083968075,21.6733947435704));
#1795=CARTESIAN_POINT('Ctrl Pts',(-3.22447812369747,2.23218994044247,21.7229034244319));
#1796=CARTESIAN_POINT('Ctrl Pts',(-2.18565752116199,3.35326125817623,21.6735474016164));
#1797=CARTESIAN_POINT('Ctrl Pts',(-2.60154745633448,3.0504483089354,21.689890056081));
#1798=CARTESIAN_POINT('Ctrl Pts',(-2.95488580487202,2.67006598936706,21.7062328276801));
#1799=CARTESIAN_POINT('Ctrl Pts',(-3.22447812369747,2.23218994044247,21.7229034244319));
#1800=CARTESIAN_POINT('Ctrl Pts',(-2.20130076142689,3.37373063012255,21.6237127838583));
#1801=CARTESIAN_POINT('Ctrl Pts',(-2.6199894379238,3.06903814724524,21.6401623410641));
#1802=CARTESIAN_POINT('Ctrl Pts',(-2.97571603006833,2.68629354694976,21.6566102380446));
#1803=CARTESIAN_POINT('Ctrl Pts',(-3.24726346722726,2.24549083968075,21.6733947435704));
#1804=CARTESIAN_POINT('Ctrl Pts',(-2.20908676298194,3.38168159309605,21.545488374389));
#1805=CARTESIAN_POINT('Ctrl Pts',(-2.62895870894407,3.07626542500061,21.5619817108416));
#1806=CARTESIAN_POINT('Ctrl Pts',(-2.98589069036495,2.69241520311823,21.5784807545273));
#1807=CARTESIAN_POINT('Ctrl Pts',(-3.25834184314411,2.25036148971181,21.5953150136493));
#1808=CARTESIAN_POINT('Ctrl Pts',(-2.19152193008876,3.35185434964208,21.4380285186408));
#1809=CARTESIAN_POINT('Ctrl Pts',(-2.60784160687024,3.04903438491558,21.4543819615138));
#1810=CARTESIAN_POINT('Ctrl Pts',(-2.96175627806164,2.66845450067229,21.4707410919895));
#1811=CARTESIAN_POINT('Ctrl Pts',(-3.23195484087145,2.23007487933074,21.4874355070024));
#1812=CARTESIAN_POINT('Ctrl Pts',(-2.15398529451683,3.29386563989234,21.3457629141552));
#1813=CARTESIAN_POINT('Ctrl Pts',(-2.56306500710899,2.99618088068897,21.361834357194));
#1814=CARTESIAN_POINT('Ctrl Pts',(-2.91080201430331,2.62208218676736,21.3779123331131));
#1815=CARTESIAN_POINT('Ctrl Pts',(-3.17623977760272,2.19122087547772,21.39431821887));
#1816=CARTESIAN_POINT('Ctrl Pts',(-2.07099462317496,3.1718462727462,21.2895662171701));
#1817=CARTESIAN_POINT('Ctrl Pts',(-2.46449855573054,2.88503300977242,21.3050344970196));
#1818=CARTESIAN_POINT('Ctrl Pts',(-2.79877990842699,2.52481068456066,21.3205058634337));
#1819=CARTESIAN_POINT('Ctrl Pts',(-3.0537839820261,2.11015788223285,21.3362870591673));
#1820=CARTESIAN_POINT('Ctrl Pts',(-1.96191371793032,3.01705293462327,21.349090260809));
#1821=CARTESIAN_POINT('Ctrl Pts',(-2.33532396081737,2.74410146275325,21.3637836827058));
#1822=CARTESIAN_POINT('Ctrl Pts',(-2.65211958401088,2.40169055908008,21.3784720998767));
#1823=CARTESIAN_POINT('Ctrl Pts',(-2.89348631759071,2.00797909064181,21.393443743054));
#1824=CARTESIAN_POINT('Ctrl Pts',(-1.89851073101717,2.93407569384525,21.5507468962239));
#1825=CARTESIAN_POINT('Ctrl Pts',(-2.26069898929888,2.66865768062543,21.5650117314748));
#1826=CARTESIAN_POINT('Ctrl Pts',(-2.56761003878909,2.33603511174998,21.5792643846694));
#1827=CARTESIAN_POINT('Ctrl Pts',(-2.80113435804148,1.95405907382446,21.5937792296691));
#1828=CARTESIAN_POINT('Ctrl Pts',(-1.95178516320432,3.02039878635903,21.7777324253514));
#1829=CARTESIAN_POINT('Ctrl Pts',(-2.32453509143977,2.74737548905622,21.7924109209685));
#1830=CARTESIAN_POINT('Ctrl Pts',(-2.64033511284481,2.40527018202102,21.8070718788662));
#1831=CARTESIAN_POINT('Ctrl Pts',(-2.88068054973917,2.01234836906937,21.822005068052));
#1832=CARTESIAN_POINT('Ctrl Pts',(-2.08773181821307,3.21900332529315,21.8393455295882));
#1833=CARTESIAN_POINT('Ctrl Pts',(-2.48586282723644,2.92830174222446,21.8550061525795));
#1834=CARTESIAN_POINT('Ctrl Pts',(-2.82373766563492,2.56348138941208,21.8706612300434));
#1835=CARTESIAN_POINT('Ctrl Pts',(-3.0811253108297,2.14414031782484,21.8866131983576));
#1836=CARTESIAN_POINT('Ctrl Pts',(-2.16479986747546,3.3259687622478,21.7399935586272));
#1837=CARTESIAN_POINT('Ctrl Pts',(-2.57707515325063,3.0255801939941,21.75619820702));
#1838=CARTESIAN_POINT('Ctrl Pts',(-2.92703378970521,2.64855100530476,21.7723915877679));
#1839=CARTESIAN_POINT('Ctrl Pts',(-3.19409766565775,2.21445540812475,21.7889149989138));
#1840=CARTESIAN_POINT('Ctrl Pts',(-2.18565752116199,3.35326125817623,21.6735474016164));
#1841=CARTESIAN_POINT('Ctrl Pts',(-2.60154745633448,3.0504483089354,21.689890056081));
#1842=CARTESIAN_POINT('Ctrl Pts',(-2.95488580487202,2.67006598936706,21.7062328276801));
#1843=CARTESIAN_POINT('Ctrl Pts',(-3.22447812369747,2.23218994044247,21.7229034244319));
#1844=CARTESIAN_POINT('',(-2.18565752116199,3.35326125817623,21.6735474016164));
#1845=CARTESIAN_POINT('Ctrl Pts',(-2.18565752116199,3.35326125817623,21.6735474016164));
#1846=CARTESIAN_POINT('Ctrl Pts',(-2.60154745633448,3.0504483089354,21.689890056081));
#1847=CARTESIAN_POINT('Ctrl Pts',(-2.95488580487202,2.67006598936706,21.7062328276801));
#1848=CARTESIAN_POINT('Ctrl Pts',(-3.22447812369747,2.23218994044247,21.7229034244319));
#1849=CARTESIAN_POINT('Ctrl Pts',(-2.18565752116199,3.35326125817623,21.6735474016164));
#1850=CARTESIAN_POINT('Ctrl Pts',(-2.16479986747546,3.3259687622478,21.7399935586272));
#1851=CARTESIAN_POINT('Ctrl Pts',(-2.08773181821307,3.21900332529315,21.8393455295882));
#1852=CARTESIAN_POINT('Ctrl Pts',(-1.95178516320432,3.02039878635903,21.7777324253514));
#1853=CARTESIAN_POINT('Ctrl Pts',(-1.89851073101717,2.93407569384525,21.5507468962239));
#1854=CARTESIAN_POINT('Ctrl Pts',(-1.96191371793032,3.01705293462327,21.349090260809));
#1855=CARTESIAN_POINT('Ctrl Pts',(-2.07099462317496,3.1718462727462,21.2895662171701));
#1856=CARTESIAN_POINT('Ctrl Pts',(-2.15398529451683,3.29386563989234,21.3457629141552));
#1857=CARTESIAN_POINT('Ctrl Pts',(-2.19152193008876,3.35185434964208,21.4380285186408));
#1858=CARTESIAN_POINT('Ctrl Pts',(-2.20908676298194,3.38168159309605,21.545488374389));
#1859=CARTESIAN_POINT('Ctrl Pts',(-2.20130076142689,3.37373063012255,21.6237127838583));
#1860=CARTESIAN_POINT('Ctrl Pts',(-2.18565752116199,3.35326125817623,21.6735474016164));
#1861=CARTESIAN_POINT('Ctrl Pts',(-0.770481787062959,4.0089931331214,21.6241754069286));
#1862=CARTESIAN_POINT('Ctrl Pts',(-1.28045616427885,3.8843193959213,21.6405289277754));
#1863=CARTESIAN_POINT('Ctrl Pts',(-1.76143446631249,3.6621416217312,21.6568772920153));
#1864=CARTESIAN_POINT('Ctrl Pts',(-2.18565752116199,3.35326125817623,21.6735474016164));
#1865=CARTESIAN_POINT('Ctrl Pts',(-0.777012910409257,4.0332802491769,21.57402886465));
#1866=CARTESIAN_POINT('Ctrl Pts',(-1.2902144715663,3.90794930048013,21.5904847852894));
#1867=CARTESIAN_POINT('Ctrl Pts',(-1.77422466752709,3.68452697937732,21.6069336923804));
#1868=CARTESIAN_POINT('Ctrl Pts',(-2.20130076142689,3.37373063012255,21.6237127838583));
#1869=CARTESIAN_POINT('Ctrl Pts',(-0.7809250931125,4.04267151282461,21.4956745294213));
#1870=CARTESIAN_POINT('Ctrl Pts',(-1.29537545017482,3.91715002874297,21.5121695106217));
#1871=CARTESIAN_POINT('Ctrl Pts',(-1.78080475364785,3.69321556257291,21.5286646427448));
#1872=CARTESIAN_POINT('Ctrl Pts',(-2.20908682402728,3.38168168041001,21.5454883574683));
#1873=CARTESIAN_POINT('Ctrl Pts',(-0.775615139501169,4.00715036117005,21.3886424951485));
#1874=CARTESIAN_POINT('Ctrl Pts',(-1.28562624160579,3.88272225224876,21.4049949422397));
#1875=CARTESIAN_POINT('Ctrl Pts',(-1.76686179285518,3.66074113187024,21.4213474729379));
#1876=CARTESIAN_POINT('Ctrl Pts',(-2.19152193722154,3.35185436128947,21.438028551176));
#1877=CARTESIAN_POINT('Ctrl Pts',(-0.762566562958086,3.93817669317303,21.2972258294145));
#1878=CARTESIAN_POINT('Ctrl Pts',(-1.26378438601768,3.81578481118238,21.3132970907177));
#1879=CARTESIAN_POINT('Ctrl Pts',(-1.73670654463468,3.59751690326673,21.329369337146));
#1880=CARTESIAN_POINT('Ctrl Pts',(-2.15398530433538,3.29386565355237,21.3457629022744));
#1881=CARTESIAN_POINT('Ctrl Pts',(-0.731887092584368,3.7931430136167,21.2428360956429));
#1882=CARTESIAN_POINT('Ctrl Pts',(-1.21447446762218,3.67491496013155,21.2583129346123));
#1883=CARTESIAN_POINT('Ctrl Pts',(-1.66959527992579,3.46441410875613,21.2737876219102));
#1884=CARTESIAN_POINT('Ctrl Pts',(-2.07099463209946,3.17184628698044,21.2895662497849));
#1885=CARTESIAN_POINT('Ctrl Pts',(-0.689911102431018,3.60924875329928,21.3046718208626));
#1886=CARTESIAN_POINT('Ctrl Pts',(-1.14872981766495,3.49619157425314,21.3193915480985));
#1887=CARTESIAN_POINT('Ctrl Pts',(-1.58099917846951,3.2954891538375,21.3341016273967));
#1888=CARTESIAN_POINT('Ctrl Pts',(-1.96191371637258,3.01705293354045,21.3490902885884));
#1889=CARTESIAN_POINT('Ctrl Pts',(-0.66344410571793,3.51079515552299,21.5075928576083));
#1890=CARTESIAN_POINT('Ctrl Pts',(-1.10932752624645,3.40036969536072,21.5219021653806));
#1891=CARTESIAN_POINT('Ctrl Pts',(-1.52903587866578,3.20483235245993,21.5361951825563));
#1892=CARTESIAN_POINT('Ctrl Pts',(-1.89851072677729,2.93407568880612,21.5507469218807));
#1893=CARTESIAN_POINT('Ctrl Pts',(-0.680774348416012,3.61353573061699,21.7333277453493));
#1894=CARTESIAN_POINT('Ctrl Pts',(-1.13967122843783,3.49999947306242,21.7480540500175));
#1895=CARTESIAN_POINT('Ctrl Pts',(-1.57154193133529,3.29890956985227,21.7627588055733));
#1896=CARTESIAN_POINT('Ctrl Pts',(-1.95178515449305,3.02039876873039,21.7777323043395));
#1897=CARTESIAN_POINT('Ctrl Pts',(-0.731407222712872,3.84957790819522,21.7919955542844));
#1898=CARTESIAN_POINT('Ctrl Pts',(-1.22060244919915,3.72930220825269,21.8076882727067));
#1899=CARTESIAN_POINT('Ctrl Pts',(-1.68161293339955,3.51553702662611,21.8233707835357));
#1900=CARTESIAN_POINT('Ctrl Pts',(-2.08773187489165,3.21900340902478,21.83934557748));
#1901=CARTESIAN_POINT('Ctrl Pts',(-0.761773622601227,3.97661031171406,21.6910374633001));
#1902=CARTESIAN_POINT('Ctrl Pts',(-1.26758503525532,3.85278158155975,21.707258916221));
#1903=CARTESIAN_POINT('Ctrl Pts',(-1.74426157814376,3.63237773403267,21.7234641388331));
#1904=CARTESIAN_POINT('Ctrl Pts',(-2.16479986747546,3.32596876224781,21.7399935586272));
#1905=CARTESIAN_POINT('Ctrl Pts',(-0.770481787062959,4.0089931331214,21.6241754069286));
#1906=CARTESIAN_POINT('Ctrl Pts',(-1.28045616427885,3.8843193959213,21.6405289277754));
#1907=CARTESIAN_POINT('Ctrl Pts',(-1.76143446631249,3.6621416217312,21.6568772920153));
#1908=CARTESIAN_POINT('Ctrl Pts',(-2.18565752116199,3.35326125817623,21.6735474016164));
#1909=CARTESIAN_POINT('',(-0.770481787062959,4.0089931331214,21.6241754069286));
#1910=CARTESIAN_POINT('Ctrl Pts',(-0.770481787062959,4.0089931331214,21.6241754069286));
#1911=CARTESIAN_POINT('Ctrl Pts',(-1.28045616427885,3.8843193959213,21.6405289277754));
#1912=CARTESIAN_POINT('Ctrl Pts',(-1.76143446631249,3.6621416217312,21.6568772920153));
#1913=CARTESIAN_POINT('Ctrl Pts',(-2.18565752116199,3.35326125817623,21.6735474016164));
#1914=CARTESIAN_POINT('Ctrl Pts',(-0.770481787062959,4.0089931331214,21.6241754069286));
#1915=CARTESIAN_POINT('Ctrl Pts',(-0.761773622601227,3.97661031171406,21.6910374633001));
#1916=CARTESIAN_POINT('Ctrl Pts',(-0.731407222712872,3.84957790819522,21.7919955542844));
#1917=CARTESIAN_POINT('Ctrl Pts',(-0.680774348416012,3.61353573061699,21.7333277453493));
#1918=CARTESIAN_POINT('Ctrl Pts',(-0.66344410571793,3.51079515552299,21.5075928576083));
#1919=CARTESIAN_POINT('Ctrl Pts',(-0.689911102431018,3.60924875329928,21.3046718208626));
#1920=CARTESIAN_POINT('Ctrl Pts',(-0.731887092584368,3.7931430136167,21.2428360956429));
#1921=CARTESIAN_POINT('Ctrl Pts',(-0.762566562958086,3.93817669317303,21.2972258294145));
#1922=CARTESIAN_POINT('Ctrl Pts',(-0.775615139501169,4.00715036117005,21.3886424951485));
#1923=CARTESIAN_POINT('Ctrl Pts',(-0.7809250931125,4.04267151282461,21.4956745294213));
#1924=CARTESIAN_POINT('Ctrl Pts',(-0.777012910409257,4.0332802491769,21.57402886465));
#1925=CARTESIAN_POINT('Ctrl Pts',(-0.770481787062959,4.0089931331214,21.6241754069286));
#1926=CARTESIAN_POINT('Ctrl Pts',(0.818495652550425,4.07952274508113,21.5747890669585));
#1927=CARTESIAN_POINT('Ctrl Pts',(0.289126491133573,4.15942056359492,21.5911525550732));
#1928=CARTESIAN_POINT('Ctrl Pts',(-0.250655025619102,4.13607548851275,21.6075059463443));
#1929=CARTESIAN_POINT('Ctrl Pts',(-0.770481787062959,4.0089931331214,21.6241754069286));
#1930=CARTESIAN_POINT('Ctrl Pts',(0.821607631122221,4.10387010717346,21.524343880573));
#1931=CARTESIAN_POINT('Ctrl Pts',(0.289079633610218,4.18437414254862,21.540805492004));
#1932=CARTESIAN_POINT('Ctrl Pts',(-0.253898615541944,4.16103209551719,21.5572550841325));
#1933=CARTESIAN_POINT('Ctrl Pts',(-0.777012910409257,4.0332802491769,21.57402886465));
#1934=CARTESIAN_POINT('Ctrl Pts',(0.821456592449765,4.11310641913548,21.4458734247592));
#1935=CARTESIAN_POINT('Ctrl Pts',(0.287821734914246,4.19389027061583,21.4623696323898));
#1936=CARTESIAN_POINT('Ctrl Pts',(-0.25653914859942,4.17061823577818,21.4788608091162));
#1937=CARTESIAN_POINT('Ctrl Pts',(-0.780925286720391,4.04267237500713,21.4956743753661));
#1938=CARTESIAN_POINT('Ctrl Pts',(0.812761494870554,4.07694846863926,21.3392771470416));
#1939=CARTESIAN_POINT('Ctrl Pts',(0.283814692299971,4.15703269201432,21.3556283633052));
#1940=CARTESIAN_POINT('Ctrl Pts',(-0.25575219700301,4.1339822879908,21.3719744280467));
#1941=CARTESIAN_POINT('Ctrl Pts',(-0.775615157441512,4.00715047148334,21.3886427658933));
#1942=CARTESIAN_POINT('Ctrl Pts',(0.798552172072619,4.00709341637331,21.2487063422003));
#1943=CARTESIAN_POINT('Ctrl Pts',(0.278656927088018,4.08569995106755,21.2647772112196));
#1944=CARTESIAN_POINT('Ctrl Pts',(-0.251662526997771,4.0629340594285,21.2808438744519));
#1945=CARTESIAN_POINT('Ctrl Pts',(-0.762566594802131,3.93817682663851,21.2972257259012));
#1946=CARTESIAN_POINT('Ctrl Pts',(0.771840042548109,3.86062508426189,21.1960975085366));
#1947=CARTESIAN_POINT('Ctrl Pts',(0.270850213403431,3.93599418516659,21.2115823550299));
#1948=CARTESIAN_POINT('Ctrl Pts',(-0.239963664759364,3.91365829029797,21.227060123101));
#1949=CARTESIAN_POINT('Ctrl Pts',(-0.731887116991758,3.79314315300403,21.2428363638157));
#1950=CARTESIAN_POINT('Ctrl Pts',(0.740975285161263,3.6753089395619,21.2601918610451));
#1951=CARTESIAN_POINT('Ctrl Pts',(0.263849022159228,3.74644750599136,21.2749365375709));
#1952=CARTESIAN_POINT('Ctrl Pts',(-0.222202367633661,3.72449597228601,21.2896671550516));
#1953=CARTESIAN_POINT('Ctrl Pts',(-0.689911094632164,3.60924874230539,21.3046720494605));
#1954=CARTESIAN_POINT('Ctrl Pts',(0.728351866047818,3.57660998923638,21.4643235069654));
#1955=CARTESIAN_POINT('Ctrl Pts',(0.263882352272325,3.64531690079217,21.4786750168291));
#1956=CARTESIAN_POINT('Ctrl Pts',(-0.208912540160898,3.62336145006229,21.4930062936727));
#1957=CARTESIAN_POINT('Ctrl Pts',(-0.663444090012423,3.51079510723389,21.507593072963));
#1958=CARTESIAN_POINT('Ctrl Pts',(0.751574944872721,3.68093541351335,21.688797383852));
#1959=CARTESIAN_POINT('Ctrl Pts',(0.273533519553516,3.75176018499364,21.7035689365456));
#1960=CARTESIAN_POINT('Ctrl Pts',(-0.21298376056524,3.72927140177628,21.718315095868));
#1961=CARTESIAN_POINT('Ctrl Pts',(-0.680774333109078,3.61353555425824,21.7333267438334));
#1962=CARTESIAN_POINT('Ctrl Pts',(0.794363387100439,3.91922283038016,21.744568523459));
#1963=CARTESIAN_POINT('Ctrl Pts',(0.285634588712625,3.99533535457809,21.7602914148539));
#1964=CARTESIAN_POINT('Ctrl Pts',(-0.232749158938295,3.97218066499624,21.7759996975326));
#1965=CARTESIAN_POINT('Ctrl Pts',(-0.731407394974677,3.84957873172993,21.7919959457503));
#1966=CARTESIAN_POINT('Ctrl Pts',(0.81434634778803,4.04705959562468,21.6420493154726));
#1967=CARTESIAN_POINT('Ctrl Pts',(0.289046959886971,4.12617344572083,21.658286374413));
#1968=CARTESIAN_POINT('Ctrl Pts',(-0.246187661335732,4.10283187532498,21.6745025467854));
#1969=CARTESIAN_POINT('Ctrl Pts',(-0.761773622601227,3.97661031171406,21.6910374633001));
#1970=CARTESIAN_POINT('Ctrl Pts',(0.818495652550425,4.07952274508113,21.5747890669585));
#1971=CARTESIAN_POINT('Ctrl Pts',(0.289126491133573,4.15942056359492,21.5911525550732));
#1972=CARTESIAN_POINT('Ctrl Pts',(-0.250655025619102,4.13607548851275,21.6075059463443));
#1973=CARTESIAN_POINT('Ctrl Pts',(-0.770481787062959,4.0089931331214,21.6241754069286));
#1974=CARTESIAN_POINT('',(0.818495652550425,4.07952274508113,21.5747890669585));
#1975=CARTESIAN_POINT('Ctrl Pts',(0.818495652550425,4.07952274508113,21.5747890669585));
#1976=CARTESIAN_POINT('Ctrl Pts',(0.289126491133573,4.15942056359492,21.5911525550732));
#1977=CARTESIAN_POINT('Ctrl Pts',(-0.250655025619102,4.13607548851275,21.6075059463443));
#1978=CARTESIAN_POINT('Ctrl Pts',(-0.770481787062959,4.0089931331214,21.6241754069286));
#1979=CARTESIAN_POINT('Ctrl Pts',(0.818495652550425,4.07952274508113,21.5747890669585));
#1980=CARTESIAN_POINT('Ctrl Pts',(0.81434634778803,4.04705959562468,21.6420493154726));
#1981=CARTESIAN_POINT('Ctrl Pts',(0.794363387100439,3.91922283038016,21.744568523459));
#1982=CARTESIAN_POINT('Ctrl Pts',(0.751574944872721,3.68093541351335,21.688797383852));
#1983=CARTESIAN_POINT('Ctrl Pts',(0.728351866047818,3.57660998923638,21.4643235069654));
#1984=CARTESIAN_POINT('Ctrl Pts',(0.740975285161263,3.6753089395619,21.2601918610451));
#1985=CARTESIAN_POINT('Ctrl Pts',(0.771840042548109,3.86062508426189,21.1960975085366));
#1986=CARTESIAN_POINT('Ctrl Pts',(0.798552172072619,4.00709341637331,21.2487063422003));
#1987=CARTESIAN_POINT('Ctrl Pts',(0.812761494870554,4.07694846863926,21.3392771470416));
#1988=CARTESIAN_POINT('Ctrl Pts',(0.821456592449765,4.11310641913548,21.4458734247592));
#1989=CARTESIAN_POINT('Ctrl Pts',(0.821607631122221,4.10387010717346,21.524343880573));
#1990=CARTESIAN_POINT('Ctrl Pts',(0.818495652550425,4.07952274508113,21.5747890669585));
#1991=CARTESIAN_POINT('Ctrl Pts',(2.34377456375856,3.53106048938924,21.5253897958177));
#1992=CARTESIAN_POINT('Ctrl Pts',(1.8756504974944,3.81126097676398,21.5417624565652));
#1993=CARTESIAN_POINT('Ctrl Pts',(1.35773809710558,3.99813474950034,21.5581203828426));
#1994=CARTESIAN_POINT('Ctrl Pts',(0.818495652550425,4.07952274508113,21.5747890669585));
#1995=CARTESIAN_POINT('Ctrl Pts',(2.35561037512346,3.55188000065809,21.4746585746534));
#1996=CARTESIAN_POINT('Ctrl Pts',(1.88485969528625,3.8338018821193,21.4911252884795));
#1997=CARTESIAN_POINT('Ctrl Pts',(1.364065921882,4.02186494303677,21.5075752969373));
#1998=CARTESIAN_POINT('Ctrl Pts',(0.821607631122221,4.10387010717346,21.524343880573));
#1999=CARTESIAN_POINT('Ctrl Pts',(2.35853695206559,3.55966531408714,21.396085574073));
#2000=CARTESIAN_POINT('Ctrl Pts',(1.88697162654147,3.84220475915573,21.4125826526795));
#2001=CARTESIAN_POINT('Ctrl Pts',(1.36504121722846,4.03081533792827,21.4290698313406));
#2002=CARTESIAN_POINT('Ctrl Pts',(0.821456407183705,4.11310532983765,21.4458736303399));
#2003=CARTESIAN_POINT('Ctrl Pts',(2.33617931004169,3.52840547195288,21.2899311056832));
#2004=CARTESIAN_POINT('Ctrl Pts',(1.86882599496001,3.80843288267532,21.3062809065405));
#2005=CARTESIAN_POINT('Ctrl Pts',(1.3515726670362,3.99537073098356,21.3226206479731));
#2006=CARTESIAN_POINT('Ctrl Pts',(0.812761462574686,4.07694832676189,21.3392768099695));
#2007=CARTESIAN_POINT('Ctrl Pts',(2.29602339462144,3.46822897586192,21.2002042175193));
#2008=CARTESIAN_POINT('Ctrl Pts',(1.83660349259505,3.74337914688768,21.2162745371423));
#2009=CARTESIAN_POINT('Ctrl Pts',(1.3281472108799,3.92702020295522,21.2323357604089));
#2010=CARTESIAN_POINT('Ctrl Pts',(0.798552145601438,4.00709324766037,21.2487064731064));
#2011=CARTESIAN_POINT('Ctrl Pts',(2.21544289689432,3.34231274961301,21.1493501213399));
#2012=CARTESIAN_POINT('Ctrl Pts',(1.77235602157566,3.60724389270893,21.1648425154371));
#2013=CARTESIAN_POINT('Ctrl Pts',(1.28218661328546,3.78384803358522,21.1803231332472));
#2014=CARTESIAN_POINT('Ctrl Pts',(0.77184000408613,3.86062490664614,21.1960971742978));
#2015=CARTESIAN_POINT('Ctrl Pts',(2.11693158172212,3.18324600897882,21.215652601359));
#2016=CARTESIAN_POINT('Ctrl Pts',(1.69423528329846,3.4352473279461,21.2304210416172));
#2017=CARTESIAN_POINT('Ctrl Pts',(1.22702599560567,3.60283926595459,21.2451711377247));
#2018=CARTESIAN_POINT('Ctrl Pts',(0.740975280960153,3.67530895245298,21.2601915737213));
#2019=CARTESIAN_POINT('Ctrl Pts',(2.068942242059,3.09884756310485,21.4209438221594));
#2020=CARTESIAN_POINT('Ctrl Pts',(1.65676599296813,3.3439510693233,21.4353355158178));
#2021=CARTESIAN_POINT('Ctrl Pts',(1.20151742182714,3.50661594588492,21.4497030841516));
#2022=CARTESIAN_POINT('Ctrl Pts',(0.728351870547497,3.57661004983735,21.4643232367649));
#2023=CARTESIAN_POINT('Ctrl Pts',(2.1312632061879,3.18888662886386,21.6441509285243));
#2024=CARTESIAN_POINT('Ctrl Pts',(1.7070381969477,3.44128220008965,21.6589654366355));
#2025=CARTESIAN_POINT('Ctrl Pts',(1.23855970918084,3.6087851020964,21.6737507866575));
#2026=CARTESIAN_POINT('Ctrl Pts',(0.751575012440616,3.68093563982327,21.6887986367962));
#2027=CARTESIAN_POINT('Ctrl Pts',(2.26157242787233,3.39368082515075,21.6970677251013));
#2028=CARTESIAN_POINT('Ctrl Pts',(1.81088690797261,3.66267096406476,21.7128190664158));
#2029=CARTESIAN_POINT('Ctrl Pts',(1.3125919350394,3.84168758250873,21.7285515736556));
#2030=CARTESIAN_POINT('Ctrl Pts',(0.794363194492652,3.91922178682064,21.7445680466424));
#2031=CARTESIAN_POINT('Ctrl Pts',(2.3279934819387,3.50330114103077,21.5930314240367));
#2032=CARTESIAN_POINT('Ctrl Pts',(1.86324888598233,3.78128319706115,21.6092830216583));
#2033=CARTESIAN_POINT('Ctrl Pts',(1.34944558208029,3.96646972946368,21.6255093488113));
#2034=CARTESIAN_POINT('Ctrl Pts',(0.81434634778803,4.04705959562468,21.6420493154726));
#2035=CARTESIAN_POINT('Ctrl Pts',(2.34377456375856,3.53106048938924,21.5253897958177));
#2036=CARTESIAN_POINT('Ctrl Pts',(1.8756504974944,3.81126097676398,21.5417624565652));
#2037=CARTESIAN_POINT('Ctrl Pts',(1.35773809710558,3.99813474950034,21.5581203828426));
#2038=CARTESIAN_POINT('Ctrl Pts',(0.818495652550425,4.07952274508113,21.5747890669585));
#2039=CARTESIAN_POINT('',(2.34377456375857,3.53106048938923,21.5253897958177));
#2040=CARTESIAN_POINT('Ctrl Pts',(2.34377456375856,3.53106048938924,21.5253897958177));
#2041=CARTESIAN_POINT('Ctrl Pts',(1.8756504974944,3.81126097676398,21.5417624565652));
#2042=CARTESIAN_POINT('Ctrl Pts',(1.35773809710558,3.99813474950034,21.5581203828426));
#2043=CARTESIAN_POINT('Ctrl Pts',(0.818495652550425,4.07952274508113,21.5747890669585));
#2044=CARTESIAN_POINT('Ctrl Pts',(2.34377456375856,3.53106048938924,21.5253897958177));
#2045=CARTESIAN_POINT('Ctrl Pts',(2.3279934819387,3.50330114103077,21.5930314240367));
#2046=CARTESIAN_POINT('Ctrl Pts',(2.26157242787233,3.39368082515075,21.6970677251013));
#2047=CARTESIAN_POINT('Ctrl Pts',(2.1312632061879,3.18888662886386,21.6441509285243));
#2048=CARTESIAN_POINT('Ctrl Pts',(2.068942242059,3.09884756310485,21.4209438221594));
#2049=CARTESIAN_POINT('Ctrl Pts',(2.11693158172212,3.18324600897882,21.215652601359));
#2050=CARTESIAN_POINT('Ctrl Pts',(2.21544289689432,3.34231274961301,21.1493501213399));
#2051=CARTESIAN_POINT('Ctrl Pts',(2.29602339462144,3.46822897586192,21.2002042175193));
#2052=CARTESIAN_POINT('Ctrl Pts',(2.33617931004169,3.52840547195288,21.2899311056832));
#2053=CARTESIAN_POINT('Ctrl Pts',(2.35853695206559,3.55966531408714,21.396085574073));
#2054=CARTESIAN_POINT('Ctrl Pts',(2.35561037512346,3.55188000065809,21.4746585746534));
#2055=CARTESIAN_POINT('Ctrl Pts',(2.34377456375856,3.53106048938924,21.5253897958177));
#2056=CARTESIAN_POINT('Ctrl Pts',(3.56868221707362,2.42440656094565,21.4759788285291));
#2057=CARTESIAN_POINT('Ctrl Pts',(3.23602323366046,2.8694516388503,21.4923599565707));
#2058=CARTESIAN_POINT('Ctrl Pts',(2.82033742333767,3.24580887525108,21.5087219878858));
#2059=CARTESIAN_POINT('Ctrl Pts',(2.34377456375856,3.53106048938924,21.5253897958177));
#2060=CARTESIAN_POINT('Ctrl Pts',(3.58707739539872,2.43880363714206,21.4249735651503));
#2061=CARTESIAN_POINT('Ctrl Pts',(3.25268738978546,2.88637839617487,21.4414448628212));
#2062=CARTESIAN_POINT('Ctrl Pts',(2.83484565073493,3.26487696214153,21.4578950681864));
#2063=CARTESIAN_POINT('Ctrl Pts',(2.35561037512346,3.55188000065809,21.4746585746534));
#2064=CARTESIAN_POINT('Ctrl Pts',(3.59203508567325,2.44431783063669,21.3463103652769));
#2065=CARTESIAN_POINT('Ctrl Pts',(3.25719669490645,2.89267866633826,21.3628080100739));
#2066=CARTESIAN_POINT('Ctrl Pts',(2.83860070359743,3.27203394899259,21.3792912131115));
#2067=CARTESIAN_POINT('Ctrl Pts',(2.35853685782871,3.55966516307353,21.3960856086777));
#2068=CARTESIAN_POINT('Ctrl Pts',(3.55853927703893,2.42310070080971,21.2406047159946));
#2069=CARTESIAN_POINT('Ctrl Pts',(3.22673941924258,2.86740940265985,21.2569529597059));
#2070=CARTESIAN_POINT('Ctrl Pts',(2.81195684781945,3.24333057443202,21.2732865313516));
#2071=CARTESIAN_POINT('Ctrl Pts',(2.33617929553334,3.52840545105934,21.2899310520286));
#2072=CARTESIAN_POINT('Ctrl Pts',(3.49775244316567,2.38200548683171,21.1517185309604));
#2073=CARTESIAN_POINT('Ctrl Pts',(3.17152156236103,2.81867930279707,21.1677881950664));
#2074=CARTESIAN_POINT('Ctrl Pts',(2.76372809561069,3.18811702248948,21.183844114861));
#2075=CARTESIAN_POINT('Ctrl Pts',(2.2960233802292,3.46822895218433,21.2002042381802));
#2076=CARTESIAN_POINT('Ctrl Pts',(3.37497107376412,2.29571588313995,21.102595219383));
#2077=CARTESIAN_POINT('Ctrl Pts',(3.06001721120504,2.71666809088369,21.1180947968928));
#2078=CARTESIAN_POINT('Ctrl Pts',(2.66652812559511,3.07259903427016,21.1335780204998));
#2079=CARTESIAN_POINT('Ctrl Pts',(2.21544287976085,3.34231272456166,21.1493500674242));
#2080=CARTESIAN_POINT('Ctrl Pts',(3.22407186653596,2.18642238898517,21.1710574464757));
#2081=CARTESIAN_POINT('Ctrl Pts',(2.92301448954174,2.58774425600702,21.185848643529));
#2082=CARTESIAN_POINT('Ctrl Pts',(2.54726922619606,2.92668854690672,21.2006171625933));
#2083=CARTESIAN_POINT('Ctrl Pts',(2.11693158153994,3.18324601056874,21.2156525543116));
#2084=CARTESIAN_POINT('Ctrl Pts',(3.14948950104907,2.12806010832002,21.3774596619973));
#2085=CARTESIAN_POINT('Ctrl Pts',(2.85536165411043,2.51925009807525,21.3918897781962));
#2086=CARTESIAN_POINT('Ctrl Pts',(2.48857640599815,2.8493082490263,21.4062917245824));
#2087=CARTESIAN_POINT('Ctrl Pts',(2.0689422464006,3.09884757173035,21.4209437788022));
#2088=CARTESIAN_POINT('Ctrl Pts',(3.24330867456122,2.18935389584171,21.5993909552759));
#2089=CARTESIAN_POINT('Ctrl Pts',(2.94060121223903,2.59213720442072,21.6142463889523));
#2090=CARTESIAN_POINT('Ctrl Pts',(2.56315828588995,2.93192689265903,21.6290688152124));
#2091=CARTESIAN_POINT('Ctrl Pts',(2.13126323106654,3.1888866602818,21.6441511309361));
#2092=CARTESIAN_POINT('Ctrl Pts',(3.44204382955253,2.32976324646181,21.6494984716737));
#2093=CARTESIAN_POINT('Ctrl Pts',(3.12110826740767,2.75801722870053,21.6652767239884));
#2094=CARTESIAN_POINT('Ctrl Pts',(2.72039182335997,3.11983540373284,21.6810320506557));
#2095=CARTESIAN_POINT('Ctrl Pts',(2.26157233424974,3.39368067944853,21.6970676511511));
#2096=CARTESIAN_POINT('Ctrl Pts',(3.54415531264016,2.40521045935044,21.5439858463675));
#2097=CARTESIAN_POINT('Ctrl Pts',(3.21371965803763,2.84700071776111,21.5602510302245));
#2098=CARTESIAN_POINT('Ctrl Pts',(2.80111795279127,3.22030665247642,21.5764867969268));
#2099=CARTESIAN_POINT('Ctrl Pts',(2.3279934819387,3.50330114103077,21.5930314240367));
#2100=CARTESIAN_POINT('Ctrl Pts',(3.56868221707362,2.42440656094565,21.4759788285291));
#2101=CARTESIAN_POINT('Ctrl Pts',(3.23602323366046,2.8694516388503,21.4923599565707));
#2102=CARTESIAN_POINT('Ctrl Pts',(2.82033742333767,3.24580887525108,21.5087219878858));
#2103=CARTESIAN_POINT('Ctrl Pts',(2.34377456375856,3.53106048938924,21.5253897958177));
#2104=CARTESIAN_POINT('',(3.56868221707362,2.42440656094565,21.4759788285291));
#2105=CARTESIAN_POINT('Ctrl Pts',(3.56868221707362,2.42440656094565,21.4759788285291));
#2106=CARTESIAN_POINT('Ctrl Pts',(3.23602323366046,2.8694516388503,21.4923599565707));
#2107=CARTESIAN_POINT('Ctrl Pts',(2.82033742333767,3.24580887525108,21.5087219878858));
#2108=CARTESIAN_POINT('Ctrl Pts',(2.34377456375856,3.53106048938924,21.5253897958177));
#2109=CARTESIAN_POINT('Ctrl Pts',(3.56868221707362,2.42440656094565,21.4759788285291));
#2110=CARTESIAN_POINT('Ctrl Pts',(3.54415531264016,2.40521045935044,21.5439858463675));
#2111=CARTESIAN_POINT('Ctrl Pts',(3.44204382955253,2.32976324646181,21.6494984716737));
#2112=CARTESIAN_POINT('Ctrl Pts',(3.24330867456122,2.18935389584171,21.5993909552759));
#2113=CARTESIAN_POINT('Ctrl Pts',(3.14948950104907,2.12806010832002,21.3774596619973));
#2114=CARTESIAN_POINT('Ctrl Pts',(3.22407186653596,2.18642238898517,21.1710574464757));
#2115=CARTESIAN_POINT('Ctrl Pts',(3.37497107376412,2.29571588313995,21.102595219383));
#2116=CARTESIAN_POINT('Ctrl Pts',(3.49775244316567,2.38200548683171,21.1517185309604));
#2117=CARTESIAN_POINT('Ctrl Pts',(3.55853927703893,2.42310070080971,21.2406047159946));
#2118=CARTESIAN_POINT('Ctrl Pts',(3.59203508567325,2.44431783063669,21.3463103652769));
#2119=CARTESIAN_POINT('Ctrl Pts',(3.58707739539872,2.43880363714206,21.4249735651503));
#2120=CARTESIAN_POINT('Ctrl Pts',(3.56868221707362,2.42440656094565,21.4759788285291));
#2121=CARTESIAN_POINT('Ctrl Pts',(0.0534921066798686,-0.000111517530744585,
22.9997345621005));
#2122=CARTESIAN_POINT('Ctrl Pts',(0.0372629975569648,-1.00194976583399E-5,
22.9998956188836));
#2123=CARTESIAN_POINT('Ctrl Pts',(0.0210337072336054,-8.99390260669067E-7,
22.9999833938692));
#2124=CARTESIAN_POINT('Ctrl Pts',(0.00320244436273809,-9.92251448961843E-14,
22.9999992864315));
#2125=CARTESIAN_POINT('Ctrl Pts',(0.00160122252851376,1.38394344551258E-15,
23.));
#2126=CARTESIAN_POINT('Ctrl Pts',(1.59252111311451E-14,1.38575780388345E-15,
23.));
#2127=CARTESIAN_POINT('Ctrl Pts',(0.0545754894835248,0.0512791682768067,
22.9772619348645));
#2128=CARTESIAN_POINT('Ctrl Pts',(0.038219051608242,0.0513866817753592,
22.9774307233446));
#2129=CARTESIAN_POINT('Ctrl Pts',(0.0219510682503467,0.0513941472670213,
22.9775134058048));
#2130=CARTESIAN_POINT('Ctrl Pts',(0.00417489295808432,0.0513973394067167,
22.9775368032463));
#2131=CARTESIAN_POINT('Ctrl Pts',(0.00257948014358855,0.0513972146096425,
22.977537483058));
#2132=CARTESIAN_POINT('Ctrl Pts',(0.000984931055562771,0.0513972146737511,
22.9775377758101));
#2133=CARTESIAN_POINT('Ctrl Pts',(0.0552633154196332,0.108794635228912,
22.9234088537769));
#2134=CARTESIAN_POINT('Ctrl Pts',(0.0388508421533601,0.108909526395479,
22.9235847407323));
#2135=CARTESIAN_POINT('Ctrl Pts',(0.0226259668986555,0.10891018404721,22.9236605110436));
#2136=CARTESIAN_POINT('Ctrl Pts',(0.00500636203419593,0.108918125741468,
22.9236914285432));
#2137=CARTESIAN_POINT('Ctrl Pts',(0.00342597885778322,0.10891767659861,
22.9236919955153));
#2138=CARTESIAN_POINT('Ctrl Pts',(0.00184742673010802,0.108917676545678,
22.9236925443304));
#2139=CARTESIAN_POINT('Ctrl Pts',(0.0543241822009729,0.164607751911774,
22.7832612726618));
#2140=CARTESIAN_POINT('Ctrl Pts',(0.0381218510374964,0.164731249621953,
22.7834391896069));
#2141=CARTESIAN_POINT('Ctrl Pts',(0.0222034542610931,0.164710176833387,
22.7835046314236));
#2142=CARTESIAN_POINT('Ctrl Pts',(0.00502664198714097,0.164729889856343,
22.783540157982));
#2143=CARTESIAN_POINT('Ctrl Pts',(0.00348695798956411,0.164728560540652,
22.7835403857144));
#2144=CARTESIAN_POINT('Ctrl Pts',(0.00195004400446745,0.164728560576366,
22.7835409651353));
#2145=CARTESIAN_POINT('Ctrl Pts',(0.0499830478080395,0.129958029108487,
22.6008928331505));
#2146=CARTESIAN_POINT('Ctrl Pts',(0.0344611804088377,0.130080993249506,
22.6010546672051));
#2147=CARTESIAN_POINT('Ctrl Pts',(0.0191636126922604,0.130027015250208,
22.6011153587439));
#2148=CARTESIAN_POINT('Ctrl Pts',(0.00260322005733439,0.130061040724845,
22.6011397812759));
#2149=CARTESIAN_POINT('Ctrl Pts',(0.00111830882178139,0.130058524774595,
22.6011395154025));
#2150=CARTESIAN_POINT('Ctrl Pts',(-0.000364414939159144,0.130058524760117,
22.6011394071259));
#2151=CARTESIAN_POINT('Ctrl Pts',(0.0414769893758846,-0.0894523078392472,
22.4845519907103));
#2152=CARTESIAN_POINT('Ctrl Pts',(0.0271376956248526,-0.0893514837892398,
22.484669087129));
#2153=CARTESIAN_POINT('Ctrl Pts',(0.0126445485356982,-0.0894349382082583,
22.4847427678511));
#2154=CARTESIAN_POINT('Ctrl Pts',(-0.00344851994736396,-0.0893934385416407,
22.4847286546748));
#2155=CARTESIAN_POINT('Ctrl Pts',(-0.00489515555266521,-0.0893967874260618,
22.4847279780017));
#2156=CARTESIAN_POINT('Ctrl Pts',(-0.00634329368319854,-0.0893967873674292,
22.4847260934662));
#2157=CARTESIAN_POINT('Ctrl Pts',(0.0366862373248509,-0.317053954729527,
22.5844840495981));
#2158=CARTESIAN_POINT('Ctrl Pts',(0.0229095458057579,-0.31698000124099,
22.5845668830484));
#2159=CARTESIAN_POINT('Ctrl Pts',(0.00858656083107834,-0.317056043650156,
22.5846631749019));
#2160=CARTESIAN_POINT('Ctrl Pts',(-0.00775173221961938,-0.317024523514537,
22.5846158378227));
#2161=CARTESIAN_POINT('Ctrl Pts',(-0.00922421518653682,-0.317027317071753,
22.584615311754));
#2162=CARTESIAN_POINT('Ctrl Pts',(-0.0107020287903554,-0.317027317071231,
22.5846121322353));
#2163=CARTESIAN_POINT('Ctrl Pts',(0.0389949771222425,-0.375585811627496,
22.8038796575433));
#2164=CARTESIAN_POINT('Ctrl Pts',(0.0247798676227986,-0.375522221487624,
22.8039643393717));
#2165=CARTESIAN_POINT('Ctrl Pts',(0.00991741712164012,-0.375562995195956,
22.8040744712203));
#2166=CARTESIAN_POINT('Ctrl Pts',(-0.00712484871311008,-0.375549594198448,
22.8040245169173));
#2167=CARTESIAN_POINT('Ctrl Pts',(-0.00866153196882335,-0.37555099876802,
22.8040245359479));
#2168=CARTESIAN_POINT('Ctrl Pts',(-0.0102045306157695,-0.375550998769983,
22.804021504216));
#2169=CARTESIAN_POINT('Ctrl Pts',(0.0450378115726518,-0.275506091604859,
22.9752702604056));
#2170=CARTESIAN_POINT('Ctrl Pts',(0.0299270878519487,-0.27543452545767,
22.9753818573237));
#2171=CARTESIAN_POINT('Ctrl Pts',(0.0143414392379682,-0.275441474114112,
22.9754909694514));
#2172=CARTESIAN_POINT('Ctrl Pts',(-0.00330549679309683,-0.275440969357423,
22.9754622131583));
#2173=CARTESIAN_POINT('Ctrl Pts',(-0.00489479646117791,-0.275441232744613,
22.9754627288975));
#2174=CARTESIAN_POINT('Ctrl Pts',(-0.00648872855615329,-0.27544123277572,
22.9754608011264));
#2175=CARTESIAN_POINT('Ctrl Pts',(0.0503572214041922,-0.128783768091519,
23.0328995500786));
#2176=CARTESIAN_POINT('Ctrl Pts',(0.0345163964726274,-0.128697072844963,
23.033039946986));
#2177=CARTESIAN_POINT('Ctrl Pts',(0.0184535552651986,-0.128687780765476,
23.0331395437145));
#2178=CARTESIAN_POINT('Ctrl Pts',(0.000560864879392362,-0.128690622343907,
23.0331359398219));
#2179=CARTESIAN_POINT('Ctrl Pts',(-0.00104803725745087,-0.128690458495567,
23.0331366775474));
#2180=CARTESIAN_POINT('Ctrl Pts',(-0.00265910420066842,-0.128690458524265,
23.0331358876042));
#2181=CARTESIAN_POINT('Ctrl Pts',(0.0527698514774312,-0.0343719747357788,
23.0147163135912));
#2182=CARTESIAN_POINT('Ctrl Pts',(0.0366256281894467,-0.0342744870130033,
23.0148722159096));
#2183=CARTESIAN_POINT('Ctrl Pts',(0.0204221332224445,-0.0342642638284486,
23.0149633859121));
#2184=CARTESIAN_POINT('Ctrl Pts',(0.00255414529917394,-0.0342648929379765,
23.0149742752216));
#2185=CARTESIAN_POINT('Ctrl Pts',(0.000949050785130574,-0.0342648097397593,
23.0149750112947));
#2186=CARTESIAN_POINT('Ctrl Pts',(-0.000656620703681968,-0.0342648097824984,
23.0149748161266));
#2187=CARTESIAN_POINT('Ctrl Pts',(0.0534921066798686,-0.000111517530744585,
22.9997345621005));
#2188=CARTESIAN_POINT('Ctrl Pts',(0.0372629975569648,-1.00194976583403E-5,
22.9998956188836));
#2189=CARTESIAN_POINT('Ctrl Pts',(0.0210337072336054,-8.99390260669474E-7,
22.9999833938692));
#2190=CARTESIAN_POINT('Ctrl Pts',(0.00320244436273809,-9.92255504297515E-14,
22.9999992864315));
#2191=CARTESIAN_POINT('Ctrl Pts',(0.00160122252851377,1.38353796784087E-15,
23.));
#2192=CARTESIAN_POINT('Ctrl Pts',(1.59295288361959E-14,1.38535232621192E-15,
23.));
#2193=CARTESIAN_POINT('',(0.0534921066798686,-0.000111517530744585,22.9997345621005));
#2194=CARTESIAN_POINT('Ctrl Pts',(0.0534921066798686,-0.000111517530744585,
22.9997345621005));
#2195=CARTESIAN_POINT('Ctrl Pts',(0.0527698514774312,-0.0343719747357788,
23.0147163135912));
#2196=CARTESIAN_POINT('Ctrl Pts',(0.0503572214041922,-0.128783768091519,
23.0328995500786));
#2197=CARTESIAN_POINT('Ctrl Pts',(0.0450378115726518,-0.275506091604859,
22.9752702604056));
#2198=CARTESIAN_POINT('Ctrl Pts',(0.0389949771222425,-0.375585811627496,
22.8038796575433));
#2199=CARTESIAN_POINT('Ctrl Pts',(0.0366862373248509,-0.317053954729527,
22.5844840495981));
#2200=CARTESIAN_POINT('Ctrl Pts',(0.0414769893758846,-0.0894523078392472,
22.4845519907103));
#2201=CARTESIAN_POINT('Ctrl Pts',(0.0499830478080395,0.129958029108487,
22.6008928331505));
#2202=CARTESIAN_POINT('Ctrl Pts',(0.0543241822009729,0.164607751911774,
22.7832612726618));
#2203=CARTESIAN_POINT('Ctrl Pts',(0.0552633154196332,0.108794635228912,
22.9234088537769));
#2204=CARTESIAN_POINT('Ctrl Pts',(0.0545754894835248,0.0512791682768067,
22.9772619348645));
#2205=CARTESIAN_POINT('Ctrl Pts',(0.0534921066798686,-0.000111517530744585,
22.9997345621005));
#2206=CARTESIAN_POINT('',(1.59409331041615E-14,-1.01680342200432E-15,23.));
#2207=CARTESIAN_POINT('Ctrl Pts',(0.0534921066798686,-0.000111517530744585,
22.9997345621005));
#2208=CARTESIAN_POINT('Ctrl Pts',(0.0372629975569648,-1.00194976583399E-5,
22.9998956188836));
#2209=CARTESIAN_POINT('Ctrl Pts',(0.0210337072336054,-8.99390260669067E-7,
22.9999833938692));
#2210=CARTESIAN_POINT('Ctrl Pts',(0.00320244436273809,-9.92251448961843E-14,
22.9999992864315));
#2211=CARTESIAN_POINT('Ctrl Pts',(0.00160122252851376,1.38394344551258E-15,
23.));
#2212=CARTESIAN_POINT('Ctrl Pts',(1.59252111311451E-14,1.38575780388345E-15,
23.));
#2213=CARTESIAN_POINT('Origin',(-0.00419546502545665,-0.100033095186656,
22.7709240782173));
#2214=CARTESIAN_POINT('Ctrl Pts',(0.311954287216883,-0.0222383206537823,
22.9909387713471));
#2215=CARTESIAN_POINT('Ctrl Pts',(0.226031232157909,-0.00371133558858693,
22.9959749566204));
#2216=CARTESIAN_POINT('Ctrl Pts',(0.138697123630372,-0.00064439592622911,
22.9988889922155));
#2217=CARTESIAN_POINT('Ctrl Pts',(0.0534921066798686,-0.000111517530744585,
22.9997345621005));
#2218=CARTESIAN_POINT('Ctrl Pts',(0.322430377116013,0.0278915263013512,
22.9680380013679));
#2219=CARTESIAN_POINT('Ctrl Pts',(0.23099283139412,0.0477226596760523,22.9734056400008));
#2220=CARTESIAN_POINT('Ctrl Pts',(0.140445045534171,0.0507145236982294,
22.9763752408613));
#2221=CARTESIAN_POINT('Ctrl Pts',(0.0545754894835211,0.0512791682768067,
22.9772619348645));
#2222=CARTESIAN_POINT('Ctrl Pts',(0.332311545058684,0.0843345824418658,
22.9138224195963));
#2223=CARTESIAN_POINT('Ctrl Pts',(0.235245874106958,0.105471969372053,22.9195248849416));
#2224=CARTESIAN_POINT('Ctrl Pts',(0.141399272459547,0.108371263840099,22.9225459507716));
#2225=CARTESIAN_POINT('Ctrl Pts',(0.0552696299788669,0.108973757274602,
22.9234693894462));
#2226=CARTESIAN_POINT('Ctrl Pts',(0.33546721974234,0.132045770214857,22.790809607999));
#2227=CARTESIAN_POINT('Ctrl Pts',(0.234810544541287,0.153947108427866,22.7967160089265));
#2228=CARTESIAN_POINT('Ctrl Pts',(0.139551562417525,0.156644648066147,22.7997217084443));
#2229=CARTESIAN_POINT('Ctrl Pts',(0.0544292553643548,0.157286521544665,
22.8006539257716));
#2230=CARTESIAN_POINT('Ctrl Pts',(0.325588700914446,0.123917952853219,22.6730323468241));
#2231=CARTESIAN_POINT('Ctrl Pts',(0.227809750194272,0.145036400692432,22.6787514991747));
#2232=CARTESIAN_POINT('Ctrl Pts',(0.135055353573695,0.147588264628778,22.6816658562174));
#2233=CARTESIAN_POINT('Ctrl Pts',(0.0520072634482064,0.148235985251444,
22.6825550199888));
#2234=CARTESIAN_POINT('Ctrl Pts',(0.29626449777494,0.0359196917024294,22.5508329709525));
#2235=CARTESIAN_POINT('Ctrl Pts',(0.210718603943465,0.054009039344031,22.5557978578168));
#2236=CARTESIAN_POINT('Ctrl Pts',(0.126379922157775,0.0564572105298431,
22.5584976929465));
#2237=CARTESIAN_POINT('Ctrl Pts',(0.0471027428419808,0.0570642772662633,
22.5592669197543));
#2238=CARTESIAN_POINT('Ctrl Pts',(0.253398855686433,-0.124814520673953,
22.4864990539492));
#2239=CARTESIAN_POINT('Ctrl Pts',(0.18762983525195,-0.111517160153296,22.4902592043303));
#2240=CARTESIAN_POINT('Ctrl Pts',(0.116036680595467,-0.109045445300529,
22.4926767116185));
#2241=CARTESIAN_POINT('Ctrl Pts',(0.0410818317822906,-0.10852713155538,
22.4932742146166));
#2242=CARTESIAN_POINT('Ctrl Pts',(0.210922418741321,-0.328018767209495,
22.579165311082));
#2243=CARTESIAN_POINT('Ctrl Pts',(0.167325097697372,-0.319963767962925,
22.5815929694963));
#2244=CARTESIAN_POINT('Ctrl Pts',(0.108989321246075,-0.317233573534073,
22.5837722343279));
#2245=CARTESIAN_POINT('Ctrl Pts',(0.0366872564466153,-0.316843227365163,
22.5842046311494));
#2246=CARTESIAN_POINT('Ctrl Pts',(0.211722606111548,-0.392119051859016,
22.8192865530626));
#2247=CARTESIAN_POINT('Ctrl Pts',(0.171670395620171,-0.384724375962587,
22.8215259820673));
#2248=CARTESIAN_POINT('Ctrl Pts',(0.114081470614101,-0.381640077577602,
22.8237725993938));
#2249=CARTESIAN_POINT('Ctrl Pts',(0.0392003212634447,-0.381309178621774,
22.8242161376987));
#2250=CARTESIAN_POINT('Ctrl Pts',(0.259229076674819,-0.249510018149286,
23.0170836572084));
#2251=CARTESIAN_POINT('Ctrl Pts',(0.199385136416412,-0.237214768988774,
23.0205433797186));
#2252=CARTESIAN_POINT('Ctrl Pts',(0.128123246277962,-0.233955408435876,
23.0231395768525));
#2253=CARTESIAN_POINT('Ctrl Pts',(0.0471441359996235,-0.233558697643817,
23.0237771229332));
#2254=CARTESIAN_POINT('Ctrl Pts',(0.297986167351375,-0.0890781165939604,
23.0214731313194));
#2255=CARTESIAN_POINT('Ctrl Pts',(0.219300043966161,-0.072261513214952,
23.0260744899895));
#2256=CARTESIAN_POINT('Ctrl Pts',(0.136399329142534,-0.0691233777029511,
23.0289062290736));
#2257=CARTESIAN_POINT('Ctrl Pts',(0.0520475962749987,-0.068632431940813,
23.0296980650819));
#2258=CARTESIAN_POINT('Ctrl Pts',(0.311954287216883,-0.0222383206537823,
22.9909387713471));
#2259=CARTESIAN_POINT('Ctrl Pts',(0.226031232157909,-0.00371133558858693,
22.9959749566204));
#2260=CARTESIAN_POINT('Ctrl Pts',(0.138697123630372,-0.00064439592622911,
22.9988889922155));
#2261=CARTESIAN_POINT('Ctrl Pts',(0.0534921066798686,-0.000111517530744585,
22.9997345621005));
#2262=CARTESIAN_POINT('',(0.311954287216883,-0.0222383206537823,22.9909387713471));
#2263=CARTESIAN_POINT('Ctrl Pts',(0.311954287216883,-0.0222383206537823,
22.9909387713471));
#2264=CARTESIAN_POINT('Ctrl Pts',(0.226031232157909,-0.00371133558858693,
22.9959749566204));
#2265=CARTESIAN_POINT('Ctrl Pts',(0.138697123630372,-0.00064439592622911,
22.9988889922155));
#2266=CARTESIAN_POINT('Ctrl Pts',(0.0534921066798686,-0.000111517530744585,
22.9997345621005));
#2267=CARTESIAN_POINT('Ctrl Pts',(0.311954287216883,-0.0222383206537823,
22.9909387713471));
#2268=CARTESIAN_POINT('Ctrl Pts',(0.297986167351375,-0.0890781165939604,
23.0214731313194));
#2269=CARTESIAN_POINT('Ctrl Pts',(0.259229076674819,-0.249510018149286,
23.0170836572084));
#2270=CARTESIAN_POINT('Ctrl Pts',(0.211722606111548,-0.392119051859016,
22.8192865530626));
#2271=CARTESIAN_POINT('Ctrl Pts',(0.210922418741321,-0.328018767209495,
22.579165311082));
#2272=CARTESIAN_POINT('Ctrl Pts',(0.253398855686433,-0.124814520673953,
22.4864990539492));
#2273=CARTESIAN_POINT('Ctrl Pts',(0.29626449777494,0.0359196917024294,22.5508329709525));
#2274=CARTESIAN_POINT('Ctrl Pts',(0.325588700914446,0.123917952853219,22.6730323468241));
#2275=CARTESIAN_POINT('Ctrl Pts',(0.33546721974234,0.132045770214857,22.790809607999));
#2276=CARTESIAN_POINT('Ctrl Pts',(0.332311545058684,0.0843345824418658,
22.9138224195963));
#2277=CARTESIAN_POINT('Ctrl Pts',(0.322430377116013,0.0278915263013512,
22.9680380013679));
#2278=CARTESIAN_POINT('Ctrl Pts',(0.311954287216883,-0.0222383206537823,
22.9909387713471));
#2279=CARTESIAN_POINT('Ctrl Pts',(0.509399015983902,-0.101038089901125,
22.9750691747921));
#2280=CARTESIAN_POINT('Ctrl Pts',(0.442324318829366,-0.0582400822985978,
22.9821621074106));
#2281=CARTESIAN_POINT('Ctrl Pts',(0.372809152374408,-0.0353600279434513,
22.9873719012504));
#2282=CARTESIAN_POINT('Ctrl Pts',(0.311954287216883,-0.0222383206537823,
22.9909387713471));
#2283=CARTESIAN_POINT('Ctrl Pts',(0.535621085605207,-0.0577647895278284,
22.9508406828758));
#2284=CARTESIAN_POINT('Ctrl Pts',(0.462344390663682,-0.0108369790985278,
22.9585963635506));
#2285=CARTESIAN_POINT('Ctrl Pts',(0.38717517068241,0.0138497205457306,22.9642369880062));
#2286=CARTESIAN_POINT('Ctrl Pts',(0.322430377116014,0.027891526301351,22.9680380013679));
#2287=CARTESIAN_POINT('Ctrl Pts',(0.562186380495773,-0.00853169188292423,
22.8952243060884));
#2288=CARTESIAN_POINT('Ctrl Pts',(0.482399120276169,0.0426892197420379,
22.9036715353196));
#2289=CARTESIAN_POINT('Ctrl Pts',(0.401016033897897,0.0693734107670601,
22.9097854016413));
#2290=CARTESIAN_POINT('Ctrl Pts',(0.332311521903393,0.0843345262409165,
22.9138222758004));
#2291=CARTESIAN_POINT('Ctrl Pts',(0.576608689899121,0.0344698801394273,
22.7712835850713));
#2292=CARTESIAN_POINT('Ctrl Pts',(0.492160174869543,0.0886494040670365,
22.7802145457687));
#2293=CARTESIAN_POINT('Ctrl Pts',(0.406669108984937,0.116553453587771,22.7866309303563));
#2294=CARTESIAN_POINT('Ctrl Pts',(0.335467204999777,0.132045717801873,22.7908095756626));
#2295=CARTESIAN_POINT('Ctrl Pts',(0.559712502371426,0.0296335952588834,
22.6541245498252));
#2296=CARTESIAN_POINT('Ctrl Pts',(0.477753714133391,0.0819810367223024,
22.6627722173501));
#2297=CARTESIAN_POINT('Ctrl Pts',(0.394717805499127,0.108987337576394,22.6689887785201));
#2298=CARTESIAN_POINT('Ctrl Pts',(0.325588683448188,0.12391786513466,22.6730323997447));
#2299=CARTESIAN_POINT('Ctrl Pts',(0.496779634461134,-0.0434147249579057,
22.5347942769953));
#2300=CARTESIAN_POINT('Ctrl Pts',(0.427586149848343,0.00020088951736383,
22.5420549172321));
#2301=CARTESIAN_POINT('Ctrl Pts',(0.356707436584897,0.0231386589528328,
22.5473257655459));
#2302=CARTESIAN_POINT('Ctrl Pts',(0.29626447518439,0.0359196151387,22.5508329080482));
#2303=CARTESIAN_POINT('Ctrl Pts',(0.398364221036995,-0.17969237956335,22.4751743212965));
#2304=CARTESIAN_POINT('Ctrl Pts',(0.35057498665893,-0.150525044856264,22.4801283424039));
#2305=CARTESIAN_POINT('Ctrl Pts',(0.299843135216392,-0.134203967985544,
22.4838459657146));
#2306=CARTESIAN_POINT('Ctrl Pts',(0.253398883388486,-0.124814384275118,
22.4864989797198));
#2307=CARTESIAN_POINT('Ctrl Pts',(0.292054469022681,-0.355100396497828,
22.5732231672105));
#2308=CARTESIAN_POINT('Ctrl Pts',(0.269209390116622,-0.342541018430044,
22.5755118359229));
#2309=CARTESIAN_POINT('Ctrl Pts',(0.241727199808613,-0.333709873610378,
22.5774535290162));
#2310=CARTESIAN_POINT('Ctrl Pts',(0.210922418597248,-0.328018759788453,
22.5791652825185));
#2311=CARTESIAN_POINT('Ctrl Pts',(0.280468629314481,-0.4142164403398,22.8143432362408));
#2312=CARTESIAN_POINT('Ctrl Pts',(0.262910270013463,-0.404874202733938,
22.816096967099));
#2313=CARTESIAN_POINT('Ctrl Pts',(0.240101194711526,-0.397360740607746,
22.8177031946084));
#2314=CARTESIAN_POINT('Ctrl Pts',(0.211722597634668,-0.392119146614146,
22.8192867645494));
#2315=CARTESIAN_POINT('Ctrl Pts',(0.382432146033616,-0.295830823396154,
23.0074908873903));
#2316=CARTESIAN_POINT('Ctrl Pts',(0.344219663439834,-0.272360905267126,
23.0114887816276));
#2317=CARTESIAN_POINT('Ctrl Pts',(0.30166080923843,-0.258229333509484,23.0146319395003));
#2318=CARTESIAN_POINT('Ctrl Pts',(0.259229040525035,-0.249510110906017,
23.0170834505776));
#2319=CARTESIAN_POINT('Ctrl Pts',(0.47443625648883,-0.158735823732187,23.0073738306805));
#2320=CARTESIAN_POINT('Ctrl Pts',(0.415508876766327,-0.121361075273869,
23.0135963254301));
#2321=CARTESIAN_POINT('Ctrl Pts',(0.353736558825627,-0.100993223333511,
23.0182133988303));
#2322=CARTESIAN_POINT('Ctrl Pts',(0.297986167351374,-0.0890781165939602,
23.0214731313194));
#2323=CARTESIAN_POINT('Ctrl Pts',(0.509399015983902,-0.101038089901125,
22.9750691747921));
#2324=CARTESIAN_POINT('Ctrl Pts',(0.442324318829366,-0.0582400822985978,
22.9821621074106));
#2325=CARTESIAN_POINT('Ctrl Pts',(0.372809152374408,-0.0353600279434513,
22.9873719012504));
#2326=CARTESIAN_POINT('Ctrl Pts',(0.311954287216883,-0.0222383206537823,
22.9909387713471));
#2327=CARTESIAN_POINT('',(0.509399015983902,-0.101038089901125,22.9750691747921));
#2328=CARTESIAN_POINT('Ctrl Pts',(0.509399015983902,-0.101038089901125,
22.9750691747921));
#2329=CARTESIAN_POINT('Ctrl Pts',(0.442324318829366,-0.0582400822985978,
22.9821621074106));
#2330=CARTESIAN_POINT('Ctrl Pts',(0.372809152374408,-0.0353600279434513,
22.9873719012504));
#2331=CARTESIAN_POINT('Ctrl Pts',(0.311954287216883,-0.0222383206537823,
22.9909387713471));
#2332=CARTESIAN_POINT('Ctrl Pts',(0.509399015983902,-0.101038089901125,
22.9750691747921));
#2333=CARTESIAN_POINT('Ctrl Pts',(0.47443625648883,-0.158735823732187,23.0073738306805));
#2334=CARTESIAN_POINT('Ctrl Pts',(0.382432146033616,-0.295830823396154,
23.0074908873903));
#2335=CARTESIAN_POINT('Ctrl Pts',(0.280468629314481,-0.4142164403398,22.8143432362408));
#2336=CARTESIAN_POINT('Ctrl Pts',(0.292054469022681,-0.355100396497828,
22.5732231672105));
#2337=CARTESIAN_POINT('Ctrl Pts',(0.398364221036995,-0.17969237956335,22.4751743212965));
#2338=CARTESIAN_POINT('Ctrl Pts',(0.496779634461134,-0.0434147249579057,
22.5347942769953));
#2339=CARTESIAN_POINT('Ctrl Pts',(0.559712502371426,0.0296335952588834,
22.6541245498252));
#2340=CARTESIAN_POINT('Ctrl Pts',(0.576608689899121,0.0344698801394273,
22.7712835850713));
#2341=CARTESIAN_POINT('Ctrl Pts',(0.562186380495773,-0.00853169188292423,
22.8952243060884));
#2342=CARTESIAN_POINT('Ctrl Pts',(0.535621085605207,-0.0577647895278284,
22.9508406828758));
#2343=CARTESIAN_POINT('Ctrl Pts',(0.509399015983902,-0.101038089901125,
22.9750691747921));
#2344=CARTESIAN_POINT('Ctrl Pts',(0.655902434590897,-0.242475009280338,
22.9549146182436));
#2345=CARTESIAN_POINT('Ctrl Pts',(0.633614309111925,-0.210118249029574,
22.9590333777195));
#2346=CARTESIAN_POINT('Ctrl Pts',(0.588719211249627,-0.158601431178545,
22.9660045912993));
#2347=CARTESIAN_POINT('Ctrl Pts',(0.534335848462869,-0.116949406556926,
22.9724321852865));
#2348=CARTESIAN_POINT('Ctrl Pts',(0.509399015983902,-0.101038089901125,
22.9750691747921));
#2349=CARTESIAN_POINT('Ctrl Pts',(0.695754964925743,-0.212896788177055,
22.9287593139396));
#2350=CARTESIAN_POINT('Ctrl Pts',(0.671442101999245,-0.177467861028049,
22.9332668823927));
#2351=CARTESIAN_POINT('Ctrl Pts',(0.622379213341637,-0.120945784051348,
22.9409006971509));
#2352=CARTESIAN_POINT('Ctrl Pts',(0.562875509679613,-0.0752192699882638,
22.9479561803049));
#2353=CARTESIAN_POINT('Ctrl Pts',(0.535621085605206,-0.0577647895278282,
22.9508406828758));
#2354=CARTESIAN_POINT('Ctrl Pts',(0.736937646337471,-0.178246515466285,
22.8710865240812));
#2355=CARTESIAN_POINT('Ctrl Pts',(0.710490491746885,-0.139603260895571,
22.8760015945914));
#2356=CARTESIAN_POINT('Ctrl Pts',(0.65685797686697,-0.077672000795929,22.8843545434284));
#2357=CARTESIAN_POINT('Ctrl Pts',(0.59187771270722,-0.0275930411757163,
22.8920808908483));
#2358=CARTESIAN_POINT('Ctrl Pts',(0.562186320461436,-0.00853174998375757,
22.8952241255253));
#2359=CARTESIAN_POINT('Ctrl Pts',(0.761735512661566,-0.145299503276086,
22.7457152099297));
#2360=CARTESIAN_POINT('Ctrl Pts',(0.733736252318182,-0.10438410225523,22.7509202557591));
#2361=CARTESIAN_POINT('Ctrl Pts',(0.676907584193007,-0.0387743546304547,
22.7597659256087));
#2362=CARTESIAN_POINT('Ctrl Pts',(0.608055894700202,0.0142939509733849,
22.7679580594092));
#2363=CARTESIAN_POINT('Ctrl Pts',(0.576608647276373,0.0344698234980051,
22.7712835455448));
#2364=CARTESIAN_POINT('Ctrl Pts',(0.739511799020422,-0.144338751167838,
22.6293525480938));
#2365=CARTESIAN_POINT('Ctrl Pts',(0.712288921269013,-0.104700796124228,
22.6343988200193));
#2366=CARTESIAN_POINT('Ctrl Pts',(0.657065439887863,-0.0412090855613901,
22.642970945462));
#2367=CARTESIAN_POINT('Ctrl Pts',(0.590246132313756,0.0101313545546214,
22.6509030206847));
#2368=CARTESIAN_POINT('Ctrl Pts',(0.55971244538622,0.0296334982114222,22.6541246198005));
#2369=CARTESIAN_POINT('Ctrl Pts',(0.648484652898623,-0.188565674884255,
22.5140512529226));
#2370=CARTESIAN_POINT('Ctrl Pts',(0.625380772517731,-0.155309737537503,
22.5182936787868));
#2371=CARTESIAN_POINT('Ctrl Pts',(0.578795590316884,-0.102417725299605,
22.525470523122));
#2372=CARTESIAN_POINT('Ctrl Pts',(0.52256541188861,-0.0596686050585043,
22.5320880631163));
#2373=CARTESIAN_POINT('Ctrl Pts',(0.496779570388387,-0.0434148070259927,
22.5347941998435));
#2374=CARTESIAN_POINT('Ctrl Pts',(0.502830342255185,-0.276876281131884,
22.4611579671296));
#2375=CARTESIAN_POINT('Ctrl Pts',(0.486673318375559,-0.2542725310385,22.464055520482));
#2376=CARTESIAN_POINT('Ctrl Pts',(0.45462954727589,-0.219014919359324,22.4689037511591));
#2377=CARTESIAN_POINT('Ctrl Pts',(0.416170583206072,-0.190559394193814,
22.473327378835));
#2378=CARTESIAN_POINT('Ctrl Pts',(0.398364310213658,-0.17969222944825,22.475174221904));
#2379=CARTESIAN_POINT('Ctrl Pts',(0.341264366682024,-0.396765750280267,
22.5670179840126));
#2380=CARTESIAN_POINT('Ctrl Pts',(0.333251147844582,-0.386517629248149,
22.5683517949054));
#2381=CARTESIAN_POINT('Ctrl Pts',(0.31825252581898,-0.37167641679523,22.5704949807534));
#2382=CARTESIAN_POINT('Ctrl Pts',(0.300539309200125,-0.359761616133226,
22.5723717242668));
#2383=CARTESIAN_POINT('Ctrl Pts',(0.292054470794999,-0.355100387559341,
22.5732231309286));
#2384=CARTESIAN_POINT('Ctrl Pts',(0.317659608017513,-0.444577128820402,
22.8097624523054));
#2385=CARTESIAN_POINT('Ctrl Pts',(0.311435714986408,-0.436870942963453,
22.8107695164416));
#2386=CARTESIAN_POINT('Ctrl Pts',(0.300204780787603,-0.426205733139017,
22.8123472110716));
#2387=CARTESIAN_POINT('Ctrl Pts',(0.286948601585951,-0.41765674942905,22.813695211095));
#2388=CARTESIAN_POINT('Ctrl Pts',(0.280468588267528,-0.414216548674284,
22.814343508038));
#2389=CARTESIAN_POINT('Ctrl Pts',(0.46514621702458,-0.372892089952363,22.9963809677367));
#2390=CARTESIAN_POINT('Ctrl Pts',(0.452257763615153,-0.35485994984422,22.9986886411516));
#2391=CARTESIAN_POINT('Ctrl Pts',(0.427006705841117,-0.327000242385897,
23.0025300902747));
#2392=CARTESIAN_POINT('Ctrl Pts',(0.396594057819732,-0.304526809048896,
23.0060083274341));
#2393=CARTESIAN_POINT('Ctrl Pts',(0.382432050923414,-0.295830920178061,
23.007490628608));
#2394=CARTESIAN_POINT('Ctrl Pts',(0.602765727477769,-0.281912637418049,
22.9897883573156));
#2395=CARTESIAN_POINT('Ctrl Pts',(0.58313781584599,-0.253591179293017,22.9933963832445));
#2396=CARTESIAN_POINT('Ctrl Pts',(0.543891793223453,-0.208825645997183,
22.9994724447648));
#2397=CARTESIAN_POINT('Ctrl Pts',(0.496328378020048,-0.172620538607786,
23.0050619399176));
#2398=CARTESIAN_POINT('Ctrl Pts',(0.474436256488831,-0.158735823732188,
23.0073738306805));
#2399=CARTESIAN_POINT('Ctrl Pts',(0.655902434590897,-0.242475009280338,
22.9549146182436));
#2400=CARTESIAN_POINT('Ctrl Pts',(0.633614309111925,-0.210118249029574,
22.9590333777195));
#2401=CARTESIAN_POINT('Ctrl Pts',(0.588719211249627,-0.158601431178545,
22.9660045912993));
#2402=CARTESIAN_POINT('Ctrl Pts',(0.534335848462869,-0.116949406556926,
22.9724321852865));
#2403=CARTESIAN_POINT('Ctrl Pts',(0.509399015983902,-0.101038089901125,
22.9750691747921));
#2404=CARTESIAN_POINT('',(0.655902434590896,-0.242475009280337,22.9549146182436));
#2405=CARTESIAN_POINT('Ctrl Pts',(0.655902434590897,-0.242475009280338,
22.9549146182436));
#2406=CARTESIAN_POINT('Ctrl Pts',(0.633614309111925,-0.210118249029574,
22.9590333777195));
#2407=CARTESIAN_POINT('Ctrl Pts',(0.588719211249627,-0.158601431178545,
22.9660045912993));
#2408=CARTESIAN_POINT('Ctrl Pts',(0.534335848462869,-0.116949406556926,
22.9724321852865));
#2409=CARTESIAN_POINT('Ctrl Pts',(0.509399015983902,-0.101038089901125,
22.9750691747921));
#2410=CARTESIAN_POINT('Ctrl Pts',(0.655902434590897,-0.242475009280338,
22.9549146182436));
#2411=CARTESIAN_POINT('Ctrl Pts',(0.602765727477769,-0.281912637418049,
22.9897883573156));
#2412=CARTESIAN_POINT('Ctrl Pts',(0.46514621702458,-0.372892089952363,22.9963809677367));
#2413=CARTESIAN_POINT('Ctrl Pts',(0.317659608017513,-0.444577128820402,
22.8097624523054));
#2414=CARTESIAN_POINT('Ctrl Pts',(0.341264366682024,-0.396765750280267,
22.5670179840126));
#2415=CARTESIAN_POINT('Ctrl Pts',(0.502830342255185,-0.276876281131884,
22.4611579671296));
#2416=CARTESIAN_POINT('Ctrl Pts',(0.648484652898623,-0.188565674884255,
22.5140512529226));
#2417=CARTESIAN_POINT('Ctrl Pts',(0.739511799020422,-0.144338751167838,
22.6293525480938));
#2418=CARTESIAN_POINT('Ctrl Pts',(0.761735512661566,-0.145299503276086,
22.7457152099297));
#2419=CARTESIAN_POINT('Ctrl Pts',(0.736937646337471,-0.178246515466285,
22.8710865240812));
#2420=CARTESIAN_POINT('Ctrl Pts',(0.695754964925743,-0.212896788177055,
22.9287593139396));
#2421=CARTESIAN_POINT('Ctrl Pts',(0.655902434590897,-0.242475009280338,
22.9549146182436));
#2422=CARTESIAN_POINT('Ctrl Pts',(0.742435439690175,-0.44776601611883,22.930901422595));
#2423=CARTESIAN_POINT('Ctrl Pts',(0.727065877289226,-0.374209184179724,
22.9389858123116));
#2424=CARTESIAN_POINT('Ctrl Pts',(0.698476352879074,-0.30428164565655,22.947047122633));
#2425=CARTESIAN_POINT('Ctrl Pts',(0.655902434590897,-0.242475009280338,
22.9549146182436));
#2426=CARTESIAN_POINT('Ctrl Pts',(0.789439785451092,-0.435855832323113,
22.9026891153072));
#2427=CARTESIAN_POINT('Ctrl Pts',(0.772987887905493,-0.35651995294014,22.9114094812136));
#2428=CARTESIAN_POINT('Ctrl Pts',(0.742186021848733,-0.280556104127426,
22.9201509272181));
#2429=CARTESIAN_POINT('Ctrl Pts',(0.695754964925742,-0.212896788177054,
22.9287593139396));
#2430=CARTESIAN_POINT('Ctrl Pts',(0.83829643558911,-0.419959293712581,22.8428297210184));
#2431=CARTESIAN_POINT('Ctrl Pts',(0.820703493773052,-0.334634640378688,
22.8522096684437));
#2432=CARTESIAN_POINT('Ctrl Pts',(0.787431298296176,-0.252024797530925,
22.8617020213097));
#2433=CARTESIAN_POINT('Ctrl Pts',(0.736937539537961,-0.178246555866825,
22.871086302606));
#2434=CARTESIAN_POINT('Ctrl Pts',(0.868554016896705,-0.399771845494273,
22.7159624319228));
#2435=CARTESIAN_POINT('Ctrl Pts',(0.850130884153247,-0.310371748468127,
22.7257926851229));
#2436=CARTESIAN_POINT('Ctrl Pts',(0.815175156120097,-0.223390608783896,
22.735780447374));
#2437=CARTESIAN_POINT('Ctrl Pts',(0.761735433601137,-0.145299548852539,
22.7457151635291));
#2438=CARTESIAN_POINT('Ctrl Pts',(0.84355380552495,-0.39107801573253,22.6004874939539));
#2439=CARTESIAN_POINT('Ctrl Pts',(0.825545088276396,-0.304319252116882,
22.610029241813));
#2440=CARTESIAN_POINT('Ctrl Pts',(0.791459432958842,-0.219977360177255,
22.6197230230865));
#2441=CARTESIAN_POINT('Ctrl Pts',(0.739511689494937,-0.144338835189726,
22.6293526404787));
#2442=CARTESIAN_POINT('Ctrl Pts',(0.737810965679572,-0.39778251234584,22.4895375301826));
#2443=CARTESIAN_POINT('Ctrl Pts',(0.722003278876044,-0.323345828920972,
22.4977261349665));
#2444=CARTESIAN_POINT('Ctrl Pts',(0.692568322927377,-0.252020951371218,
22.5059566938771));
#2445=CARTESIAN_POINT('Ctrl Pts',(0.648484535260874,-0.188565739736021,
22.514051161648));
#2446=CARTESIAN_POINT('Ctrl Pts',(0.567392340957993,-0.423922664004472,
22.4438679307383));
#2447=CARTESIAN_POINT('Ctrl Pts',(0.555297458224057,-0.369791321443288,
22.4498243963822));
#2448=CARTESIAN_POINT('Ctrl Pts',(0.533665937541086,-0.32001701388337,22.4556289357565));
#2449=CARTESIAN_POINT('Ctrl Pts',(0.502830512161417,-0.276876152148261,
22.4611578340096));
#2450=CARTESIAN_POINT('Ctrl Pts',(0.376833655586575,-0.472187114484463,
22.5580669820476));
#2451=CARTESIAN_POINT('Ctrl Pts',(0.369092097740794,-0.44129529053781,22.5614659468005));
#2452=CARTESIAN_POINT('Ctrl Pts',(0.356585936031745,-0.41636852741039,22.5644687862786));
#2453=CARTESIAN_POINT('Ctrl Pts',(0.341264371561335,-0.396765741040798,
22.5670179386635));
#2454=CARTESIAN_POINT('Ctrl Pts',(0.346889845054858,-0.505855541646415,
22.8024805640608));
#2455=CARTESIAN_POINT('Ctrl Pts',(0.340105833416319,-0.479330570355797,
22.8053951866215));
#2456=CARTESIAN_POINT('Ctrl Pts',(0.329594971702911,-0.459370385251663,
22.8078318382189));
#2457=CARTESIAN_POINT('Ctrl Pts',(0.317659521820538,-0.444577231221905,
22.8097627971562));
#2458=CARTESIAN_POINT('Ctrl Pts',(0.518221265930482,-0.494969282082656,
22.9820474922411));
#2459=CARTESIAN_POINT('Ctrl Pts',(0.507875973810638,-0.448507910714981,
22.9871514244694));
#2460=CARTESIAN_POINT('Ctrl Pts',(0.489805396072525,-0.407397592730917,
22.9919658512584));
#2461=CARTESIAN_POINT('Ctrl Pts',(0.465146046681287,-0.372892159329514,
22.9963806515403));
#2462=CARTESIAN_POINT('Ctrl Pts',(0.679762978675619,-0.463646261179786,
22.9685178323121));
#2463=CARTESIAN_POINT('Ctrl Pts',(0.665815455598962,-0.397677631632574,
22.9757671271933));
#2464=CARTESIAN_POINT('Ctrl Pts',(0.640272061529147,-0.336031964519108,
22.9828940572054));
#2465=CARTESIAN_POINT('Ctrl Pts',(0.60276572747777,-0.281912637418051,22.9897883573156));
#2466=CARTESIAN_POINT('Ctrl Pts',(0.742435439690175,-0.44776601611883,22.930901422595));
#2467=CARTESIAN_POINT('Ctrl Pts',(0.727065877289226,-0.374209184179724,
22.9389858123116));
#2468=CARTESIAN_POINT('Ctrl Pts',(0.698476352879074,-0.30428164565655,22.947047122633));
#2469=CARTESIAN_POINT('Ctrl Pts',(0.655902434590897,-0.242475009280338,
22.9549146182436));
#2470=CARTESIAN_POINT('',(0.742435439690176,-0.447766016118831,22.930901422595));
#2471=CARTESIAN_POINT('Ctrl Pts',(0.742435439690175,-0.44776601611883,22.930901422595));
#2472=CARTESIAN_POINT('Ctrl Pts',(0.727065877289226,-0.374209184179724,
22.9389858123116));
#2473=CARTESIAN_POINT('Ctrl Pts',(0.698476352879074,-0.30428164565655,22.947047122633));
#2474=CARTESIAN_POINT('Ctrl Pts',(0.655902434590897,-0.242475009280338,
22.9549146182436));
#2475=CARTESIAN_POINT('Ctrl Pts',(0.742435439690175,-0.44776601611883,22.930901422595));
#2476=CARTESIAN_POINT('Ctrl Pts',(0.679762978675619,-0.463646261179786,
22.9685178323121));
#2477=CARTESIAN_POINT('Ctrl Pts',(0.518221265930482,-0.494969282082656,
22.9820474922411));
#2478=CARTESIAN_POINT('Ctrl Pts',(0.346889845054858,-0.505855541646415,
22.8024805640608));
#2479=CARTESIAN_POINT('Ctrl Pts',(0.376833655586575,-0.472187114484463,
22.5580669820476));
#2480=CARTESIAN_POINT('Ctrl Pts',(0.567392340957993,-0.423922664004472,
22.4438679307383));
#2481=CARTESIAN_POINT('Ctrl Pts',(0.737810965679572,-0.39778251234584,22.4895375301826));
#2482=CARTESIAN_POINT('Ctrl Pts',(0.84355380552495,-0.39107801573253,22.6004874939539));
#2483=CARTESIAN_POINT('Ctrl Pts',(0.868554016896705,-0.399771845494273,
22.7159624319228));
#2484=CARTESIAN_POINT('Ctrl Pts',(0.83829643558911,-0.419959293712581,22.8428297210184));
#2485=CARTESIAN_POINT('Ctrl Pts',(0.789439785451092,-0.435855832323113,
22.9026891153072));
#2486=CARTESIAN_POINT('Ctrl Pts',(0.742435439690175,-0.44776601611883,22.930901422595));
#2487=CARTESIAN_POINT('Ctrl Pts',(0.742430009430844,-0.721630107530933,
22.901808769719));
#2488=CARTESIAN_POINT('Ctrl Pts',(0.759924459286311,-0.630996805322138,
22.9113006943729));
#2489=CARTESIAN_POINT('Ctrl Pts',(0.761230108792316,-0.537714986716191,
22.9210154267773));
#2490=CARTESIAN_POINT('Ctrl Pts',(0.742435439690175,-0.44776601611883,22.930901422595));
#2491=CARTESIAN_POINT('Ctrl Pts',(0.789201925098819,-0.728503298904086,
22.8716037630801));
#2492=CARTESIAN_POINT('Ctrl Pts',(0.807881016615368,-0.632353988188885,
22.881674509715));
#2493=CARTESIAN_POINT('Ctrl Pts',(0.809550381560488,-0.532831667644952,
22.8920296418023));
#2494=CARTESIAN_POINT('Ctrl Pts',(0.789439785451093,-0.435855832323115,
22.9026891153072));
#2495=CARTESIAN_POINT('Ctrl Pts',(0.837890867223079,-0.73230124741379,22.8096538217808));
#2496=CARTESIAN_POINT('Ctrl Pts',(0.857757048370526,-0.63053669553581,22.8203137412626));
#2497=CARTESIAN_POINT('Ctrl Pts',(0.859793236958012,-0.524212305218159,
22.8313683961038));
#2498=CARTESIAN_POINT('Ctrl Pts',(0.838296316150577,-0.419959291627061,
22.8428295118425));
#2499=CARTESIAN_POINT('Ctrl Pts',(0.868262298404666,-0.724813664854756,
22.6814359044835));
#2500=CARTESIAN_POINT('Ctrl Pts',(0.888824270283836,-0.61950682762274,22.6924673195492));
#2501=CARTESIAN_POINT('Ctrl Pts',(0.891056829786137,-0.508964110806094,
22.7039554851068));
#2502=CARTESIAN_POINT('Ctrl Pts',(0.868553927016052,-0.399771857265285,
22.7159623903363));
#2503=CARTESIAN_POINT('Ctrl Pts',(0.843701881015466,-0.706860061246944,
22.5669392731158));
#2504=CARTESIAN_POINT('Ctrl Pts',(0.863554916102786,-0.604491366336999,
22.5776621178446));
#2505=CARTESIAN_POINT('Ctrl Pts',(0.865548669634431,-0.497039245414657,
22.5888338136437));
#2506=CARTESIAN_POINT('Ctrl Pts',(0.843553679857273,-0.391078049740588,
22.600487588184));
#2507=CARTESIAN_POINT('Ctrl Pts',(0.738904603772901,-0.6722852453526,22.4603627925929));
#2508=CARTESIAN_POINT('Ctrl Pts',(0.756009054704772,-0.58223225087333,22.4697929489994));
#2509=CARTESIAN_POINT('Ctrl Pts',(0.757124366509569,-0.48873524715461,22.4795323630312));
#2510=CARTESIAN_POINT('Ctrl Pts',(0.737810832904414,-0.397782527290334,
22.4895374475292));
#2511=CARTESIAN_POINT('Ctrl Pts',(0.569687558286803,-0.631152967692324,
22.4218252121722));
#2512=CARTESIAN_POINT('Ctrl Pts',(0.582441623490466,-0.560949220878634,
22.4291722011085));
#2513=CARTESIAN_POINT('Ctrl Pts',(0.582187404123697,-0.490163860779056,
22.436579972849));
#2514=CARTESIAN_POINT('Ctrl Pts',(0.567392534389433,-0.423922612519851,
22.4438677931765));
#2515=CARTESIAN_POINT('Ctrl Pts',(0.380071398890642,-0.603269342506226,
22.5441027885574));
#2516=CARTESIAN_POINT('Ctrl Pts',(0.388063466248661,-0.555242739227195,
22.5491226232646));
#2517=CARTESIAN_POINT('Ctrl Pts',(0.386335707852572,-0.510171153831098,
22.5538895395607));
#2518=CARTESIAN_POINT('Ctrl Pts',(0.37683366198872,-0.472187108264692,22.5580669382878));
#2519=CARTESIAN_POINT('Ctrl Pts',(0.349726788462661,-0.623704157204934,
22.7899279584191));
#2520=CARTESIAN_POINT('Ctrl Pts',(0.357115190691606,-0.57911987169249,22.7945870202607));
#2521=CARTESIAN_POINT('Ctrl Pts',(0.355234644995303,-0.538563668932205,
22.7988886489524));
#2522=CARTESIAN_POINT('Ctrl Pts',(0.34688974364982,-0.505855599250025,22.8024809019655));
#2523=CARTESIAN_POINT('Ctrl Pts',(0.519526537088717,-0.679702327526581,
22.9624076406066));
#2524=CARTESIAN_POINT('Ctrl Pts',(0.531361688549276,-0.615192706145798,
22.9691581176925));
#2525=CARTESIAN_POINT('Ctrl Pts',(0.530904580748067,-0.5519601481913,22.9757874578414));
#2526=CARTESIAN_POINT('Ctrl Pts',(0.518221074779799,-0.494969283060512,
22.9820471949422));
#2527=CARTESIAN_POINT('Ctrl Pts',(0.680067455206878,-0.712465852366729,
22.9420821119042));
#2528=CARTESIAN_POINT('Ctrl Pts',(0.69600823142572,-0.629070824070622,22.9508144915684));
#2529=CARTESIAN_POINT('Ctrl Pts',(0.696828745126937,-0.544368789137339,
22.9596474588521));
#2530=CARTESIAN_POINT('Ctrl Pts',(0.679762978675619,-0.463646261179783,
22.9685178323121));
#2531=CARTESIAN_POINT('Ctrl Pts',(0.742430009430844,-0.721630107530933,
22.901808769719));
#2532=CARTESIAN_POINT('Ctrl Pts',(0.759924459286311,-0.630996805322138,
22.9113006943729));
#2533=CARTESIAN_POINT('Ctrl Pts',(0.761230108792316,-0.537714986716191,
22.9210154267773));
#2534=CARTESIAN_POINT('Ctrl Pts',(0.742435439690175,-0.44776601611883,22.930901422595));
#2535=CARTESIAN_POINT('',(0.742430009430844,-0.721630107530933,22.901808769719));
#2536=CARTESIAN_POINT('Ctrl Pts',(0.742430009430844,-0.721630107530933,
22.901808769719));
#2537=CARTESIAN_POINT('Ctrl Pts',(0.759924459286311,-0.630996805322138,
22.9113006943729));
#2538=CARTESIAN_POINT('Ctrl Pts',(0.761230108792316,-0.537714986716191,
22.9210154267773));
#2539=CARTESIAN_POINT('Ctrl Pts',(0.742435439690175,-0.44776601611883,22.930901422595));
#2540=CARTESIAN_POINT('Ctrl Pts',(0.742430009430844,-0.721630107530933,
22.901808769719));
#2541=CARTESIAN_POINT('Ctrl Pts',(0.680067455206878,-0.712465852366729,
22.9420821119042));
#2542=CARTESIAN_POINT('Ctrl Pts',(0.519526537088717,-0.679702327526581,
22.9624076406066));
#2543=CARTESIAN_POINT('Ctrl Pts',(0.349726788462661,-0.623704157204934,
22.7899279584191));
#2544=CARTESIAN_POINT('Ctrl Pts',(0.380071398890642,-0.603269342506226,
22.5441027885574));
#2545=CARTESIAN_POINT('Ctrl Pts',(0.569687558286803,-0.631152967692324,
22.4218252121722));
#2546=CARTESIAN_POINT('Ctrl Pts',(0.738904603772901,-0.6722852453526,22.4603627925929));
#2547=CARTESIAN_POINT('Ctrl Pts',(0.843701881015466,-0.706860061246944,
22.5669392731158));
#2548=CARTESIAN_POINT('Ctrl Pts',(0.868262298404666,-0.724813664854756,
22.6814359044835));
#2549=CARTESIAN_POINT('Ctrl Pts',(0.837890867223079,-0.73230124741379,22.8096538217808));
#2550=CARTESIAN_POINT('Ctrl Pts',(0.789201925098819,-0.728503298904086,
22.8716037630801));
#2551=CARTESIAN_POINT('Ctrl Pts',(0.742430009430844,-0.721630107530933,
22.901808769719));
#2552=CARTESIAN_POINT('Ctrl Pts',(0.608944462897161,-1.040339819283,22.8674262567118));
#2553=CARTESIAN_POINT('Ctrl Pts',(0.676956277042279,-0.938240332225958,
22.8790735778867));
#2554=CARTESIAN_POINT('Ctrl Pts',(0.721576755210308,-0.829664330237067,
22.8904944660693));
#2555=CARTESIAN_POINT('Ctrl Pts',(0.742430009430844,-0.721630107530933,
22.901808769719));
#2556=CARTESIAN_POINT('Ctrl Pts',(0.64837228508248,-1.0641381917162,22.8353906579471));
#2557=CARTESIAN_POINT('Ctrl Pts',(0.719731054394762,-0.957239414302527,
22.8475916533534));
#2558=CARTESIAN_POINT('Ctrl Pts',(0.766939546929093,-0.843099261758348,
22.8596010662859));
#2559=CARTESIAN_POINT('Ctrl Pts',(0.789201925098819,-0.728503298904085,
22.8716037630801));
#2560=CARTESIAN_POINT('Ctrl Pts',(0.68958124926265,-1.08535347184547,22.7715582677233));
#2561=CARTESIAN_POINT('Ctrl Pts',(0.76425388605864,-0.973673969972446,22.784310091993));
#2562=CARTESIAN_POINT('Ctrl Pts',(0.814215377465361,-0.853582077662727,
22.7969497352201));
#2563=CARTESIAN_POINT('Ctrl Pts',(0.837890795164908,-0.732301218030104,
22.8096536975157));
#2564=CARTESIAN_POINT('Ctrl Pts',(0.715771851742164,-1.08813897163375,22.6422346801328));
#2565=CARTESIAN_POINT('Ctrl Pts',(0.792272526698311,-0.973738736366802,
22.6552979613182));
#2566=CARTESIAN_POINT('Ctrl Pts',(0.843755730506598,-0.850325949367653,
22.6682881633921));
#2567=CARTESIAN_POINT('Ctrl Pts',(0.868262243814268,-0.724813650394761,
22.6814358812324));
#2568=CARTESIAN_POINT('Ctrl Pts',(0.695773720808126,-1.06043675717384,22.5287989343326));
#2569=CARTESIAN_POINT('Ctrl Pts',(0.770106181982666,-0.949026277357008,
22.5415143935688));
#2570=CARTESIAN_POINT('Ctrl Pts',(0.820034420630974,-0.828898306943162,
22.5541562764043));
#2571=CARTESIAN_POINT('Ctrl Pts',(0.843701804586294,-0.706860051223569,
22.5669393334512));
#2572=CARTESIAN_POINT('Ctrl Pts',(0.608375166578165,-0.986788363583469,
22.4264570328923));
#2573=CARTESIAN_POINT('Ctrl Pts',(0.674722355491758,-0.886669558986012,
22.4378659543074));
#2574=CARTESIAN_POINT('Ctrl Pts',(0.718501050297913,-0.779701027142547,
22.4491139959572));
#2575=CARTESIAN_POINT('Ctrl Pts',(0.738904523520782,-0.672285222692857,
22.4603627456672));
#2576=CARTESIAN_POINT('Ctrl Pts',(0.466529011236736,-0.883445906888242,
22.3946552082757));
#2577=CARTESIAN_POINT('Ctrl Pts',(0.520399593417662,-0.801083727116133,
22.4040123591851));
#2578=CARTESIAN_POINT('Ctrl Pts',(0.554454304403027,-0.714980198188562,
22.4130512787582));
#2579=CARTESIAN_POINT('Ctrl Pts',(0.569687675239346,-0.631152983408285,
22.4218251232829));
#2580=CARTESIAN_POINT('Ctrl Pts',(0.306687102927257,-0.786945362912724,
22.524354315812));
#2581=CARTESIAN_POINT('Ctrl Pts',(0.347105489759029,-0.723873970845119,
22.5314860006184));
#2582=CARTESIAN_POINT('Ctrl Pts',(0.370502445073583,-0.660714808509737,
22.5380966282251));
#2583=CARTESIAN_POINT('Ctrl Pts',(0.380071403046788,-0.603269340481875,
22.5441027619265));
#2584=CARTESIAN_POINT('Ctrl Pts',(0.279882166708143,-0.797893729053032,
22.7711946281834));
#2585=CARTESIAN_POINT('Ctrl Pts',(0.318882636328028,-0.737063158189996,
22.7780728565887));
#2586=CARTESIAN_POINT('Ctrl Pts',(0.340883040788627,-0.677017969747549,
22.7843551412812));
#2587=CARTESIAN_POINT('Ctrl Pts',(0.349726726376126,-0.623704166585161,
22.7899281666721));
#2588=CARTESIAN_POINT('Ctrl Pts',(0.421492360286877,-0.917200154714289,
22.9368127542136));
#2589=CARTESIAN_POINT('Ctrl Pts',(0.473411393950038,-0.83810173526174,22.9458047152322));
#2590=CARTESIAN_POINT('Ctrl Pts',(0.505402267789755,-0.756673505912965,
22.9543521094986));
#2591=CARTESIAN_POINT('Ctrl Pts',(0.519526421559979,-0.679702282991274,
22.9624074647739));
#2592=CARTESIAN_POINT('Ctrl Pts',(0.556374033316735,-1.00860865603872,22.910140388398));
#2593=CARTESIAN_POINT('Ctrl Pts',(0.619998071027,-0.912802221347519,22.9210617378789));
#2594=CARTESIAN_POINT('Ctrl Pts',(0.66106233137679,-0.811889330252612,22.9316711606252));
#2595=CARTESIAN_POINT('Ctrl Pts',(0.680067455206878,-0.712465852366731,
22.9420821119042));
#2596=CARTESIAN_POINT('Ctrl Pts',(0.608944462897161,-1.040339819283,22.8674262567118));
#2597=CARTESIAN_POINT('Ctrl Pts',(0.676956277042279,-0.938240332225958,
22.8790735778867));
#2598=CARTESIAN_POINT('Ctrl Pts',(0.721576755210308,-0.829664330237067,
22.8904944660693));
#2599=CARTESIAN_POINT('Ctrl Pts',(0.742430009430844,-0.721630107530933,
22.901808769719));
#2600=CARTESIAN_POINT('',(0.608944462897161,-1.040339819283,22.8674262567118));
#2601=CARTESIAN_POINT('Ctrl Pts',(0.608944462897161,-1.040339819283,22.8674262567118));
#2602=CARTESIAN_POINT('Ctrl Pts',(0.676956277042279,-0.938240332225958,
22.8790735778867));
#2603=CARTESIAN_POINT('Ctrl Pts',(0.721576755210308,-0.829664330237067,
22.8904944660693));
#2604=CARTESIAN_POINT('Ctrl Pts',(0.742430009430844,-0.721630107530933,
22.901808769719));
#2605=CARTESIAN_POINT('Ctrl Pts',(0.608944462897161,-1.040339819283,22.8674262567118));
#2606=CARTESIAN_POINT('Ctrl Pts',(0.556374033316735,-1.00860865603872,22.910140388398));
#2607=CARTESIAN_POINT('Ctrl Pts',(0.421492360286877,-0.917200154714289,
22.9368127542136));
#2608=CARTESIAN_POINT('Ctrl Pts',(0.279882166708143,-0.797893729053032,
22.7711946281834));
#2609=CARTESIAN_POINT('Ctrl Pts',(0.306687102927257,-0.786945362912724,
22.524354315812));
#2610=CARTESIAN_POINT('Ctrl Pts',(0.466529011236736,-0.883445906888242,
22.3946552082757));
#2611=CARTESIAN_POINT('Ctrl Pts',(0.608375166578165,-0.986788363583469,
22.4264570328923));
#2612=CARTESIAN_POINT('Ctrl Pts',(0.695773720808126,-1.06043675717384,22.5287989343326));
#2613=CARTESIAN_POINT('Ctrl Pts',(0.715771851742164,-1.08813897163375,22.6422346801328));
#2614=CARTESIAN_POINT('Ctrl Pts',(0.68958124926265,-1.08535347184547,22.7715582677233));
#2615=CARTESIAN_POINT('Ctrl Pts',(0.64837228508248,-1.0641381917162,22.8353906579471));
#2616=CARTESIAN_POINT('Ctrl Pts',(0.608944462897161,-1.040339819283,22.8674262567118));
#2617=CARTESIAN_POINT('Ctrl Pts',(0.305457757801612,-1.33948512827918,22.8285469449089));
#2618=CARTESIAN_POINT('Ctrl Pts',(0.430841443658537,-1.25627160636744,22.8415906686753));
#2619=CARTESIAN_POINT('Ctrl Pts',(0.533323147205563,-1.15386270703035,22.854475775055));
#2620=CARTESIAN_POINT('Ctrl Pts',(0.608944462897161,-1.040339819283,22.8674262567118));
#2621=CARTESIAN_POINT('Ctrl Pts',(0.331853594810834,-1.37576664657353,22.7948704471724));
#2622=CARTESIAN_POINT('Ctrl Pts',(0.462128788166007,-1.28945915419594,22.8084146191278));
#2623=CARTESIAN_POINT('Ctrl Pts',(0.56902901405662,-1.18299804295706,22.8218244295863));
#2624=CARTESIAN_POINT('Ctrl Pts',(0.64837228508248,-1.0641381917162,22.8353906579471));
#2625=CARTESIAN_POINT('Ctrl Pts',(0.360038225044727,-1.40954445174746,22.7293912289866));
#2626=CARTESIAN_POINT('Ctrl Pts',(0.495040645070623,-1.32023144399564,22.743420043075));
#2627=CARTESIAN_POINT('Ctrl Pts',(0.606553575275238,-1.2095284994056,22.7573795832941));
#2628=CARTESIAN_POINT('Ctrl Pts',(0.689581244585138,-1.08535346742185,22.7715582582472));
#2629=CARTESIAN_POINT('Ctrl Pts',(0.379695167298102,-1.41889716018886,22.5992204700416));
#2630=CARTESIAN_POINT('Ctrl Pts',(0.516969991283255,-1.32809358568337,22.6134852218296));
#2631=CARTESIAN_POINT('Ctrl Pts',(0.630713948120055,-1.21533562758446,22.6277100966602));
#2632=CARTESIAN_POINT('Ctrl Pts',(0.715771848163442,-1.08813896892393,22.6422346784798));
#2633=CARTESIAN_POINT('Ctrl Pts',(0.368855275906476,-1.38279294574045,22.486908460969));
#2634=CARTESIAN_POINT('Ctrl Pts',(0.502482399621489,-1.29423276065479,22.5008041551387));
#2635=CARTESIAN_POINT('Ctrl Pts',(0.613130109470393,-1.18430401311593,22.5146617345556));
#2636=CARTESIAN_POINT('Ctrl Pts',(0.695773715761697,-1.06043675422895,22.5287989392717));
#2637=CARTESIAN_POINT('Ctrl Pts',(0.313750779738051,-1.27870587075261,22.3885934815073));
#2638=CARTESIAN_POINT('Ctrl Pts',(0.435070860029654,-1.19784522973544,22.4012355475679));
#2639=CARTESIAN_POINT('Ctrl Pts',(0.534615700871607,-1.09809267196437,22.4137735842896));
#2640=CARTESIAN_POINT('Ctrl Pts',(0.608375161332041,-0.986788359491583,
22.4264570294778));
#2641=CARTESIAN_POINT('Ctrl Pts',(0.221678318012451,-1.12810612227329,22.3630254637269));
#2642=CARTESIAN_POINT('Ctrl Pts',(0.324226517602201,-1.05904737669637,22.3737516301366));
#2643=CARTESIAN_POINT('Ctrl Pts',(0.406647605786558,-0.974999020375565,
22.3842541799872));
#2644=CARTESIAN_POINT('Ctrl Pts',(0.466529018939352,-0.883445911411109,
22.3946552009688));
#2645=CARTESIAN_POINT('Ctrl Pts',(0.114672001930676,-0.980995632685418,
22.4993772364081));
#2646=CARTESIAN_POINT('Ctrl Pts',(0.19756537842576,-0.924369637463631,22.5080924799823));
#2647=CARTESIAN_POINT('Ctrl Pts',(0.261765063987298,-0.857046554328505,
22.5164282498773));
#2648=CARTESIAN_POINT('Ctrl Pts',(0.306687103216976,-0.786945362864474,
22.5243543137255));
#2649=CARTESIAN_POINT('Ctrl Pts',(0.0923043772333711,-0.987050498052686,
22.7468273293126));
#2650=CARTESIAN_POINT('Ctrl Pts',(0.173958940107123,-0.931319195166021,
22.7554086303508));
#2651=CARTESIAN_POINT('Ctrl Pts',(0.236531427522348,-0.865511228846021,
22.7635494762258));
#2652=CARTESIAN_POINT('Ctrl Pts',(0.279882162540659,-0.797893728111898,
22.7711946446308));
#2653=CARTESIAN_POINT('Ctrl Pts',(0.181593147314835,-1.15567285839555,22.9059211277184));
#2654=CARTESIAN_POINT('Ctrl Pts',(0.283157268888754,-1.08748562239938,22.9165304754901));
#2655=CARTESIAN_POINT('Ctrl Pts',(0.363768862118431,-1.00514217198372,22.9268156636891));
#2656=CARTESIAN_POINT('Ctrl Pts',(0.421492352773606,-0.917200147833315,
22.9368127408548));
#2657=CARTESIAN_POINT('Ctrl Pts',(0.270263308455983,-1.29110977055338,22.873448941891));
#2658=CARTESIAN_POINT('Ctrl Pts',(0.389239565749438,-1.21194976340882,22.8858370791069));
#2659=CARTESIAN_POINT('Ctrl Pts',(0.485632075807518,-1.11513352061287,22.8979972610828));
#2660=CARTESIAN_POINT('Ctrl Pts',(0.556374033316735,-1.00860865603872,22.910140388398));
#2661=CARTESIAN_POINT('Ctrl Pts',(0.305457757801612,-1.33948512827918,22.8285469449089));
#2662=CARTESIAN_POINT('Ctrl Pts',(0.430841443658537,-1.25627160636744,22.8415906686753));
#2663=CARTESIAN_POINT('Ctrl Pts',(0.533323147205563,-1.15386270703035,22.854475775055));
#2664=CARTESIAN_POINT('Ctrl Pts',(0.608944462897161,-1.040339819283,22.8674262567118));
#2665=CARTESIAN_POINT('',(0.305457757801612,-1.33948512827918,22.8285469449089));
#2666=CARTESIAN_POINT('Ctrl Pts',(0.305457757801612,-1.33948512827918,22.8285469449089));
#2667=CARTESIAN_POINT('Ctrl Pts',(0.430841443658537,-1.25627160636744,22.8415906686753));
#2668=CARTESIAN_POINT('Ctrl Pts',(0.533323147205563,-1.15386270703035,22.854475775055));
#2669=CARTESIAN_POINT('Ctrl Pts',(0.608944462897161,-1.040339819283,22.8674262567118));
#2670=CARTESIAN_POINT('Ctrl Pts',(0.305457757801612,-1.33948512827918,22.8285469449089));
#2671=CARTESIAN_POINT('Ctrl Pts',(0.270263308455983,-1.29110977055338,22.873448941891));
#2672=CARTESIAN_POINT('Ctrl Pts',(0.181593147314835,-1.15567285839555,22.9059211277184));
#2673=CARTESIAN_POINT('Ctrl Pts',(0.0923043772333711,-0.987050498052686,
22.7468273293126));
#2674=CARTESIAN_POINT('Ctrl Pts',(0.114672001930676,-0.980995632685418,
22.4993772364081));
#2675=CARTESIAN_POINT('Ctrl Pts',(0.221678318012451,-1.12810612227329,22.3630254637269));
#2676=CARTESIAN_POINT('Ctrl Pts',(0.313750779738051,-1.27870587075261,22.3885934815073));
#2677=CARTESIAN_POINT('Ctrl Pts',(0.368855275906476,-1.38279294574045,22.486908460969));
#2678=CARTESIAN_POINT('Ctrl Pts',(0.379695167298102,-1.41889716018886,22.5992204700416));
#2679=CARTESIAN_POINT('Ctrl Pts',(0.360038225044727,-1.40954445174746,22.7293912289866));
#2680=CARTESIAN_POINT('Ctrl Pts',(0.331853594810834,-1.37576664657353,22.7948704471724));
#2681=CARTESIAN_POINT('Ctrl Pts',(0.305457757801612,-1.33948512827918,22.8285469449089));
#2682=CARTESIAN_POINT('Ctrl Pts',(-0.167613834538068,-1.52894670932637,
22.7860973742784));
#2683=CARTESIAN_POINT('Ctrl Pts',(0.00118604294863357,-1.49712345199119,
22.7997002819408));
#2684=CARTESIAN_POINT('Ctrl Pts',(0.162968513996307,-1.43405111372254,22.81372372191));
#2685=CARTESIAN_POINT('Ctrl Pts',(0.305457757801612,-1.33948512827918,22.8285469449089));
#2686=CARTESIAN_POINT('Ctrl Pts',(-0.157755688437924,-1.57154722186346,
22.7509518401666));
#2687=CARTESIAN_POINT('Ctrl Pts',(0.0164864643570498,-1.53882361589855,
22.764989774685));
#2688=CARTESIAN_POINT('Ctrl Pts',(0.183826927134058,-1.47383495999258,22.7794804775234));
#2689=CARTESIAN_POINT('Ctrl Pts',(0.331853594810834,-1.37576664657353,22.7948704471724));
#2690=CARTESIAN_POINT('Ctrl Pts',(-0.145707266144047,-1.61154739264429,
22.6840365174779));
#2691=CARTESIAN_POINT('Ctrl Pts',(0.0336495895184342,-1.57796730433916,
22.6984836071194));
#2692=CARTESIAN_POINT('Ctrl Pts',(0.206666266305867,-1.51101093005164,22.7134531190097));
#2693=CARTESIAN_POINT('Ctrl Pts',(0.360038238409233,-1.40954448022626,22.7293912720725));
#2694=CARTESIAN_POINT('Ctrl Pts',(-0.132946919824588,-1.62373725857929,
22.5532432268954));
#2695=CARTESIAN_POINT('Ctrl Pts',(0.0484395400601051,-1.58978583818726,
22.5678536292937));
#2696=CARTESIAN_POINT('Ctrl Pts',(0.223771899476835,-1.52203693889865,22.5830174137447));
#2697=CARTESIAN_POINT('Ctrl Pts',(0.379695178031454,-1.418897178412,22.5992204769899));
#2698=CARTESIAN_POINT('Ctrl Pts',(-0.130490906122279,-1.58279519441662,
22.4421004046448));
#2699=CARTESIAN_POINT('Ctrl Pts',(0.0462389671304767,-1.54957148305754,
22.4563398757557));
#2700=CARTESIAN_POINT('Ctrl Pts',(0.217086775217127,-1.48337646459291,22.4711260633189));
#2701=CARTESIAN_POINT('Ctrl Pts',(0.368855291709688,-1.38279296682061,22.48690843699));
#2702=CARTESIAN_POINT('Ctrl Pts',(-0.142376260539214,-1.46251835360106,
22.3476087602424));
#2703=CARTESIAN_POINT('Ctrl Pts',(0.0198655329559499,-1.43163477606041,
22.3606918479477));
#2704=CARTESIAN_POINT('Ctrl Pts',(0.175948204799473,-1.37055131824328,22.3742344719602));
#2705=CARTESIAN_POINT('Ctrl Pts',(0.313750795388941,-1.27870589811029,22.3885934963117));
#2706=CARTESIAN_POINT('Ctrl Pts',(-0.169387315631424,-1.28733373160441,
22.3278067060598));
#2707=CARTESIAN_POINT('Ctrl Pts',(-0.0287025065851878,-1.25996857221365,
22.3391680918479));
#2708=CARTESIAN_POINT('Ctrl Pts',(0.105154882021596,-1.20657310672077,22.3508392649631));
#2709=CARTESIAN_POINT('Ctrl Pts',(0.22167829389835,-1.1281060899244,22.3630254992295));
#2710=CARTESIAN_POINT('Ctrl Pts',(-0.209342583155126,-1.11460363654391,
22.4701145524544));
#2711=CARTESIAN_POINT('Ctrl Pts',(-0.0905190598125536,-1.09085559344772,
22.4797284478105));
#2712=CARTESIAN_POINT('Ctrl Pts',(0.0203985221710519,-1.04538914856896,
22.4894683078568));
#2713=CARTESIAN_POINT('Ctrl Pts',(0.114672000862658,-0.980995632628935,
22.4993772461675));
#2714=CARTESIAN_POINT('Ctrl Pts',(-0.228984393435637,-1.11919620795948,
22.7178272579203));
#2715=CARTESIAN_POINT('Ctrl Pts',(-0.11049816108449,-1.09557820461681,22.7274119439373));
#2716=CARTESIAN_POINT('Ctrl Pts',(-0.000610874247193929,-1.05046044747824,
22.7370652324395));
#2717=CARTESIAN_POINT('Ctrl Pts',(0.0923043914153518,-0.987050507599019,
22.746827252046));
#2718=CARTESIAN_POINT('Ctrl Pts',(-0.209715032268321,-1.31404800883405,
22.8707270485382));
#2719=CARTESIAN_POINT('Ctrl Pts',(-0.067791800277631,-1.28664436948766,
22.8821823885405));
#2720=CARTESIAN_POINT('Ctrl Pts',(0.0660847474166167,-1.23321883745958,
22.8938565609762));
#2721=CARTESIAN_POINT('Ctrl Pts',(0.181593168948601,-1.155672902952,22.9059211882814));
#2722=CARTESIAN_POINT('Ctrl Pts',(-0.18075802933826,-1.47214602594358,22.8329580864275));
#2723=CARTESIAN_POINT('Ctrl Pts',(-0.0190805181893269,-1.44150152971069,
22.8459916555209));
#2724=CARTESIAN_POINT('Ctrl Pts',(0.135027308096272,-1.38108742115793,22.8593681264957));
#2725=CARTESIAN_POINT('Ctrl Pts',(0.270263308455984,-1.29110977055338,22.873448941891));
#2726=CARTESIAN_POINT('Ctrl Pts',(-0.167613834538068,-1.52894670932637,
22.7860973742784));
#2727=CARTESIAN_POINT('Ctrl Pts',(0.00118604294863357,-1.49712345199119,
22.7997002819408));
#2728=CARTESIAN_POINT('Ctrl Pts',(0.162968513996307,-1.43405111372254,22.81372372191));
#2729=CARTESIAN_POINT('Ctrl Pts',(0.305457757801612,-1.33948512827918,22.8285469449089));
#2730=CARTESIAN_POINT('',(-0.167613834538068,-1.52894670932637,22.7860973742784));
#2731=CARTESIAN_POINT('Ctrl Pts',(-0.167613834538068,-1.52894670932637,
22.7860973742784));
#2732=CARTESIAN_POINT('Ctrl Pts',(0.00118604294863357,-1.49712345199119,
22.7997002819408));
#2733=CARTESIAN_POINT('Ctrl Pts',(0.162968513996307,-1.43405111372254,22.81372372191));
#2734=CARTESIAN_POINT('Ctrl Pts',(0.305457757801612,-1.33948512827918,22.8285469449089));
#2735=CARTESIAN_POINT('Ctrl Pts',(-0.167613834538068,-1.52894670932637,
22.7860973742784));
#2736=CARTESIAN_POINT('Ctrl Pts',(-0.18075802933826,-1.47214602594358,22.8329580864275));
#2737=CARTESIAN_POINT('Ctrl Pts',(-0.209715032268321,-1.31404800883405,
22.8707270485382));
#2738=CARTESIAN_POINT('Ctrl Pts',(-0.228984393435637,-1.11919620795948,
22.7178272579203));
#2739=CARTESIAN_POINT('Ctrl Pts',(-0.209342583155126,-1.11460363654391,
22.4701145524544));
#2740=CARTESIAN_POINT('Ctrl Pts',(-0.169387315631424,-1.28733373160441,
22.3278067060598));
#2741=CARTESIAN_POINT('Ctrl Pts',(-0.142376260539214,-1.46251835360106,
22.3476087602424));
#2742=CARTESIAN_POINT('Ctrl Pts',(-0.130490906122279,-1.58279519441662,
22.4421004046448));
#2743=CARTESIAN_POINT('Ctrl Pts',(-0.132946919824588,-1.62373725857929,
22.5532432268954));
#2744=CARTESIAN_POINT('Ctrl Pts',(-0.145707266144047,-1.61154739264429,
22.6840365174779));
#2745=CARTESIAN_POINT('Ctrl Pts',(-0.157755688437924,-1.57154722186346,
22.7509518401666));
#2746=CARTESIAN_POINT('Ctrl Pts',(-0.167613834538068,-1.52894670932637,
22.7860973742784));
#2747=CARTESIAN_POINT('Ctrl Pts',(-0.748264565635015,-1.51979012106511,
22.7417484339636));
#2748=CARTESIAN_POINT('Ctrl Pts',(-0.556858263210583,-1.56050634577482,
22.7560070213503));
#2749=CARTESIAN_POINT('Ctrl Pts',(-0.359252835406788,-1.56507574763438,
22.7706539529197));
#2750=CARTESIAN_POINT('Ctrl Pts',(-0.167613834538068,-1.52894670932637,
22.7860973742784));
#2751=CARTESIAN_POINT('Ctrl Pts',(-0.755499847949615,-1.56182004801159,
22.70530215553));
#2752=CARTESIAN_POINT('Ctrl Pts',(-0.558831234828007,-1.60378272255654,
22.7199533689518));
#2753=CARTESIAN_POINT('Ctrl Pts',(-0.355551191968737,-1.60869479683716,
22.735016336095));
#2754=CARTESIAN_POINT('Ctrl Pts',(-0.157755688437923,-1.57154722186346,
22.7509518401666));
#2755=CARTESIAN_POINT('Ctrl Pts',(-0.759713879258397,-1.60131891426486,
22.6371483101992));
#2756=CARTESIAN_POINT('Ctrl Pts',(-0.558230383707162,-1.6444148738365,22.6521587524168));
#2757=CARTESIAN_POINT('Ctrl Pts',(-0.349290005848091,-1.64966382189533,
22.6676377115851));
#2758=CARTESIAN_POINT('Ctrl Pts',(-0.145707283239638,-1.61154709778707,
22.6840361395664));
#2759=CARTESIAN_POINT('Ctrl Pts',(-0.752601279111475,-1.6134692953514,22.5059233064593));
#2760=CARTESIAN_POINT('Ctrl Pts',(-0.549605378043663,-1.65689874271636,
22.5210465418357));
#2761=CARTESIAN_POINT('Ctrl Pts',(-0.338830035157661,-1.6622746842237,22.5366596444573));
#2762=CARTESIAN_POINT('Ctrl Pts',(-0.132946946430654,-1.62373706717313,
22.5532431699586));
#2763=CARTESIAN_POINT('Ctrl Pts',(-0.734625354889474,-1.57322402782476,
22.395959055095));
#2764=CARTESIAN_POINT('Ctrl Pts',(-0.536671949323328,-1.61542940780778,
22.4107060064446));
#2765=CARTESIAN_POINT('Ctrl Pts',(-0.331111628638364,-1.62051033184486,
22.4259362438772));
#2766=CARTESIAN_POINT('Ctrl Pts',(-0.130490961077047,-1.58279497030949,
22.4421006271211));
#2767=CARTESIAN_POINT('Ctrl Pts',(-0.699463492706007,-1.45475654655448,
22.3050435446807));
#2768=CARTESIAN_POINT('Ctrl Pts',(-0.516236899641197,-1.49343421421788,
22.3186916365309));
#2769=CARTESIAN_POINT('Ctrl Pts',(-0.326614536185207,-1.49758741041584,
22.3327517189128));
#2770=CARTESIAN_POINT('Ctrl Pts',(-0.142376297021041,-1.46251806813496,
22.3476086364689));
#2771=CARTESIAN_POINT('Ctrl Pts',(-0.657211631965304,-1.2820872818006,22.2905088356703));
#2772=CARTESIAN_POINT('Ctrl Pts',(-0.495435216019533,-1.31565086293064,
22.3025564434915));
#2773=CARTESIAN_POINT('Ctrl Pts',(-0.329245343957629,-1.31842423614599,
22.3148964761886));
#2774=CARTESIAN_POINT('Ctrl Pts',(-0.169387232581123,-1.28733407264717,
22.3278063745321));
#2775=CARTESIAN_POINT('Ctrl Pts',(-0.627860220520968,-1.11167057619424,
22.4380909006866));
#2776=CARTESIAN_POINT('Ctrl Pts',(-0.487216220657268,-1.14022898509961,
22.4485617993756));
#2777=CARTESIAN_POINT('Ctrl Pts',(-0.344470335501236,-1.14160185935205,
22.459181253767));
#2778=CARTESIAN_POINT('Ctrl Pts',(-0.209342575579163,-1.11460363889219,
22.4701144650917));
#2779=CARTESIAN_POINT('Ctrl Pts',(-0.647768951243897,-1.11594388687523,
22.6857888012217));
#2780=CARTESIAN_POINT('Ctrl Pts',(-0.506511497286784,-1.14469926030333,
22.6963055723147));
#2781=CARTESIAN_POINT('Ctrl Pts',(-0.363721481013156,-1.14604550625365,
22.7069285488741));
#2782=CARTESIAN_POINT('Ctrl Pts',(-0.228984468617561,-1.11919610005563,
22.7178279568739));
#2783=CARTESIAN_POINT('Ctrl Pts',(-0.704718260875355,-1.30786421344058,
22.8328932914593));
#2784=CARTESIAN_POINT('Ctrl Pts',(-0.539638384881172,-1.3423260531522,22.8451876022325));
#2785=CARTESIAN_POINT('Ctrl Pts',(-0.370953523710794,-1.34517742116278,
22.8577120550058));
#2786=CARTESIAN_POINT('Ctrl Pts',(-0.20971506433771,-1.31404754646206,22.8707265198382));
#2787=CARTESIAN_POINT('Ctrl Pts',(-0.738617522548882,-1.46375021846982,
22.7903434718751));
#2788=CARTESIAN_POINT('Ctrl Pts',(-0.554092181940472,-1.50283691726272,
22.8040886647569));
#2789=CARTESIAN_POINT('Ctrl Pts',(-0.364339889024313,-1.50694155746271,
22.818158679897));
#2790=CARTESIAN_POINT('Ctrl Pts',(-0.180758029338261,-1.47214602594358,
22.8329580864275));
#2791=CARTESIAN_POINT('Ctrl Pts',(-0.748264565635015,-1.51979012106511,
22.7417484339636));
#2792=CARTESIAN_POINT('Ctrl Pts',(-0.556858263210583,-1.56050634577482,
22.7560070213503));
#2793=CARTESIAN_POINT('Ctrl Pts',(-0.359252835406788,-1.56507574763438,
22.7706539529197));
#2794=CARTESIAN_POINT('Ctrl Pts',(-0.167613834538068,-1.52894670932637,
22.7860973742784));
#2795=CARTESIAN_POINT('',(-0.748264565635015,-1.51979012106511,22.7417484339636));
#2796=CARTESIAN_POINT('Ctrl Pts',(-0.748264565635015,-1.51979012106511,
22.7417484339636));
#2797=CARTESIAN_POINT('Ctrl Pts',(-0.556858263210583,-1.56050634577482,
22.7560070213503));
#2798=CARTESIAN_POINT('Ctrl Pts',(-0.359252835406788,-1.56507574763438,
22.7706539529197));
#2799=CARTESIAN_POINT('Ctrl Pts',(-0.167613834538068,-1.52894670932637,
22.7860973742784));
#2800=CARTESIAN_POINT('Ctrl Pts',(-0.748264565635015,-1.51979012106511,
22.7417484339636));
#2801=CARTESIAN_POINT('Ctrl Pts',(-0.738617522548882,-1.46375021846982,
22.7903434718751));
#2802=CARTESIAN_POINT('Ctrl Pts',(-0.704718260875355,-1.30786421344058,
22.8328932914593));
#2803=CARTESIAN_POINT('Ctrl Pts',(-0.647768951243897,-1.11594388687523,
22.6857888012217));
#2804=CARTESIAN_POINT('Ctrl Pts',(-0.627860220520968,-1.11167057619424,
22.4380909006866));
#2805=CARTESIAN_POINT('Ctrl Pts',(-0.657211631965304,-1.2820872818006,22.2905088356703));
#2806=CARTESIAN_POINT('Ctrl Pts',(-0.699463492706007,-1.45475654655448,
22.3050435446807));
#2807=CARTESIAN_POINT('Ctrl Pts',(-0.734625354889474,-1.57322402782476,
22.395959055095));
#2808=CARTESIAN_POINT('Ctrl Pts',(-0.752601279111475,-1.6134692953514,22.5059233064593));
#2809=CARTESIAN_POINT('Ctrl Pts',(-0.759713879258397,-1.60131891426486,
22.6371483101992));
#2810=CARTESIAN_POINT('Ctrl Pts',(-0.755499847949615,-1.56182004801159,
22.70530215553));
#2811=CARTESIAN_POINT('Ctrl Pts',(-0.748264565635015,-1.51979012106511,
22.7417484339636));
#2812=CARTESIAN_POINT('Ctrl Pts',(-1.34160092076865,-1.26201423588739,22.6961092033732));
#2813=CARTESIAN_POINT('Ctrl Pts',(-1.16213344856901,-1.38567409103849,22.7108357806119));
#2814=CARTESIAN_POINT('Ctrl Pts',(-0.960855633820473,-1.47456744242875,
22.7259117123669));
#2815=CARTESIAN_POINT('Ctrl Pts',(-0.748264565635015,-1.51979012106511,
22.7417484339636));
#2816=CARTESIAN_POINT('Ctrl Pts',(-1.36392151780812,-1.29714740832165,22.6584974176742));
#2817=CARTESIAN_POINT('Ctrl Pts',(-1.18015990350718,-1.42391788380895,22.6735812210315));
#2818=CARTESIAN_POINT('Ctrl Pts',(-0.973918788908382,-1.51521697901031,
22.6890306347674));
#2819=CARTESIAN_POINT('Ctrl Pts',(-0.755499847949615,-1.56182004801159,
22.70530215553));
#2820=CARTESIAN_POINT('Ctrl Pts',(-1.38212762190847,-1.33028337286466,22.5892628478553));
#2821=CARTESIAN_POINT('Ctrl Pts',(-1.1945412346439,-1.45981968221453,22.6046646923504));
#2822=CARTESIAN_POINT('Ctrl Pts',(-0.983465997008888,-1.55346042765971,
22.6204787003448));
#2823=CARTESIAN_POINT('Ctrl Pts',(-0.75971382430539,-1.60131875015946,22.6371481023664));
#2824=CARTESIAN_POINT('Ctrl Pts',(-1.37871861842029,-1.34086245400338,22.4577537669082));
#2825=CARTESIAN_POINT('Ctrl Pts',(-1.19025714579312,-1.47101619605667,22.4732279318631));
#2826=CARTESIAN_POINT('Ctrl Pts',(-0.978031384544277,-1.56524089304384,
22.4891287368648));
#2827=CARTESIAN_POINT('Ctrl Pts',(-0.752601251247717,-1.61346918785459,
22.5059232769621));
#2828=CARTESIAN_POINT('Ctrl Pts',(-1.34550879312575,-1.30772811872119,22.3489689252566));
#2829=CARTESIAN_POINT('Ctrl Pts',(-1.16159280150906,-1.43456942022875,22.3640643830398));
#2830=CARTESIAN_POINT('Ctrl Pts',(-0.954474646261218,-1.52635043175313,
22.3795810700446));
#2831=CARTESIAN_POINT('Ctrl Pts',(-0.734625334700992,-1.57322390197382,
22.3959591835837));
#2832=CARTESIAN_POINT('Ctrl Pts',(-1.26677186301036,-1.20937790343404,22.2614229015606));
#2833=CARTESIAN_POINT('Ctrl Pts',(-1.09544588128958,-1.32707290282691,22.275470245852));
#2834=CARTESIAN_POINT('Ctrl Pts',(-0.903007999729902,-1.41178867474442,
22.2898818915592));
#2835=CARTESIAN_POINT('Ctrl Pts',(-0.699463449905288,-1.45475638769537,
22.305043479801));
#2836=CARTESIAN_POINT('Ctrl Pts',(-1.16165119534656,-1.06561744133174,22.2517479470539));
#2837=CARTESIAN_POINT('Ctrl Pts',(-1.0083124322706,-1.17026056126843,22.2642983070483));
#2838=CARTESIAN_POINT('Ctrl Pts',(-0.837004750420104,-1.24478251828064,
22.2771191419864));
#2839=CARTESIAN_POINT('Ctrl Pts',(-0.657211662222836,-1.28208747063515,
22.2905086424252));
#2840=CARTESIAN_POINT('Ctrl Pts',(-1.07113292799754,-0.923165197848286,
22.4040559725513));
#2841=CARTESIAN_POINT('Ctrl Pts',(-0.935033847269231,-1.01532033569443,
22.4151721839968));
#2842=CARTESIAN_POINT('Ctrl Pts',(-0.784249662279363,-1.07990865075831,
22.4264474226605));
#2843=CARTESIAN_POINT('Ctrl Pts',(-0.627860217329133,-1.11167057841127,
22.4380908519074));
#2844=CARTESIAN_POINT('Ctrl Pts',(-1.09394493745919,-0.925857291820229,
22.6515260797226));
#2845=CARTESIAN_POINT('Ctrl Pts',(-0.956595685168535,-1.01895241537774,
22.66274728803));
#2846=CARTESIAN_POINT('Ctrl Pts',(-0.804831511232182,-1.08396512224126,
22.6740954470554));
#2847=CARTESIAN_POINT('Ctrl Pts',(-0.647768966801614,-1.11594382550542,
22.6857891969618));
#2848=CARTESIAN_POINT('Ctrl Pts',(-1.221485745495,-1.0851875655658,22.7931710044373));
#2849=CARTESIAN_POINT('Ctrl Pts',(-1.06377119493907,-1.1930775026519,22.8060876152684));
#2850=CARTESIAN_POINT('Ctrl Pts',(-0.888155674828412,-1.26956725537483,
22.8192313737183));
#2851=CARTESIAN_POINT('Ctrl Pts',(-0.704718177409623,-1.3078639556388,22.8328930025022));
#2852=CARTESIAN_POINT('Ctrl Pts',(-1.31184012471602,-1.21517000597504,22.7462582509718));
#2853=CARTESIAN_POINT('Ctrl Pts',(-1.13798295046673,-1.3347660499599,22.7605181184158));
#2854=CARTESIAN_POINT('Ctrl Pts',(-0.943588064428263,-1.42033217920198,
22.775075293014));
#2855=CARTESIAN_POINT('Ctrl Pts',(-0.738617522548882,-1.46375021846982,
22.7903434718751));
#2856=CARTESIAN_POINT('Ctrl Pts',(-1.34160092076865,-1.26201423588739,22.6961092033732));
#2857=CARTESIAN_POINT('Ctrl Pts',(-1.16213344856901,-1.38567409103849,22.7108357806119));
#2858=CARTESIAN_POINT('Ctrl Pts',(-0.960855633820473,-1.47456744242875,
22.7259117123669));
#2859=CARTESIAN_POINT('Ctrl Pts',(-0.748264565635015,-1.51979012106511,
22.7417484339636));
#2860=CARTESIAN_POINT('',(-1.34160092076865,-1.26201423588739,22.6961092033732));
#2861=CARTESIAN_POINT('Ctrl Pts',(-1.34160092076865,-1.26201423588739,22.6961092033732));
#2862=CARTESIAN_POINT('Ctrl Pts',(-1.16213344856901,-1.38567409103849,22.7108357806119));
#2863=CARTESIAN_POINT('Ctrl Pts',(-0.960855633820473,-1.47456744242875,
22.7259117123669));
#2864=CARTESIAN_POINT('Ctrl Pts',(-0.748264565635015,-1.51979012106511,
22.7417484339636));
#2865=CARTESIAN_POINT('Ctrl Pts',(-1.34160092076865,-1.26201423588739,22.6961092033732));
#2866=CARTESIAN_POINT('Ctrl Pts',(-1.31184012471602,-1.21517000597504,22.7462582509718));
#2867=CARTESIAN_POINT('Ctrl Pts',(-1.221485745495,-1.0851875655658,22.7931710044373));
#2868=CARTESIAN_POINT('Ctrl Pts',(-1.09394493745919,-0.925857291820229,
22.6515260797226));
#2869=CARTESIAN_POINT('Ctrl Pts',(-1.07113292799754,-0.923165197848286,
22.4040559725513));
#2870=CARTESIAN_POINT('Ctrl Pts',(-1.16165119534656,-1.06561744133174,22.2517479470539));
#2871=CARTESIAN_POINT('Ctrl Pts',(-1.26677186301036,-1.20937790343404,22.2614229015606));
#2872=CARTESIAN_POINT('Ctrl Pts',(-1.34550879312575,-1.30772811872119,22.3489689252566));
#2873=CARTESIAN_POINT('Ctrl Pts',(-1.37871861842029,-1.34086245400338,22.4577537669082));
#2874=CARTESIAN_POINT('Ctrl Pts',(-1.38212762190847,-1.33028337286466,22.5892628478553));
#2875=CARTESIAN_POINT('Ctrl Pts',(-1.36392151780812,-1.29714740832165,22.6584974176742));
#2876=CARTESIAN_POINT('Ctrl Pts',(-1.34160092076865,-1.26201423588739,22.6961092033732));
#2877=CARTESIAN_POINT('Ctrl Pts',(-1.83407063648215,-0.752539177993972,
22.6495752830807));
#2878=CARTESIAN_POINT('Ctrl Pts',(-1.70425062072152,-0.952830903433745,
22.6646412512482));
#2879=CARTESIAN_POINT('Ctrl Pts',(-1.53770328516313,-1.12689231279687,22.6800176154071));
#2880=CARTESIAN_POINT('Ctrl Pts',(-1.34160092076865,-1.26201423588739,22.6961092033732));
#2881=CARTESIAN_POINT('Ctrl Pts',(-1.8673657988409,-0.775852069018652,22.6109082873798));
#2882=CARTESIAN_POINT('Ctrl Pts',(-1.73482462522723,-0.980572925528031,
22.6263015098212));
#2883=CARTESIAN_POINT('Ctrl Pts',(-1.56470472420653,-1.15863475940935,22.6420164484058));
#2884=CARTESIAN_POINT('Ctrl Pts',(-1.36392151780812,-1.29714740832165,22.6584974176742));
#2885=CARTESIAN_POINT('Ctrl Pts',(-1.89549664928158,-0.798329417545186,
22.5407206445648));
#2886=CARTESIAN_POINT('Ctrl Pts',(-1.76059690778012,-1.00688747247,22.5563974312299));
#2887=CARTESIAN_POINT('Ctrl Pts',(-1.58708047141898,-1.18875551171326,22.5724351569445));
#2888=CARTESIAN_POINT('Ctrl Pts',(-1.38212761320982,-1.33028336264618,22.5892628326141));
#2889=CARTESIAN_POINT('Ctrl Pts',(-1.89387596855142,-0.807092604613782,
22.4090439452304));
#2890=CARTESIAN_POINT('Ctrl Pts',(-1.75864608514171,-1.01618196531409,22.4247601466341));
#2891=CARTESIAN_POINT('Ctrl Pts',(-1.58462690031646,-1.19866049720036,22.440847130641));
#2892=CARTESIAN_POINT('Ctrl Pts',(-1.37871861335958,-1.3408624472612,22.4577537649041));
#2893=CARTESIAN_POINT('Ctrl Pts',(-1.84849596686904,-0.787198608174373,
22.301434464795));
#2894=CARTESIAN_POINT('Ctrl Pts',(-1.71641567841028,-0.991154223659602,
22.3167715400875));
#2895=CARTESIAN_POINT('Ctrl Pts',(-1.54646410704415,-1.1691355994516,22.3324749429026));
#2896=CARTESIAN_POINT('Ctrl Pts',(-1.34550878820396,-1.30772811078921,22.3489689351423));
#2897=CARTESIAN_POINT('Ctrl Pts',(-1.73660446732868,-0.724734764639761,
22.2170831803205));
#2898=CARTESIAN_POINT('Ctrl Pts',(-1.61286022505728,-0.915112440732613,
22.2314172776711));
#2899=CARTESIAN_POINT('Ctrl Pts',(-1.45400585277385,-1.08075358855802,22.246071158033));
#2900=CARTESIAN_POINT('Ctrl Pts',(-1.26677185542826,-1.20937789351027,22.2614228970294));
#2901=CARTESIAN_POINT('Ctrl Pts',(-1.58451355344324,-0.631714215458292,
22.2119303043506));
#2902=CARTESIAN_POINT('Ctrl Pts',(-1.47246978669866,-0.803039294864681,
22.2248568796027));
#2903=CARTESIAN_POINT('Ctrl Pts',(-1.32928025319708,-0.951218887006886,
22.2380277535073));
#2904=CARTESIAN_POINT('Ctrl Pts',(-1.16165120267814,-1.06561745316912,22.2517479321406));
#2905=CARTESIAN_POINT('Ctrl Pts',(-1.44949495300378,-0.537191724227809,
22.3685170768758));
#2906=CARTESIAN_POINT('Ctrl Pts',(-1.34837283959085,-0.690740100314689,
22.3801301864994));
#2907=CARTESIAN_POINT('Ctrl Pts',(-1.21996979238801,-0.822379147293516,
22.3918990332894));
#2908=CARTESIAN_POINT('Ctrl Pts',(-1.0711329278148,-0.9231651980205,22.4040559689008));
#2909=CARTESIAN_POINT('Ctrl Pts',(-1.47630641284937,-0.535346537740851,
22.6155936774106));
#2910=CARTESIAN_POINT('Ctrl Pts',(-1.37392363943237,-0.690959483970832,
22.6273590011096));
#2911=CARTESIAN_POINT('Ctrl Pts',(-1.24414134111144,-0.824048836558414,
22.639254993798));
#2912=CARTESIAN_POINT('Ctrl Pts',(-1.09394493709526,-0.925857287854453,
22.6515261095421));
#2913=CARTESIAN_POINT('Ctrl Pts',(-1.65755628690244,-0.636542456598467,
22.7520631834832));
#2914=CARTESIAN_POINT('Ctrl Pts',(-1.54168967330702,-0.814118175780829,
22.765450857921));
#2915=CARTESIAN_POINT('Ctrl Pts',(-1.39387741925427,-0.967254792662831,
22.7790521867322));
#2916=CARTESIAN_POINT('Ctrl Pts',(-1.22148573205489,-1.08518754949285,22.7931709833381));
#2917=CARTESIAN_POINT('Ctrl Pts',(-1.78967708667049,-0.721455323294399,
22.7011312773486));
#2918=CARTESIAN_POINT('Ctrl Pts',(-1.66340933155216,-0.915965240587622,
22.7157700442075));
#2919=CARTESIAN_POINT('Ctrl Pts',(-1.50182694749971,-1.08447784652647,22.7306753846736));
#2920=CARTESIAN_POINT('Ctrl Pts',(-1.31184012471602,-1.21517000597504,22.7462582509718));
#2921=CARTESIAN_POINT('Ctrl Pts',(-1.83407063648215,-0.752539177993972,
22.6495752830807));
#2922=CARTESIAN_POINT('Ctrl Pts',(-1.70425062072152,-0.952830903433745,
22.6646412512482));
#2923=CARTESIAN_POINT('Ctrl Pts',(-1.53770328516313,-1.12689231279687,22.6800176154071));
#2924=CARTESIAN_POINT('Ctrl Pts',(-1.34160092076865,-1.26201423588739,22.6961092033732));
#2925=CARTESIAN_POINT('',(-1.83407063648215,-0.752539177993972,22.6495752830807));
#2926=CARTESIAN_POINT('Ctrl Pts',(-1.83407063648215,-0.752539177993972,
22.6495752830807));
#2927=CARTESIAN_POINT('Ctrl Pts',(-1.70425062072152,-0.952830903433745,
22.6646412512482));
#2928=CARTESIAN_POINT('Ctrl Pts',(-1.53770328516313,-1.12689231279687,22.6800176154071));
#2929=CARTESIAN_POINT('Ctrl Pts',(-1.34160092076865,-1.26201423588739,22.6961092033732));
#2930=CARTESIAN_POINT('Ctrl Pts',(-1.83407063648215,-0.752539177993972,
22.6495752830807));
#2931=CARTESIAN_POINT('Ctrl Pts',(-1.78967708667049,-0.721455323294399,
22.7011312773486));
#2932=CARTESIAN_POINT('Ctrl Pts',(-1.65755628690244,-0.636542456598467,
22.7520631834832));
#2933=CARTESIAN_POINT('Ctrl Pts',(-1.47630641284937,-0.535346537740851,
22.6155936774106));
#2934=CARTESIAN_POINT('Ctrl Pts',(-1.44949495300378,-0.537191724227809,
22.3685170768758));
#2935=CARTESIAN_POINT('Ctrl Pts',(-1.58451355344324,-0.631714215458292,
22.2119303043506));
#2936=CARTESIAN_POINT('Ctrl Pts',(-1.73660446732868,-0.724734764639761,
22.2170831803205));
#2937=CARTESIAN_POINT('Ctrl Pts',(-1.84849596686904,-0.787198608174373,
22.301434464795));
#2938=CARTESIAN_POINT('Ctrl Pts',(-1.89387596855142,-0.807092604613782,
22.4090439452304));
#2939=CARTESIAN_POINT('Ctrl Pts',(-1.89549664928158,-0.798329417545186,
22.5407206445648));
#2940=CARTESIAN_POINT('Ctrl Pts',(-1.8673657988409,-0.775852069018652,22.6109082873798));
#2941=CARTESIAN_POINT('Ctrl Pts',(-1.83407063648215,-0.752539177993972,
22.6495752830807));
#2942=CARTESIAN_POINT('Ctrl Pts',(-2.11608521083126,-0.0399779820366954,
22.6024051721875));
#2943=CARTESIAN_POINT('Ctrl Pts',(-2.06897975878881,-0.293749714608609,
22.6177225902217));
#2944=CARTESIAN_POINT('Ctrl Pts',(-1.97418889038473,-0.536358901976279,
22.633314176189));
#2945=CARTESIAN_POINT('Ctrl Pts',(-1.83407063648215,-0.752539177993972,
22.6495752830807));
#2946=CARTESIAN_POINT('Ctrl Pts',(-2.1548526691346,-0.0485625966652731,
22.562774579846));
#2947=CARTESIAN_POINT('Ctrl Pts',(-2.10694147799491,-0.307365388483014,
22.5783936417159));
#2948=CARTESIAN_POINT('Ctrl Pts',(-2.01041497013971,-0.554901255928517,
22.5942947073018));
#2949=CARTESIAN_POINT('Ctrl Pts',(-1.8673657988409,-0.775852069018652,22.6109082873798));
#2950=CARTESIAN_POINT('Ctrl Pts',(-2.18780956888276,-0.0580843169509151,
22.4917389805657));
#2951=CARTESIAN_POINT('Ctrl Pts',(-2.13922076135421,-0.321130549520616,
22.5076124257461));
#2952=CARTESIAN_POINT('Ctrl Pts',(-2.04108640484128,-0.573245405115746,
22.5238016880586));
#2953=CARTESIAN_POINT('Ctrl Pts',(-1.89549669723706,-0.798329442660797,
22.5407207030583));
#2954=CARTESIAN_POINT('Ctrl Pts',(-2.18664332651452,-0.0657424349167938,
22.3599885354516));
#2955=CARTESIAN_POINT('Ctrl Pts',(-2.13802825746232,-0.328995293721359,
22.3758742389567));
#2956=CARTESIAN_POINT('Ctrl Pts',(-2.03982184309386,-0.581435472363072,
22.3920824209461));
#2957=CARTESIAN_POINT('Ctrl Pts',(-1.89387599711106,-0.807092621633187,
22.4090439522432));
#2958=CARTESIAN_POINT('Ctrl Pts',(-2.1346700159798,-0.0637355717572551,
22.2535475973706));
#2959=CARTESIAN_POINT('Ctrl Pts',(-2.08707330663963,-0.320680920223209,
22.26905496951));
#2960=CARTESIAN_POINT('Ctrl Pts',(-1.99105011823041,-0.567069922016566,
22.2848811591509));
#2961=CARTESIAN_POINT('Ctrl Pts',(-1.84849599581558,-0.787198628896536,
22.3014344250504));
#2962=CARTESIAN_POINT('Ctrl Pts',(-2.00554494489454,-0.0478440982502179,
22.1722411240748));
#2963=CARTESIAN_POINT('Ctrl Pts',(-1.96053057516102,-0.288733258836943,
22.1867856184639));
#2964=CARTESIAN_POINT('Ctrl Pts',(-1.87018087822702,-0.519229277382011,
22.2016100981736));
#2965=CARTESIAN_POINT('Ctrl Pts',(-1.73660450999768,-0.724734789617835,
22.2170831968624));
#2966=CARTESIAN_POINT('Ctrl Pts',(-1.82943780825397,-0.0196218462117505,
22.1713258203141));
#2967=CARTESIAN_POINT('Ctrl Pts',(-1.78798423412583,-0.238334717626504,
22.1845405304996));
#2968=CARTESIAN_POINT('Ctrl Pts',(-1.70548821303764,-0.446728732960565,
22.1979731679097));
#2969=CARTESIAN_POINT('Ctrl Pts',(-1.58451351024787,-0.631714184491428,
22.2119303642569));
#2970=CARTESIAN_POINT('Ctrl Pts',(-1.67222915896947,0.0151774443939805,
22.3318199300205));
#2971=CARTESIAN_POINT('Ctrl Pts',(-1.63400855630716,-0.183348090576907,
22.3438242833769));
#2972=CARTESIAN_POINT('Ctrl Pts',(-1.55870610390855,-0.371353249395452,
22.3559745798119));
#2973=CARTESIAN_POINT('Ctrl Pts',(-1.44949495370015,-0.537191723592581,
22.3685170912178));
#2974=CARTESIAN_POINT('Ctrl Pts',(-1.70194572940403,0.0250874613759947,
22.5783716643921));
#2975=CARTESIAN_POINT('Ctrl Pts',(-1.66320259302937,-0.176611757233617,
22.5905665720217));
#2976=CARTESIAN_POINT('Ctrl Pts',(-1.58687426247161,-0.367286142465427,
22.6028872385759));
#2977=CARTESIAN_POINT('Ctrl Pts',(-1.47630641785227,-0.535346549512466,
22.6155935600271));
#2978=CARTESIAN_POINT('Ctrl Pts',(-1.91111279361189,-0.000664890661323381,
22.7099091016432));
#2979=CARTESIAN_POINT('Ctrl Pts',(-1.86819274071314,-0.228334943122292,
22.7236614608471));
#2980=CARTESIAN_POINT('Ctrl Pts',(-1.78264603150712,-0.444828579525003,
22.737609735707));
#2981=CARTESIAN_POINT('Ctrl Pts',(-1.65755636123333,-0.636542496261526,
22.7520632642449));
#2982=CARTESIAN_POINT('Ctrl Pts',(-2.0643952664268,-0.0285318291985917,
22.6552459619761));
#2983=CARTESIAN_POINT('Ctrl Pts',(-2.01834070985399,-0.275741181297181,
22.6701699254799));
#2984=CARTESIAN_POINT('Ctrl Pts',(-1.92596924794966,-0.51150253952995,22.6853302936482));
#2985=CARTESIAN_POINT('Ctrl Pts',(-1.78967708667049,-0.721455323294399,
22.7011312773486));
#2986=CARTESIAN_POINT('Ctrl Pts',(-2.11608521083126,-0.0399779820366954,
22.6024051721875));
#2987=CARTESIAN_POINT('Ctrl Pts',(-2.06897975878881,-0.293749714608609,
22.6177225902217));
#2988=CARTESIAN_POINT('Ctrl Pts',(-1.97418889038473,-0.536358901976279,
22.633314176189));
#2989=CARTESIAN_POINT('Ctrl Pts',(-1.83407063648215,-0.752539177993972,
22.6495752830807));
#2990=CARTESIAN_POINT('',(-2.11608521083126,-0.0399779820366954,22.6024051721875));
#2991=CARTESIAN_POINT('Ctrl Pts',(-2.11608521083126,-0.0399779820366954,
22.6024051721875));
#2992=CARTESIAN_POINT('Ctrl Pts',(-2.06897975878881,-0.293749714608609,
22.6177225902217));
#2993=CARTESIAN_POINT('Ctrl Pts',(-1.97418889038473,-0.536358901976279,
22.633314176189));
#2994=CARTESIAN_POINT('Ctrl Pts',(-1.83407063648215,-0.752539177993972,
22.6495752830807));
#2995=CARTESIAN_POINT('Ctrl Pts',(-2.11608521083126,-0.0399779820366954,
22.6024051721875));
#2996=CARTESIAN_POINT('Ctrl Pts',(-2.0643952664268,-0.0285318291985917,
22.6552459619761));
#2997=CARTESIAN_POINT('Ctrl Pts',(-1.91111279361189,-0.000664890661323381,
22.7099091016432));
#2998=CARTESIAN_POINT('Ctrl Pts',(-1.70194572940403,0.0250874613759947,
22.5783716643921));
#2999=CARTESIAN_POINT('Ctrl Pts',(-1.67222915896947,0.0151774443939805,
22.3318199300205));
#3000=CARTESIAN_POINT('Ctrl Pts',(-1.82943780825397,-0.0196218462117505,
22.1713258203141));
#3001=CARTESIAN_POINT('Ctrl Pts',(-2.00554494489454,-0.0478440982502179,
22.1722411240748));
#3002=CARTESIAN_POINT('Ctrl Pts',(-2.1346700159798,-0.0637355717572551,
22.2535475973706));
#3003=CARTESIAN_POINT('Ctrl Pts',(-2.18664332651452,-0.0657424349167938,
22.3599885354516));
#3004=CARTESIAN_POINT('Ctrl Pts',(-2.18780956888276,-0.0580843169509151,
22.4917389805657));
#3005=CARTESIAN_POINT('Ctrl Pts',(-2.1548526691346,-0.0485625966652731,
22.562774579846));
#3006=CARTESIAN_POINT('Ctrl Pts',(-2.11608521083126,-0.0399779820366954,
22.6024051721875));
#3007=CARTESIAN_POINT('Ctrl Pts',(-2.10450635552274,0.780694981525081,22.5547710799497));
#3008=CARTESIAN_POINT('Ctrl Pts',(-2.16144043865482,0.510214839865107,22.5702789949425));
#3009=CARTESIAN_POINT('Ctrl Pts',(-2.16644841364392,0.231344267967824,22.586028421778));
#3010=CARTESIAN_POINT('Ctrl Pts',(-2.11608521083126,-0.0399779820366954,
22.6024051721875));
#3011=CARTESIAN_POINT('Ctrl Pts',(-2.14272029466064,0.787423809748889,22.5142542561939));
#3012=CARTESIAN_POINT('Ctrl Pts',(-2.2008061645428,0.512085099059756,22.5300416697703));
#3013=CARTESIAN_POINT('Ctrl Pts',(-2.20607576107435,0.228128812388988,22.5460759166989));
#3014=CARTESIAN_POINT('Ctrl Pts',(-2.1548526691346,-0.0485625966652734,
22.562774579846));
#3015=CARTESIAN_POINT('Ctrl Pts',(-2.17520487595282,0.791032641939215,22.442458609488));
#3016=CARTESIAN_POINT('Ctrl Pts',(-2.23424075171859,0.511707231227852,22.4584753876615));
#3017=CARTESIAN_POINT('Ctrl Pts',(-2.23975571480408,0.2231358370825,22.474768705422));
#3018=CARTESIAN_POINT('Ctrl Pts',(-2.18780944513471,-0.0580843047111379,
22.4917388524337));
#3019=CARTESIAN_POINT('Ctrl Pts',(-2.1740494956523,0.783313855058116,22.3107117236422));
#3020=CARTESIAN_POINT('Ctrl Pts',(-2.233058743158,0.504172056742281,22.3267180148044));
#3021=CARTESIAN_POINT('Ctrl Pts',(-2.23861762375826,0.215698650565552,22.3430052672422));
#3022=CARTESIAN_POINT('Ctrl Pts',(-2.18664325239601,-0.065742423848778,
22.3599885214649));
#3023=CARTESIAN_POINT('Ctrl Pts',(-2.12281124717299,0.765270974572113,22.205431145983));
#3024=CARTESIAN_POINT('Ctrl Pts',(-2.18028779877205,0.492680041125175,22.2210606767106));
#3025=CARTESIAN_POINT('Ctrl Pts',(-2.1855576029205,0.210974633869459,22.2369681570684));
#3026=CARTESIAN_POINT('Ctrl Pts',(-2.13466994028827,-0.0637355541930107,
22.253547688236));
#3027=CARTESIAN_POINT('Ctrl Pts',(-1.99552041313811,0.730798821506284,22.1270391243488));
#3028=CARTESIAN_POINT('Ctrl Pts',(-2.04920322552179,0.474324667977367,22.1417416267763));
#3029=CARTESIAN_POINT('Ctrl Pts',(-2.05367673020797,0.209731572296377,22.1566890964586));
#3030=CARTESIAN_POINT('Ctrl Pts',(-2.00554483436768,-0.0478440825528141,
22.1722410896582));
#3031=CARTESIAN_POINT('Ctrl Pts',(-1.82191999599961,0.690001860768301,22.1301179591294));
#3032=CARTESIAN_POINT('Ctrl Pts',(-1.87042632469697,0.455459597225841,22.1435588890111));
#3033=CARTESIAN_POINT('Ctrl Pts',(-1.87376981778159,0.214287757251402,22.157192794945));
#3034=CARTESIAN_POINT('Ctrl Pts',(-1.82943792096305,-0.0196218724704436,
22.1713256832552));
#3035=CARTESIAN_POINT('Ctrl Pts',(-1.66695583918915,0.662703156698453,22.2942059583363));
#3036=CARTESIAN_POINT('Ctrl Pts',(-1.7108415546705,0.447651029233239,22.3065256794294));
#3037=CARTESIAN_POINT('Ctrl Pts',(-1.7131108085854,0.227543090781623,22.3189786965024));
#3038=CARTESIAN_POINT('Ctrl Pts',(-1.67222915741643,0.0151774427333749,
22.3318198979457));
#3039=CARTESIAN_POINT('Ctrl Pts',(-1.69626026751094,0.683518254399722,22.5401270193991));
#3040=CARTESIAN_POINT('Ctrl Pts',(-1.74102689144929,0.464601383202143,22.5526689094327));
#3041=CARTESIAN_POINT('Ctrl Pts',(-1.74338485979312,0.240839212574613,22.5653274205016));
#3042=CARTESIAN_POINT('Ctrl Pts',(-1.701945714914,0.0250874793931688,22.57837192789));
#3043=CARTESIAN_POINT('Ctrl Pts',(-1.90245585057025,0.739349330748538,22.6669427288371));
#3044=CARTESIAN_POINT('Ctrl Pts',(-1.95335873042539,0.494364164708465,22.6809840529296));
#3045=CARTESIAN_POINT('Ctrl Pts',(-1.95700918044076,0.242801917511028,22.6952023786408));
#3046=CARTESIAN_POINT('Ctrl Pts',(-1.91111260165322,-0.000664870338477837,
22.7099089253274));
#3047=CARTESIAN_POINT('Ctrl Pts',(-2.0535544366722,0.771723210560003,22.6087935116241));
#3048=CARTESIAN_POINT('Ctrl Pts',(-2.10898712599644,0.507575449675277,22.6239371431725));
#3049=CARTESIAN_POINT('Ctrl Pts',(-2.11363694692081,0.235787026402963,22.639289104531));
#3050=CARTESIAN_POINT('Ctrl Pts',(-2.0643952664268,-0.0285318291985915,
22.6552459619761));
#3051=CARTESIAN_POINT('Ctrl Pts',(-2.10450635552274,0.780694981525081,22.5547710799497));
#3052=CARTESIAN_POINT('Ctrl Pts',(-2.16144043865482,0.510214839865107,22.5702789949425));
#3053=CARTESIAN_POINT('Ctrl Pts',(-2.16644841364392,0.231344267967824,22.586028421778));
#3054=CARTESIAN_POINT('Ctrl Pts',(-2.11608521083126,-0.0399779820366954,
22.6024051721875));
#3055=CARTESIAN_POINT('',(-2.10450635552274,0.780694981525081,22.5547710799497));
#3056=CARTESIAN_POINT('Ctrl Pts',(-2.10450635552274,0.780694981525081,22.5547710799497));
#3057=CARTESIAN_POINT('Ctrl Pts',(-2.16144043865482,0.510214839865107,22.5702789949425));
#3058=CARTESIAN_POINT('Ctrl Pts',(-2.16644841364392,0.231344267967824,22.586028421778));
#3059=CARTESIAN_POINT('Ctrl Pts',(-2.11608521083126,-0.0399779820366954,
22.6024051721875));
#3060=CARTESIAN_POINT('Ctrl Pts',(-2.10450635552274,0.780694981525081,22.5547710799497));
#3061=CARTESIAN_POINT('Ctrl Pts',(-2.0535544366722,0.771723210560003,22.6087935116241));
#3062=CARTESIAN_POINT('Ctrl Pts',(-1.90245585057025,0.739349330748538,22.6669427288371));
#3063=CARTESIAN_POINT('Ctrl Pts',(-1.69626026751094,0.683518254399722,22.5401270193991));
#3064=CARTESIAN_POINT('Ctrl Pts',(-1.66695583918915,0.662703156698453,22.2942059583363));
#3065=CARTESIAN_POINT('Ctrl Pts',(-1.82191999599961,0.690001860768301,22.1301179591294));
#3066=CARTESIAN_POINT('Ctrl Pts',(-1.99552041313811,0.730798821506284,22.1270391243488));
#3067=CARTESIAN_POINT('Ctrl Pts',(-2.12281124717299,0.765270974572113,22.205431145983));
#3068=CARTESIAN_POINT('Ctrl Pts',(-2.1740494956523,0.783313855058116,22.3107117236422));
#3069=CARTESIAN_POINT('Ctrl Pts',(-2.17520487595282,0.791032641939215,22.442458609488));
#3070=CARTESIAN_POINT('Ctrl Pts',(-2.14272029466064,0.787423809748889,22.5142542561939));
#3071=CARTESIAN_POINT('Ctrl Pts',(-2.10450635552274,0.780694981525081,22.5547710799497));
#3072=CARTESIAN_POINT('Ctrl Pts',(-1.76104826514839,1.58255650440433,22.5067904932449));
#3073=CARTESIAN_POINT('Ctrl Pts',(-1.92644990555507,1.3397974543083,22.5224458291964));
#3074=CARTESIAN_POINT('Ctrl Pts',(-2.04408625931077,1.06773633326875,22.5383136318911));
#3075=CARTESIAN_POINT('Ctrl Pts',(-2.10450635552274,0.780694981525081,22.5547710799497));
#3076=CARTESIAN_POINT('Ctrl Pts',(-1.79306062131051,1.60289556315925,22.4654537417655));
#3077=CARTESIAN_POINT('Ctrl Pts',(-1.96132080262777,1.35616589670481,22.4813692334863));
#3078=CARTESIAN_POINT('Ctrl Pts',(-2.08107988912129,1.0796127764751,22.4975006811574));
#3079=CARTESIAN_POINT('Ctrl Pts',(-2.14272029466064,0.787423809748889,22.5142542561939));
#3080=CARTESIAN_POINT('Ctrl Pts',(-1.82035848987717,1.61787115427378,22.392972951795));
#3081=CARTESIAN_POINT('Ctrl Pts',(-1.99090733334091,1.36797539076451,22.4090961179398));
#3082=CARTESIAN_POINT('Ctrl Pts',(-2.11255769021312,1.08744541927882,22.4254617637551));
#3083=CARTESIAN_POINT('Ctrl Pts',(-2.17520462223655,0.791032567372293,22.4424583496071));
#3084=CARTESIAN_POINT('Ctrl Pts',(-1.81969430468246,1.60901921423012,22.2612941907665));
#3085=CARTESIAN_POINT('Ctrl Pts',(-1.9899391091918,1.35959032683258,22.2773875624859));
#3086=CARTESIAN_POINT('Ctrl Pts',(-2.11143061470086,1.07953216257022,22.2937262210031));
#3087=CARTESIAN_POINT('Ctrl Pts',(-2.17404934273796,0.783313817496267,22.3107116975809));
#3088=CARTESIAN_POINT('Ctrl Pts',(-1.77713572104038,1.5718610986862,22.1571649480974));
#3089=CARTESIAN_POINT('Ctrl Pts',(-1.94329119984067,1.32816587752462,22.1728836027096));
#3090=CARTESIAN_POINT('Ctrl Pts',(-2.06181623251389,1.05454873956361,22.1888450342797));
#3091=CARTESIAN_POINT('Ctrl Pts',(-2.12281109100079,0.765270948540888,22.2054313375415));
#3092=CARTESIAN_POINT('Ctrl Pts',(-1.67098947698435,1.49089512117484,22.0815730130827));
#3093=CARTESIAN_POINT('Ctrl Pts',(-1.82735003195754,1.26087646153618,22.096396844566));
#3094=CARTESIAN_POINT('Ctrl Pts',(-1.93854475259755,1.0030010023615,22.111434932912));
#3095=CARTESIAN_POINT('Ctrl Pts',(-1.99552018663658,0.730798764311262,22.1270390581932));
#3096=CARTESIAN_POINT('Ctrl Pts',(-1.52597557095758,1.38728678444988,22.0884350934789));
#3097=CARTESIAN_POINT('Ctrl Pts',(-1.66916856256798,1.17561833818603,22.102057685449));
#3098=CARTESIAN_POINT('Ctrl Pts',(-1.77042922550984,0.938967513891877,22.1158501694797));
#3099=CARTESIAN_POINT('Ctrl Pts',(-1.82192022572023,0.690001898578692,22.130117668863));
#3100=CARTESIAN_POINT('Ctrl Pts',(-1.39616020570235,1.30479494251491,22.2558483407186));
#3101=CARTESIAN_POINT('Ctrl Pts',(-1.52788876524066,1.10905041534777,22.2684275830191));
#3102=CARTESIAN_POINT('Ctrl Pts',(-1.62036034148292,0.891019124245027,22.2811263064973));
#3103=CARTESIAN_POINT('Ctrl Pts',(-1.6669558369183,0.662703152427607,22.2942058922532));
#3104=CARTESIAN_POINT('Ctrl Pts',(-1.42007647001072,1.33755051252794,22.5010514654143));
#3105=CARTESIAN_POINT('Ctrl Pts',(-1.55448804295435,1.13798617028674,22.5138793224483));
#3106=CARTESIAN_POINT('Ctrl Pts',(-1.64873144322403,0.915928854364107,22.5268125981066));
#3107=CARTESIAN_POINT('Ctrl Pts',(-1.6962602368424,0.683518278111586,22.540127567007));
#3108=CARTESIAN_POINT('Ctrl Pts',(-1.59202039545428,1.46869460952561,22.6233301222268));
#3109=CARTESIAN_POINT('Ctrl Pts',(-1.74227462611598,1.2470093700622,22.6376052951529));
#3110=CARTESIAN_POINT('Ctrl Pts',(-1.84842536823752,0.999378868745259,22.6520387677508));
#3111=CARTESIAN_POINT('Ctrl Pts',(-1.90245545667204,0.739349217690468,22.6669423732849));
#3112=CARTESIAN_POINT('Ctrl Pts',(-1.7183651235989,1.55543775939776,22.5619061618842));
#3113=CARTESIAN_POINT('Ctrl Pts',(-1.88004366736037,1.31784964238026,22.5772226866204));
#3114=CARTESIAN_POINT('Ctrl Pts',(-1.99472505592466,1.0520554551979,22.5927220195876));
#3115=CARTESIAN_POINT('Ctrl Pts',(-2.0535544366722,0.771723210560003,22.6087935116241));
#3116=CARTESIAN_POINT('Ctrl Pts',(-1.76104826514839,1.58255650440433,22.5067904932449));
#3117=CARTESIAN_POINT('Ctrl Pts',(-1.92644990555507,1.3397974543083,22.5224458291964));
#3118=CARTESIAN_POINT('Ctrl Pts',(-2.04408625931077,1.06773633326875,22.5383136318911));
#3119=CARTESIAN_POINT('Ctrl Pts',(-2.10450635552274,0.780694981525081,22.5547710799497));
#3120=CARTESIAN_POINT('',(-1.76104826514839,1.58255650440432,22.5067904932449));
#3121=CARTESIAN_POINT('Ctrl Pts',(-1.76104826514839,1.58255650440433,22.5067904932449));
#3122=CARTESIAN_POINT('Ctrl Pts',(-1.92644990555507,1.3397974543083,22.5224458291964));
#3123=CARTESIAN_POINT('Ctrl Pts',(-2.04408625931077,1.06773633326875,22.5383136318911));
#3124=CARTESIAN_POINT('Ctrl Pts',(-2.10450635552274,0.780694981525081,22.5547710799497));
#3125=CARTESIAN_POINT('Ctrl Pts',(-1.76104826514839,1.58255650440433,22.5067904932449));
#3126=CARTESIAN_POINT('Ctrl Pts',(-1.7183651235989,1.55543775939776,22.5619061618842));
#3127=CARTESIAN_POINT('Ctrl Pts',(-1.59202039545428,1.46869460952561,22.6233301222268));
#3128=CARTESIAN_POINT('Ctrl Pts',(-1.42007647001072,1.33755051252794,22.5010514654143));
#3129=CARTESIAN_POINT('Ctrl Pts',(-1.39616020570235,1.30479494251491,22.2558483407186));
#3130=CARTESIAN_POINT('Ctrl Pts',(-1.52597557095758,1.38728678444988,22.0884350934789));
#3131=CARTESIAN_POINT('Ctrl Pts',(-1.67098947698435,1.49089512117484,22.0815730130827));
#3132=CARTESIAN_POINT('Ctrl Pts',(-1.77713572104038,1.5718610986862,22.1571649480974));
#3133=CARTESIAN_POINT('Ctrl Pts',(-1.81969430468246,1.60901921423012,22.2612941907665));
#3134=CARTESIAN_POINT('Ctrl Pts',(-1.82035848987717,1.61787115427378,22.392972951795));
#3135=CARTESIAN_POINT('Ctrl Pts',(-1.79306062131051,1.60289556315925,22.4654537417655));
#3136=CARTESIAN_POINT('Ctrl Pts',(-1.76104826514839,1.58255650440433,22.5067904932449));
#3137=CARTESIAN_POINT('Ctrl Pts',(-1.1032648688015,2.22783170716444,22.458545540473));
#3138=CARTESIAN_POINT('Ctrl Pts',(-1.36240008288009,2.05719062606494,22.4743172082307));
#3139=CARTESIAN_POINT('Ctrl Pts',(-1.58656554982741,1.83864379667876,22.4902756296719));
#3140=CARTESIAN_POINT('Ctrl Pts',(-1.76104826514839,1.58255650440433,22.5067904932449));
#3141=CARTESIAN_POINT('Ctrl Pts',(-1.12461102749737,2.25815008575422,22.4164464584216));
#3142=CARTESIAN_POINT('Ctrl Pts',(-1.38781785057319,2.08497972575073,22.4324612402219));
#3143=CARTESIAN_POINT('Ctrl Pts',(-1.61556689310294,1.86316525666202,22.448664843854));
#3144=CARTESIAN_POINT('Ctrl Pts',(-1.79306062131051,1.60289556315925,22.4654537417655));
#3145=CARTESIAN_POINT('Ctrl Pts',(-1.14322101513368,2.28123333475771,22.3433455648575));
#3146=CARTESIAN_POINT('Ctrl Pts',(-1.40959458492322,2.10610797076584,22.3595490340111));
#3147=CARTESIAN_POINT('Ctrl Pts',(-1.64045404483871,1.88147574465648,22.375965281791));
#3148=CARTESIAN_POINT('Ctrl Pts',(-1.82035847113786,1.61787113939801,22.3929729293021));
#3149=CARTESIAN_POINT('Ctrl Pts',(-1.14422877011421,2.2707434076322,22.2117893622774));
#3150=CARTESIAN_POINT('Ctrl Pts',(-1.40984848526121,2.09612826917343,22.2279464492663));
#3151=CARTESIAN_POINT('Ctrl Pts',(-1.64011025818268,1.87213183070371,22.2443179377011));
#3152=CARTESIAN_POINT('Ctrl Pts',(-1.81969429331024,1.60901920594081,22.2612941887234));
#3153=CARTESIAN_POINT('Ctrl Pts',(-1.11759148612099,2.21860078916316,22.1088017118056));
#3154=CARTESIAN_POINT('Ctrl Pts',(-1.37700170231636,2.04789328327803,22.1245863890961));
#3155=CARTESIAN_POINT('Ctrl Pts',(-1.60185928288528,1.8289339849959,22.1405834366217));
#3156=CARTESIAN_POINT('Ctrl Pts',(-1.77713570938037,1.57186109141541,22.157164965314));
#3157=CARTESIAN_POINT('Ctrl Pts',(-1.04913966643559,2.10224950881815,22.0359087179501));
#3158=CARTESIAN_POINT('Ctrl Pts',(-1.294086704754,1.9405933883582,22.0508276203522));
#3159=CARTESIAN_POINT('Ctrl Pts',(-1.50603062529531,1.73356163759294,22.0659340584916));
#3160=CARTESIAN_POINT('Ctrl Pts',(-1.67098946022697,1.49089510880748,22.0815730076704));
#3161=CARTESIAN_POINT('Ctrl Pts',(-0.954417378622129,1.95148791794185,22.0463693400352));
#3162=CARTESIAN_POINT('Ctrl Pts',(-1.18017703965184,1.80180743572007,22.0601407278299));
#3163=CARTESIAN_POINT('Ctrl Pts',(-1.37488684411167,1.61062407392344,22.074061457344));
#3164=CARTESIAN_POINT('Ctrl Pts',(-1.52597558795786,1.38728679498327,22.0884350673174));
#3165=CARTESIAN_POINT('Ctrl Pts',(-0.86785752869772,1.82852596643819,22.2168741561579));
#3166=CARTESIAN_POINT('Ctrl Pts',(-1.07729189034531,1.68898618620366,22.2296707854131));
#3167=CARTESIAN_POINT('Ctrl Pts',(-1.25714739442826,1.51135895405407,22.2425737341617));
#3168=CARTESIAN_POINT('Ctrl Pts',(-1.39616020559704,1.3047949420693,22.2558483349005));
#3169=CARTESIAN_POINT('Ctrl Pts',(-0.880783322006456,1.87171783207817,22.4612854911873));
#3170=CARTESIAN_POINT('Ctrl Pts',(-1.09470895962106,1.72930053964006,22.4743531522557));
#3171=CARTESIAN_POINT('Ctrl Pts',(-1.27823725156188,1.54813850431632,22.4875150092421));
#3172=CARTESIAN_POINT('Ctrl Pts',(-1.42007646757503,1.33755051386673,22.5010515139383));
#3173=CARTESIAN_POINT('Ctrl Pts',(-0.991668743309888,2.06017989771269,22.5791922164946));
#3174=CARTESIAN_POINT('Ctrl Pts',(-1.22898721245251,1.90312289337514,22.593660185358));
#3175=CARTESIAN_POINT('Ctrl Pts',(-1.4334931114195,1.70258388066661,22.6082690283186));
#3176=CARTESIAN_POINT('Ctrl Pts',(-1.59202036633345,1.46869458668474,22.6233300916124));
#3177=CARTESIAN_POINT('Ctrl Pts',(-1.07480332387367,2.18740720237808,22.514677649875));
#3178=CARTESIAN_POINT('Ctrl Pts',(-1.32863967792098,2.0200572190655,22.5301329428568));
#3179=CARTESIAN_POINT('Ctrl Pts',(-1.54780408975157,1.80607831383179,22.5457481839745));
#3180=CARTESIAN_POINT('Ctrl Pts',(-1.7183651235989,1.55543775939776,22.5619061618842));
#3181=CARTESIAN_POINT('Ctrl Pts',(-1.1032648688015,2.22783170716444,22.458545540473));
#3182=CARTESIAN_POINT('Ctrl Pts',(-1.36240008288009,2.05719062606494,22.4743172082307));
#3183=CARTESIAN_POINT('Ctrl Pts',(-1.58656554982741,1.83864379667876,22.4902756296719));
#3184=CARTESIAN_POINT('Ctrl Pts',(-1.76104826514839,1.58255650440433,22.5067904932449));
#3185=CARTESIAN_POINT('',(-1.1032648688015,2.22783170716444,22.458545540473));
#3186=CARTESIAN_POINT('Ctrl Pts',(-1.1032648688015,2.22783170716444,22.458545540473));
#3187=CARTESIAN_POINT('Ctrl Pts',(-1.36240008288009,2.05719062606494,22.4743172082307));
#3188=CARTESIAN_POINT('Ctrl Pts',(-1.58656554982741,1.83864379667876,22.4902756296719));
#3189=CARTESIAN_POINT('Ctrl Pts',(-1.76104826514839,1.58255650440433,22.5067904932449));
#3190=CARTESIAN_POINT('Ctrl Pts',(-1.1032648688015,2.22783170716444,22.458545540473));
#3191=CARTESIAN_POINT('Ctrl Pts',(-1.07480332387367,2.18740720237808,22.514677649875));
#3192=CARTESIAN_POINT('Ctrl Pts',(-0.991668743309888,2.06017989771269,22.5791922164946));
#3193=CARTESIAN_POINT('Ctrl Pts',(-0.880783322006456,1.87171783207817,22.4612854911873));
#3194=CARTESIAN_POINT('Ctrl Pts',(-0.86785752869772,1.82852596643819,22.2168741561579));
#3195=CARTESIAN_POINT('Ctrl Pts',(-0.954417378622129,1.95148791794185,22.0463693400352));
#3196=CARTESIAN_POINT('Ctrl Pts',(-1.04913966643559,2.10224950881815,22.0359087179501));
#3197=CARTESIAN_POINT('Ctrl Pts',(-1.11759148612099,2.21860078916316,22.1088017118056));
#3198=CARTESIAN_POINT('Ctrl Pts',(-1.14422877011421,2.2707434076322,22.2117893622774));
#3199=CARTESIAN_POINT('Ctrl Pts',(-1.14322101513368,2.28123333475771,22.3433455648575));
#3200=CARTESIAN_POINT('Ctrl Pts',(-1.12461102749737,2.25815008575422,22.4164464584216));
#3201=CARTESIAN_POINT('Ctrl Pts',(-1.1032648688015,2.22783170716444,22.458545540473));
#3202=CARTESIAN_POINT('Ctrl Pts',(-0.205951844363399,2.59214280983285,22.4100949812422));
#3203=CARTESIAN_POINT('Ctrl Pts',(-0.526035244299388,2.52987527310669,22.4259600747709));
#3204=CARTESIAN_POINT('Ctrl Pts',(-0.831236526204284,2.40696294039166,22.4419891621538));
#3205=CARTESIAN_POINT('Ctrl Pts',(-1.1032648688015,2.22783170716444,22.458545540473));
#3206=CARTESIAN_POINT('Ctrl Pts',(-0.213948396495182,2.62750498915545,22.3672841565769));
#3207=CARTESIAN_POINT('Ctrl Pts',(-0.538663358940033,2.56446588583028,22.3833772024478));
#3208=CARTESIAN_POINT('Ctrl Pts',(-0.848314299350394,2.43993283064323,22.3996352132466));
#3209=CARTESIAN_POINT('Ctrl Pts',(-1.12461102749737,2.25815008575422,22.4164464584216));
#3210=CARTESIAN_POINT('Ctrl Pts',(-0.221978475292262,2.6545603478285,22.2936198553133));
#3211=CARTESIAN_POINT('Ctrl Pts',(-0.550189942989729,2.59095206257411,22.3098848004313));
#3212=CARTESIAN_POINT('Ctrl Pts',(-0.863604631828143,2.46506554990987,22.3263365755873));
#3213=CARTESIAN_POINT('Ctrl Pts',(-1.14322104711759,2.28123339139487,22.3433456236144));
#3214=CARTESIAN_POINT('Ctrl Pts',(-0.226124086954902,2.64279476563582,22.1622330664928));
#3215=CARTESIAN_POINT('Ctrl Pts',(-0.553113817637551,2.57943580177505,22.1784372309574));
#3216=CARTESIAN_POINT('Ctrl Pts',(-0.865403024118292,2.45404047361511,22.1948289646122));
#3217=CARTESIAN_POINT('Ctrl Pts',(-1.14422878985122,2.27074343967746,22.2117893669616));
#3218=CARTESIAN_POINT('Ctrl Pts',(-0.220668274924369,2.58254116804121,22.0603772731124));
#3219=CARTESIAN_POINT('Ctrl Pts',(-0.540157656542133,2.52048660976802,22.0762115117393));
#3220=CARTESIAN_POINT('Ctrl Pts',(-0.84527577278398,2.3978010854639,22.0922317012878));
#3221=CARTESIAN_POINT('Ctrl Pts',(-1.11759150692141,2.21860081818343,22.1088016650986));
#3222=CARTESIAN_POINT('Ctrl Pts',(-0.201071270022114,2.44758687599014,21.9900925462312));
#3223=CARTESIAN_POINT('Ctrl Pts',(-0.503527543992384,2.38844287794578,22.0050874266843));
#3224=CARTESIAN_POINT('Ctrl Pts',(-0.79198670649188,2.27196062617381,22.0202464302563));
#3225=CARTESIAN_POINT('Ctrl Pts',(-1.04913969546764,2.10224955654712,22.0359087312761));
#3226=CARTESIAN_POINT('Ctrl Pts',(-0.170715658841638,2.27238331330315,22.0039879326734));
#3227=CARTESIAN_POINT('Ctrl Pts',(-0.450855381185969,2.21701866460476,22.0178835803535));
#3228=CARTESIAN_POINT('Ctrl Pts',(-0.717379529494157,2.10864423416765,22.0319101272255));
#3229=CARTESIAN_POINT('Ctrl Pts',(-0.954417348228557,1.95148787578107,22.0463694109314));
#3230=CARTESIAN_POINT('Ctrl Pts',(-0.138295296805489,2.12896607769936,22.1773791759226));
#3231=CARTESIAN_POINT('Ctrl Pts',(-0.399869386097186,2.07669364948165,22.1903610845282));
#3232=CARTESIAN_POINT('Ctrl Pts',(-0.647933989012503,1.97505155660996,22.203436768785));
#3233=CARTESIAN_POINT('Ctrl Pts',(-0.867857528722758,1.82852596790624,22.2168741716778));
#3234=CARTESIAN_POINT('Ctrl Pts',(-0.135288180045135,2.17836539665782,22.4209363713732));
#3235=CARTESIAN_POINT('Ctrl Pts',(-0.402731530665789,2.1250196165922,22.4342085057541));
#3236=CARTESIAN_POINT('Ctrl Pts',(-0.656150697828719,2.02126049574595,22.4475637800583));
#3237=CARTESIAN_POINT('Ctrl Pts',(-0.880783327654195,1.87171782920183,22.4612853616023));
#3238=CARTESIAN_POINT('Ctrl Pts',(-0.167038499248483,2.39696068550943,22.534618527981));
#3239=CARTESIAN_POINT('Ctrl Pts',(-0.46203083471396,2.33890748411241,22.5492482215566));
#3240=CARTESIAN_POINT('Ctrl Pts',(-0.742511847880449,2.22507048054882,22.5640026572776));
#3241=CARTESIAN_POINT('Ctrl Pts',(-0.991668793135059,2.0601799848598,22.5791922962519));
#3242=CARTESIAN_POINT('Ctrl Pts',(-0.195289774854355,2.54499323740273,22.4671760807959));
#3243=CARTESIAN_POINT('Ctrl Pts',(-0.509350342276091,2.48372843877722,22.482744756126));
#3244=CARTESIAN_POINT('Ctrl Pts',(-0.808329924873114,2.36308829170428,22.4984529404957));
#3245=CARTESIAN_POINT('Ctrl Pts',(-1.07480332387367,2.18740720237808,22.514677649875));
#3246=CARTESIAN_POINT('Ctrl Pts',(-0.205951844363399,2.59214280983285,22.4100949812422));
#3247=CARTESIAN_POINT('Ctrl Pts',(-0.526035244299388,2.52987527310669,22.4259600747709));
#3248=CARTESIAN_POINT('Ctrl Pts',(-0.831236526204284,2.40696294039166,22.4419891621538));
#3249=CARTESIAN_POINT('Ctrl Pts',(-1.1032648688015,2.22783170716444,22.458545540473));
#3250=CARTESIAN_POINT('',(-0.205951844363399,2.59214280983285,22.4100949812422));
#3251=CARTESIAN_POINT('Ctrl Pts',(-0.205951844363399,2.59214280983285,22.4100949812422));
#3252=CARTESIAN_POINT('Ctrl Pts',(-0.526035244299388,2.52987527310669,22.4259600747709));
#3253=CARTESIAN_POINT('Ctrl Pts',(-0.831236526204284,2.40696294039166,22.4419891621538));
#3254=CARTESIAN_POINT('Ctrl Pts',(-1.1032648688015,2.22783170716444,22.458545540473));
#3255=CARTESIAN_POINT('Ctrl Pts',(-0.205951844363399,2.59214280983285,22.4100949812422));
#3256=CARTESIAN_POINT('Ctrl Pts',(-0.195289774854355,2.54499323740273,22.4671760807959));
#3257=CARTESIAN_POINT('Ctrl Pts',(-0.167038499248483,2.39696068550943,22.534618527981));
#3258=CARTESIAN_POINT('Ctrl Pts',(-0.135288180045135,2.17836539665782,22.4209363713732));
#3259=CARTESIAN_POINT('Ctrl Pts',(-0.138295296805489,2.12896607769936,22.1773791759226));
#3260=CARTESIAN_POINT('Ctrl Pts',(-0.170715658841638,2.27238331330315,22.0039879326734));
#3261=CARTESIAN_POINT('Ctrl Pts',(-0.201071270022114,2.44758687599014,21.9900925462312));
#3262=CARTESIAN_POINT('Ctrl Pts',(-0.220668274924369,2.58254116804121,22.0603772731124));
#3263=CARTESIAN_POINT('Ctrl Pts',(-0.226124086954902,2.64279476563582,22.1622330664928));
#3264=CARTESIAN_POINT('Ctrl Pts',(-0.221978475292262,2.6545603478285,22.2936198553133));
#3265=CARTESIAN_POINT('Ctrl Pts',(-0.213948396495182,2.62750498915545,22.3672841565769));
#3266=CARTESIAN_POINT('Ctrl Pts',(-0.205951844363399,2.59214280983285,22.4100949812422));
#3267=CARTESIAN_POINT('Ctrl Pts',(0.807641549526752,2.58775549774829,22.3614817674343));
#3268=CARTESIAN_POINT('Ctrl Pts',(0.473031983590545,2.6548617133385,22.3774230788659));
#3269=CARTESIAN_POINT('Ctrl Pts',(0.128691974821379,2.65724286283603,22.3935081932638));
#3270=CARTESIAN_POINT('Ctrl Pts',(-0.205951844363399,2.59214280983285,22.4100949812422));
#3271=CARTESIAN_POINT('Ctrl Pts',(0.813585249884697,2.6227062752154,22.3180040620963));
#3272=CARTESIAN_POINT('Ctrl Pts',(0.474493218761086,2.69084120794835,22.3341597321308));
#3273=CARTESIAN_POINT('Ctrl Pts',(0.12553159786223,2.69341068986637,22.3504593415526));
#3274=CARTESIAN_POINT('Ctrl Pts',(-0.213948396495181,2.62750498915545,22.3672841565769));
#3275=CARTESIAN_POINT('Ctrl Pts',(0.816292568432791,2.64941261742795,22.2438262758043));
#3276=CARTESIAN_POINT('Ctrl Pts',(0.473920523526564,2.71831660929631,22.2601388796182));
#3277=CARTESIAN_POINT('Ctrl Pts',(0.12115232662086,2.72106036140049,22.2766155707368));
#3278=CARTESIAN_POINT('Ctrl Pts',(-0.221978478130635,2.65456036990471,22.293619874671));
#3279=CARTESIAN_POINT('Ctrl Pts',(0.807764396291816,2.63766188527495,22.1126496817484));
#3280=CARTESIAN_POINT('Ctrl Pts',(0.466932701235879,2.70626851419019,22.1288888932896));
#3281=CARTESIAN_POINT('Ctrl Pts',(0.11573044329559,2.70903432292043,22.1452922573093));
#3282=CARTESIAN_POINT('Ctrl Pts',(-0.226124089013077,2.64279477813985,22.1622330678175));
#3283=CARTESIAN_POINT('Ctrl Pts',(0.789774210850049,2.57796281197155,22.0119161616174));
#3284=CARTESIAN_POINT('Ctrl Pts',(0.456630782049529,2.64487234582455,22.0277880315769));
#3285=CARTESIAN_POINT('Ctrl Pts',(0.113353882305174,2.64741856639373,22.0438227536838));
#3286=CARTESIAN_POINT('Ctrl Pts',(-0.220668277599015,2.58254117941676,22.0603772571525));
#3287=CARTESIAN_POINT('Ctrl Pts',(0.756580503706992,2.44438279551521,21.9441577777079));
#3288=CARTESIAN_POINT('Ctrl Pts',(0.440492729781818,2.50746763205922,21.9592144493086));
#3289=CARTESIAN_POINT('Ctrl Pts',(0.115164396715668,2.50942497874712,21.9744145440122));
#3290=CARTESIAN_POINT('Ctrl Pts',(-0.201071272990532,2.44758689463425,21.990092550355));
#3291=CARTESIAN_POINT('Ctrl Pts',(0.718216360084933,2.27105142951634,21.9613413930906));
#3292=CARTESIAN_POINT('Ctrl Pts',(0.424208701302417,2.32914452033914,21.9753425216786));
#3293=CARTESIAN_POINT('Ctrl Pts',(0.122216808716417,2.33027494123395,21.9894578012264));
#3294=CARTESIAN_POINT('Ctrl Pts',(-0.170715654899993,2.27238329672369,22.0039879568636));
#3295=CARTESIAN_POINT('Ctrl Pts',(0.694100111241202,2.12930252284905,22.1374372443603));
#3296=CARTESIAN_POINT('Ctrl Pts',(0.418055686307913,2.18327234222326,22.1505793390087));
#3297=CARTESIAN_POINT('Ctrl Pts',(0.135251350832422,2.18362891635772,22.1638031483314));
#3298=CARTESIAN_POINT('Ctrl Pts',(-0.138295296658694,2.1289660782728,22.1773791811439));
#3299=CARTESIAN_POINT('Ctrl Pts',(0.716048681540566,2.17838131114773,22.3800870986046));
#3300=CARTESIAN_POINT('Ctrl Pts',(0.433576698291292,2.23370903625886,22.393536006268));
#3301=CARTESIAN_POINT('Ctrl Pts',(0.14438819101766,2.23414923173544,22.407057186921));
#3302=CARTESIAN_POINT('Ctrl Pts',(-0.135288181913507,2.17836539565507,22.4209363277582));
#3303=CARTESIAN_POINT('Ctrl Pts',(0.769807622079806,2.39475049545568,22.4896772420542));
#3304=CARTESIAN_POINT('Ctrl Pts',(0.459750629577433,2.45626417219881,22.504444613297));
#3305=CARTESIAN_POINT('Ctrl Pts',(0.141405358157944,2.45766019984528,22.5193217864847));
#3306=CARTESIAN_POINT('Ctrl Pts',(-0.167038503783894,2.39696071948502,22.5346185541971));
#3307=CARTESIAN_POINT('Ctrl Pts',(0.799716615716159,2.54115446112547,22.4194520412183));
#3308=CARTESIAN_POINT('Ctrl Pts',(0.470931319297931,2.60692328422276,22.435114823308));
#3309=CARTESIAN_POINT('Ctrl Pts',(0.13306514311895,2.60904626151808,22.4508988113272));
#3310=CARTESIAN_POINT('Ctrl Pts',(-0.195289774854356,2.54499323740273,22.4671760807959));
#3311=CARTESIAN_POINT('Ctrl Pts',(0.807641549526752,2.58775549774829,22.3614817674343));
#3312=CARTESIAN_POINT('Ctrl Pts',(0.473031983590545,2.6548617133385,22.3774230788659));
#3313=CARTESIAN_POINT('Ctrl Pts',(0.128691974821379,2.65724286283603,22.3935081932638));
#3314=CARTESIAN_POINT('Ctrl Pts',(-0.205951844363399,2.59214280983285,22.4100949812422));
#3315=CARTESIAN_POINT('',(0.807641549526752,2.58775549774829,22.3614817674343));
#3316=CARTESIAN_POINT('Ctrl Pts',(0.807641549526752,2.58775549774829,22.3614817674343));
#3317=CARTESIAN_POINT('Ctrl Pts',(0.473031983590545,2.6548617133385,22.3774230788659));
#3318=CARTESIAN_POINT('Ctrl Pts',(0.128691974821379,2.65724286283603,22.3935081932638));
#3319=CARTESIAN_POINT('Ctrl Pts',(-0.205951844363399,2.59214280983285,22.4100949812422));
#3320=CARTESIAN_POINT('Ctrl Pts',(0.807641549526752,2.58775549774829,22.3614817674343));
#3321=CARTESIAN_POINT('Ctrl Pts',(0.799716615716159,2.54115446112547,22.4194520412183));
#3322=CARTESIAN_POINT('Ctrl Pts',(0.769807622079806,2.39475049545568,22.4896772420542));
#3323=CARTESIAN_POINT('Ctrl Pts',(0.716048681540566,2.17838131114773,22.3800870986046));
#3324=CARTESIAN_POINT('Ctrl Pts',(0.694100111241202,2.12930252284905,22.1374372443603));
#3325=CARTESIAN_POINT('Ctrl Pts',(0.718216360084933,2.27105142951634,21.9613413930906));
#3326=CARTESIAN_POINT('Ctrl Pts',(0.756580503706992,2.44438279551521,21.9441577777079));
#3327=CARTESIAN_POINT('Ctrl Pts',(0.789774210850049,2.57796281197155,22.0119161616174));
#3328=CARTESIAN_POINT('Ctrl Pts',(0.807764396291816,2.63766188527495,22.1126496817484));
#3329=CARTESIAN_POINT('Ctrl Pts',(0.816292568432791,2.64941261742795,22.2438262758043));
#3330=CARTESIAN_POINT('Ctrl Pts',(0.813585249884697,2.6227062752154,22.3180040620963));
#3331=CARTESIAN_POINT('Ctrl Pts',(0.807641549526752,2.58775549774829,22.3614817674343));
#3332=CARTESIAN_POINT('Ctrl Pts',(1.78367604680625,2.18171600380505,22.312737915414));
#3333=CARTESIAN_POINT('Ctrl Pts',(1.48751638373892,2.37910614647827,22.3287422840737));
#3334=CARTESIAN_POINT('Ctrl Pts',(1.15627196271174,2.51783739004853,22.3448724813981));
#3335=CARTESIAN_POINT('Ctrl Pts',(0.807641549526752,2.58775549774829,22.3614817674343));
#3336=CARTESIAN_POINT('Ctrl Pts',(1.80206618041591,2.211106410173,22.2686334680158));
#3337=CARTESIAN_POINT('Ctrl Pts',(1.50224753163102,2.41108765377571,22.2848390024104));
#3338=CARTESIAN_POINT('Ctrl Pts',(1.16685935588142,2.55172242012826,22.3011727023302));
#3339=CARTESIAN_POINT('Ctrl Pts',(0.813585249884697,2.6227062752154,22.3180040620963));
#3340=CARTESIAN_POINT('Ctrl Pts',(1.81414203710825,2.23371385495092,22.1938936948539));
#3341=CARTESIAN_POINT('Ctrl Pts',(1.51168168708934,2.43558859629114,22.2102449581565));
#3342=CARTESIAN_POINT('Ctrl Pts',(1.17305427432939,2.57773723329441,22.2267383556842));
#3343=CARTESIAN_POINT('Ctrl Pts',(0.816315703384655,2.64953309907139,22.2437354771359));
#3344=CARTESIAN_POINT('Ctrl Pts',(1.80243057690155,2.2251176954258,22.0819351931911));
#3345=CARTESIAN_POINT('Ctrl Pts',(1.50136471210758,2.42607256882456,22.0982112501859));
#3346=CARTESIAN_POINT('Ctrl Pts',(1.1642445003604,2.56761799361519,22.1146316876055));
#3347=CARTESIAN_POINT('Ctrl Pts',(0.808943743580498,2.6391340448019,22.1315602916791));
#3348=CARTESIAN_POINT('Ctrl Pts',(1.76989003368353,2.18623255123802,21.9784277984112));
#3349=CARTESIAN_POINT('Ctrl Pts',(1.47407587631626,2.38355613738794,21.9944170178335));
#3350=CARTESIAN_POINT('Ctrl Pts',(1.14284299450158,2.52251307066819,22.0105496564632));
#3351=CARTESIAN_POINT('Ctrl Pts',(0.793776861417994,2.59266330103779,22.0271804189783));
#3352=CARTESIAN_POINT('Ctrl Pts',(1.68986120330363,2.0781874129155,21.895627905873));
#3353=CARTESIAN_POINT('Ctrl Pts',(1.40806364501794,2.26571727216329,21.9108493653394));
#3354=CARTESIAN_POINT('Ctrl Pts',(1.09280089493226,2.3975162748859,21.9261994900647));
#3355=CARTESIAN_POINT('Ctrl Pts',(0.760875188729435,2.4638306878509,21.9420110258539));
#3356=CARTESIAN_POINT('Ctrl Pts',(1.57737731220758,1.91625462056058,21.91860512242));
#3357=CARTESIAN_POINT('Ctrl Pts',(1.31617822628951,2.08931576228428,21.932696656573));
#3358=CARTESIAN_POINT('Ctrl Pts',(1.0245627542282,2.21041540155426,21.946886773352));
#3359=CARTESIAN_POINT('Ctrl Pts',(0.718199646475271,2.27095064695366,21.9614762613524));
#3360=CARTESIAN_POINT('Ctrl Pts',(1.50285880749037,1.79718220316985,22.0970408680033));
#3361=CARTESIAN_POINT('Ctrl Pts',(1.25637451338039,1.95982219865367,22.1103233846548));
#3362=CARTESIAN_POINT('Ctrl Pts',(0.981791891390366,2.07310296872117,22.1236765632285));
#3363=CARTESIAN_POINT('Ctrl Pts',(0.694108069782311,2.12935056599261,22.1373727548783));
#3364=CARTESIAN_POINT('Ctrl Pts',(1.54378970643152,1.83802828979641,22.3388418693823));
#3365=CARTESIAN_POINT('Ctrl Pts',(1.29140364946087,2.0046830546137,22.3524453031477));
#3366=CARTESIAN_POINT('Ctrl Pts',(1.01041025724538,2.12069381498429,22.3661106295792));
#3367=CARTESIAN_POINT('Ctrl Pts',(0.716044021614139,2.17835299367018,22.3801258015072));
#3368=CARTESIAN_POINT('Ctrl Pts',(1.6765502797466,2.01956362811773,22.4443970590089));
#3369=CARTESIAN_POINT('Ctrl Pts',(1.40075209186393,2.20259428676903,22.4592832668056));
#3370=CARTESIAN_POINT('Ctrl Pts',(1.09289139714467,2.33066907422833,22.4742655504365));
#3371=CARTESIAN_POINT('Ctrl Pts',(0.769810401476401,2.3947675735926,22.4896532087486));
#3372=CARTESIAN_POINT('Ctrl Pts',(1.75915586866004,2.14252879531446,22.3715438452784));
#3373=CARTESIAN_POINT('Ctrl Pts',(1.46776951188341,2.33653774266969,22.3872857630666));
#3374=CARTESIAN_POINT('Ctrl Pts',(1.14228426401237,2.47262851924566,22.403132696267));
#3375=CARTESIAN_POINT('Ctrl Pts',(0.79971661571616,2.54115446112547,22.4194520412183));
#3376=CARTESIAN_POINT('Ctrl Pts',(1.78367604680625,2.18171600380505,22.312737915414));
#3377=CARTESIAN_POINT('Ctrl Pts',(1.48751638373892,2.37910614647827,22.3287422840737));
#3378=CARTESIAN_POINT('Ctrl Pts',(1.15627196271174,2.51783739004853,22.3448724813981));
#3379=CARTESIAN_POINT('Ctrl Pts',(0.807641549526752,2.58775549774829,22.3614817674343));
#3380=CARTESIAN_POINT('',(1.78367604680625,2.18171600380505,22.312737915414));
#3381=CARTESIAN_POINT('Ctrl Pts',(1.78367604680625,2.18171600380505,22.312737915414));
#3382=CARTESIAN_POINT('Ctrl Pts',(1.48751638373892,2.37910614647827,22.3287422840737));
#3383=CARTESIAN_POINT('Ctrl Pts',(1.15627196271174,2.51783739004853,22.3448724813981));
#3384=CARTESIAN_POINT('Ctrl Pts',(0.807641549526752,2.58775549774829,22.3614817674343));
#3385=CARTESIAN_POINT('Ctrl Pts',(1.78367604680625,2.18171600380505,22.312737915414));
#3386=CARTESIAN_POINT('Ctrl Pts',(1.75915586866004,2.14252879531446,22.3715438452784));
#3387=CARTESIAN_POINT('Ctrl Pts',(1.6765502797466,2.01956362811773,22.4443970590089));
#3388=CARTESIAN_POINT('Ctrl Pts',(1.54378970643152,1.83802828979641,22.3388418693823));
#3389=CARTESIAN_POINT('Ctrl Pts',(1.50285880749037,1.79718220316985,22.0970408680033));
#3390=CARTESIAN_POINT('Ctrl Pts',(1.57737731220758,1.91625462056058,21.91860512242));
#3391=CARTESIAN_POINT('Ctrl Pts',(1.68986120330363,2.0781874129155,21.895627905873));
#3392=CARTESIAN_POINT('Ctrl Pts',(1.76989003368353,2.18623255123802,21.9784277984112));
#3393=CARTESIAN_POINT('Ctrl Pts',(1.80243057690155,2.2251176954258,22.0819351931911));
#3394=CARTESIAN_POINT('Ctrl Pts',(1.81414203710825,2.23371385495092,22.1938936948539));
#3395=CARTESIAN_POINT('Ctrl Pts',(1.80206618041591,2.211106410173,22.2686334680158));
#3396=CARTESIAN_POINT('Ctrl Pts',(1.78367604680625,2.18171600380505,22.312737915414));
#3397=CARTESIAN_POINT('Ctrl Pts',(2.56196087093893,1.40550915892061,22.2638877159261));
#3398=CARTESIAN_POINT('Ctrl Pts',(2.35514293900656,1.71238590532399,22.2799449107448));
#3399=CARTESIAN_POINT('Ctrl Pts',(2.09133983397676,1.97665837301229,22.2961118677541));
#3400=CARTESIAN_POINT('Ctrl Pts',(1.78367604680625,2.18171600380505,22.312737915414));
#3401=CARTESIAN_POINT('Ctrl Pts',(2.58953276748381,1.42524088937778,22.2191926981384));
#3402=CARTESIAN_POINT('Ctrl Pts',(2.38036746330927,1.73582775069676,22.235439947874));
#3403=CARTESIAN_POINT('Ctrl Pts',(2.11352692890297,2.00335996347958,22.2517986635818));
#3404=CARTESIAN_POINT('Ctrl Pts',(1.80206618041591,2.211106410173,22.2686334680158));
#3405=CARTESIAN_POINT('Ctrl Pts',(2.60828058682377,1.44075870465904,22.1440217592507));
#3406=CARTESIAN_POINT('Ctrl Pts',(2.39748354615953,1.75396455485211,22.1604024792533));
#3407=CARTESIAN_POINT('Ctrl Pts',(2.12834388199261,2.02400256749021,22.1769076697848));
#3408=CARTESIAN_POINT('Ctrl Pts',(1.81414199824178,2.23371379969065,22.1938936932141));
#3409=CARTESIAN_POINT('Ctrl Pts',(2.59268845436839,1.43602761176721,22.0323066606247));
#3410=CARTESIAN_POINT('Ctrl Pts',(2.38297306996239,1.74764249370664,22.0486038318608));
#3411=CARTESIAN_POINT('Ctrl Pts',(2.11518485081241,2.01636137285369,22.0650272190913));
#3412=CARTESIAN_POINT('Ctrl Pts',(1.80243057407451,2.22511769296661,22.0819351714811));
#3413=CARTESIAN_POINT('Ctrl Pts',(2.54645048936372,1.41126969080533,21.9296722941238));
#3414=CARTESIAN_POINT('Ctrl Pts',(2.34034679277567,1.71732997967095,21.9456822673632));
#3415=CARTESIAN_POINT('Ctrl Pts',(2.07719386444106,1.98124491036728,21.9618175481356));
#3416=CARTESIAN_POINT('Ctrl Pts',(1.76989002721615,2.18623254159655,21.9784278043121));
#3417=CARTESIAN_POINT('Ctrl Pts',(2.43032292682832,1.34077209756171,21.8491821112718));
#3418=CARTESIAN_POINT('Ctrl Pts',(2.23357669120911,1.63227424229379,21.8644423238615));
#3419=CARTESIAN_POINT('Ctrl Pts',(1.9826188394693,1.88336353459914,21.8798144118583));
#3420=CARTESIAN_POINT('Ctrl Pts',(1.68986119895216,2.07818740828741,21.8956278841189));
#3421=CARTESIAN_POINT('Ctrl Pts',(2.26514390502293,1.23388864322666,21.8755377837906));
#3422=CARTESIAN_POINT('Ctrl Pts',(2.08193877203079,1.50419557951023,21.8897086703738));
#3423=CARTESIAN_POINT('Ctrl Pts',(1.84875880248544,1.73644572746951,21.903964243843));
#3424=CARTESIAN_POINT('Ctrl Pts',(1.57737731414532,1.91625462450819,21.9186051059999));
#3425=CARTESIAN_POINT('Ctrl Pts',(2.15342398353671,1.15394950362878,22.0563663109445));
#3426=CARTESIAN_POINT('Ctrl Pts',(1.979656418765,1.40933840015747,22.0697730311821));
#3427=CARTESIAN_POINT('Ctrl Pts',(1.75897063895679,1.62818745335031,22.0832395361773));
#3428=CARTESIAN_POINT('Ctrl Pts',(1.50285881091183,1.79718220914975,22.0970408527149));
#3429=CARTESIAN_POINT('Ctrl Pts',(2.21001691424295,1.17884745321199,22.2971750342432));
#3430=CARTESIAN_POINT('Ctrl Pts',(2.03200808595463,1.44065120757193,22.3109153495184));
#3431=CARTESIAN_POINT('Ctrl Pts',(1.80602715451622,1.66486649526517,22.3247075369249));
#3432=CARTESIAN_POINT('Ctrl Pts',(1.54378970793518,1.83802828642555,22.3388419456739));
#3433=CARTESIAN_POINT('Ctrl Pts',(2.40310853796728,1.29757569486288,22.3988683341275));
#3434=CARTESIAN_POINT('Ctrl Pts',(2.20951761711018,1.58365088712871,22.4138581440384));
#3435=CARTESIAN_POINT('Ctrl Pts',(1.96308428106346,1.8294072694871,22.4289313480803));
#3436=CARTESIAN_POINT('Ctrl Pts',(1.67655024630256,2.0195635834834,22.4443970172428));
#3437=CARTESIAN_POINT('Ctrl Pts',(2.52519834221243,1.37920018497772,22.3234810729764));
#3438=CARTESIAN_POINT('Ctrl Pts',(2.32143991825127,1.68123951897466,22.3392904958034));
#3439=CARTESIAN_POINT('Ctrl Pts',(2.06186636223811,1.94097986546627,22.355190151746));
#3440=CARTESIAN_POINT('Ctrl Pts',(1.75915586866004,2.14252879531446,22.3715438452784));
#3441=CARTESIAN_POINT('Ctrl Pts',(2.56196087093893,1.40550915892061,22.2638877159261));
#3442=CARTESIAN_POINT('Ctrl Pts',(2.35514293900656,1.71238590532399,22.2799449107448));
#3443=CARTESIAN_POINT('Ctrl Pts',(2.09133983397676,1.97665837301229,22.2961118677541));
#3444=CARTESIAN_POINT('Ctrl Pts',(1.78367604680625,2.18171600380505,22.312737915414));
#3445=CARTESIAN_POINT('',(2.56196087093893,1.40550915892061,22.2638877159261));
#3446=CARTESIAN_POINT('Ctrl Pts',(2.56196087093893,1.40550915892061,22.2638877159261));
#3447=CARTESIAN_POINT('Ctrl Pts',(2.35514293900656,1.71238590532399,22.2799449107448));
#3448=CARTESIAN_POINT('Ctrl Pts',(2.09133983397676,1.97665837301229,22.2961118677541));
#3449=CARTESIAN_POINT('Ctrl Pts',(1.78367604680625,2.18171600380505,22.312737915414));
#3450=CARTESIAN_POINT('Ctrl Pts',(2.56196087093893,1.40550915892061,22.2638877159261));
#3451=CARTESIAN_POINT('Ctrl Pts',(2.52519834221243,1.37920018497772,22.3234810729764));
#3452=CARTESIAN_POINT('Ctrl Pts',(2.40310853796728,1.29757569486288,22.3988683341275));
#3453=CARTESIAN_POINT('Ctrl Pts',(2.21001691424295,1.17884745321199,22.2971750342432));
#3454=CARTESIAN_POINT('Ctrl Pts',(2.15342398353671,1.15394950362878,22.0563663109445));
#3455=CARTESIAN_POINT('Ctrl Pts',(2.26514390502293,1.23388864322666,21.8755377837906));
#3456=CARTESIAN_POINT('Ctrl Pts',(2.43032292682832,1.34077209756171,21.8491821112718));
#3457=CARTESIAN_POINT('Ctrl Pts',(2.54645048936372,1.41126969080533,21.9296722941238));
#3458=CARTESIAN_POINT('Ctrl Pts',(2.59268845436839,1.43602761176721,22.0323066606247));
#3459=CARTESIAN_POINT('Ctrl Pts',(2.60828058682377,1.44075870465904,22.1440217592507));
#3460=CARTESIAN_POINT('Ctrl Pts',(2.58953276748381,1.42524088937778,22.2191926981384));
#3461=CARTESIAN_POINT('Ctrl Pts',(2.56196087093893,1.40550915892061,22.2638877159261));
#3462=CARTESIAN_POINT('Ctrl Pts',(3.00268715527904,0.354193194161741,22.2149498897868));
#3463=CARTESIAN_POINT('Ctrl Pts',(2.92523995384775,0.730074421191429,22.231051840059));
#3464=CARTESIAN_POINT('Ctrl Pts',(2.77626717893896,1.0875211492819,22.2472491289996));
#3465=CARTESIAN_POINT('Ctrl Pts',(2.56196087093893,1.40550915892061,22.2638877159261));
#3466=CARTESIAN_POINT('Ctrl Pts',(3.03496536943833,0.361775879641206,22.1696970992368));
#3467=CARTESIAN_POINT('Ctrl Pts',(2.95677551816788,0.741891048094941,22.1859789995345));
#3468=CARTESIAN_POINT('Ctrl Pts',(2.80626893571304,1.10341237626416,22.202357371842));
#3469=CARTESIAN_POINT('Ctrl Pts',(2.58953276748381,1.42524088937778,22.2191926981384));
#3470=CARTESIAN_POINT('Ctrl Pts',(3.05699526596239,0.368662692515603,22.0941311360404));
#3471=CARTESIAN_POINT('Ctrl Pts',(2.97832384526451,0.751663549522895,22.1105353941626));
#3472=CARTESIAN_POINT('Ctrl Pts',(2.82670580603982,1.11621942167415,22.127048278523));
#3473=CARTESIAN_POINT('Ctrl Pts',(2.60828069293151,1.44075877248341,22.1440217601268));
#3474=CARTESIAN_POINT('Ctrl Pts',(3.03899192052503,0.369669616227591,21.9826832933582));
#3475=CARTESIAN_POINT('Ctrl Pts',(2.96076562782611,0.750548915560563,21.9989965234553));
#3476=CARTESIAN_POINT('Ctrl Pts',(2.80999351722321,1.11313571824756,22.0154197341403));
#3477=CARTESIAN_POINT('Ctrl Pts',(2.59268846148488,1.43602761442598,22.0323067009684));
#3478=CARTESIAN_POINT('Ctrl Pts',(2.98518605065222,0.363817685238021,21.8809217599186));
#3479=CARTESIAN_POINT('Ctrl Pts',(2.90823585391082,0.73796142391267,21.8969476041449));
#3480=CARTESIAN_POINT('Ctrl Pts',(2.76001645123228,1.09412835398633,21.9130826506473));
#3481=CARTESIAN_POINT('Ctrl Pts',(2.54645050717574,1.41126970273225,21.9296722827311));
#3482=CARTESIAN_POINT('Ctrl Pts',(2.8497275130408,0.342268201620385,21.8026862856918));
#3483=CARTESIAN_POINT('Ctrl Pts',(2.77593878800336,0.69920079203383,21.817978949744));
#3484=CARTESIAN_POINT('Ctrl Pts',(2.63420183092258,1.03870165042567,21.8333687038288));
#3485=CARTESIAN_POINT('Ctrl Pts',(2.43032293813504,1.34077210290148,21.849182151595));
#3486=CARTESIAN_POINT('Ctrl Pts',(2.65679483340946,0.306172393269311,21.8322985235311));
#3487=CARTESIAN_POINT('Ctrl Pts',(2.58746979219889,0.638383273769831,21.8465389735196));
#3488=CARTESIAN_POINT('Ctrl Pts',(2.45500516490287,0.953759280595646,21.8608520536076));
#3489=CARTESIAN_POINT('Ctrl Pts',(2.2651438993008,1.23388863812577,21.8755378145051));
#3490=CARTESIAN_POINT('Ctrl Pts',(2.52600564748437,0.275458304830583,22.0153870193927));
#3491=CARTESIAN_POINT('Ctrl Pts',(2.45966503823409,0.590648984082757,22.0289040921107));
#3492=CARTESIAN_POINT('Ctrl Pts',(2.3335160349396,0.88926245131814,22.0424716213655));
#3493=CARTESIAN_POINT('Ctrl Pts',(2.15342397379985,1.15394949605369,22.0563663396644));
#3494=CARTESIAN_POINT('Ctrl Pts',(2.59165081548813,0.278168432705512,22.2551677426078));
#3495=CARTESIAN_POINT('Ctrl Pts',(2.5237179790924,0.601424069223023,22.2690296779429));
#3496=CARTESIAN_POINT('Ctrl Pts',(2.39450022870117,0.907518716972932,22.2829347788686));
#3497=CARTESIAN_POINT('Ctrl Pts',(2.21001691211992,1.17884745852599,22.2971748920415));
#3498=CARTESIAN_POINT('Ctrl Pts',(2.81694394196546,0.315242309471833,22.3531010067621));
#3499=CARTESIAN_POINT('Ctrl Pts',(2.74377188741359,0.667116138118065,22.3681818458768));
#3500=CARTESIAN_POINT('Ctrl Pts',(2.6037227767423,1.00112084871015,22.3833347735171));
#3501=CARTESIAN_POINT('Ctrl Pts',(2.40310862818329,1.29757574899524,22.3988684101941));
#3502=CARTESIAN_POINT('Ctrl Pts',(2.95964953639998,0.344082946855789,22.2752869438535));
#3503=CARTESIAN_POINT('Ctrl Pts',(2.88316877830383,0.714448257570104,22.291154470468));
#3504=CARTESIAN_POINT('Ctrl Pts',(2.73633763513443,1.06621958573099,22.3070989720683));
#3505=CARTESIAN_POINT('Ctrl Pts',(2.52519834221243,1.37920018497772,22.3234810729764));
#3506=CARTESIAN_POINT('Ctrl Pts',(3.00268715527904,0.354193194161741,22.2149498897868));
#3507=CARTESIAN_POINT('Ctrl Pts',(2.92523995384775,0.730074421191429,22.231051840059));
#3508=CARTESIAN_POINT('Ctrl Pts',(2.77626717893896,1.0875211492819,22.2472491289996));
#3509=CARTESIAN_POINT('Ctrl Pts',(2.56196087093893,1.40550915892061,22.2638877159261));
#3510=CARTESIAN_POINT('',(3.00268715527904,0.354193194161741,22.2149498897868));
#3511=CARTESIAN_POINT('Ctrl Pts',(3.00268715527904,0.354193194161741,22.2149498897868));
#3512=CARTESIAN_POINT('Ctrl Pts',(2.92523995384775,0.730074421191429,22.231051840059));
#3513=CARTESIAN_POINT('Ctrl Pts',(2.77626717893896,1.0875211492819,22.2472491289996));
#3514=CARTESIAN_POINT('Ctrl Pts',(2.56196087093893,1.40550915892061,22.2638877159261));
#3515=CARTESIAN_POINT('Ctrl Pts',(3.00268715527904,0.354193194161741,22.2149498897868));
#3516=CARTESIAN_POINT('Ctrl Pts',(2.95964953639998,0.344082946855789,22.2752869438535));
#3517=CARTESIAN_POINT('Ctrl Pts',(2.81694394196546,0.315242309471833,22.3531010067621));
#3518=CARTESIAN_POINT('Ctrl Pts',(2.59165081548813,0.278168432705512,22.2551677426078));
#3519=CARTESIAN_POINT('Ctrl Pts',(2.52600564748437,0.275458304830583,22.0153870193927));
#3520=CARTESIAN_POINT('Ctrl Pts',(2.65679483340946,0.306172393269311,21.8322985235311));
#3521=CARTESIAN_POINT('Ctrl Pts',(2.8497275130408,0.342268201620385,21.8026862856918));
#3522=CARTESIAN_POINT('Ctrl Pts',(2.98518605065222,0.363817685238021,21.8809217599186));
#3523=CARTESIAN_POINT('Ctrl Pts',(3.03899192052503,0.369669616227591,21.9826832933582));
#3524=CARTESIAN_POINT('Ctrl Pts',(3.05699526596239,0.368662692515603,22.0941311360404));
#3525=CARTESIAN_POINT('Ctrl Pts',(3.03496536943833,0.361775879641206,22.1696970992368));
#3526=CARTESIAN_POINT('Ctrl Pts',(3.00268715527904,0.354193194161741,22.2149498897868));
#3527=CARTESIAN_POINT('Ctrl Pts',(3.0539079955926,-1.57144262880049E-14,
22.2));
#3528=CARTESIAN_POINT('Ctrl Pts',(3.04388071650598,0.118748625933146,22.204950884134));
#3529=CARTESIAN_POINT('Ctrl Pts',(3.0268298757127,0.23701923289871,22.209930407137));
#3530=CARTESIAN_POINT('Ctrl Pts',(3.00268715527904,0.354193194161741,22.2149498897868));
#3531=CARTESIAN_POINT('Ctrl Pts',(3.08663482585011,0.0036677336218424,22.1545830693206));
#3532=CARTESIAN_POINT('Ctrl Pts',(3.07653570689942,0.123732619455406,22.1595885608884));
#3533=CARTESIAN_POINT('Ctrl Pts',(3.05934067109902,0.243276043556899,22.1646212696385));
#3534=CARTESIAN_POINT('Ctrl Pts',(3.03496536943833,0.361775879641205,22.1696970992368));
#3535=CARTESIAN_POINT('Ctrl Pts',(3.10883770688723,0.00782285970581936,
22.0790009277228));
#3536=CARTESIAN_POINT('Ctrl Pts',(3.098698883589,0.128756357054903,22.0840424022523));
#3537=CARTESIAN_POINT('Ctrl Pts',(3.08140294592271,0.249253364633346,22.0891149042186));
#3538=CARTESIAN_POINT('Ctrl Pts',(3.05688010533593,0.368638104017764,22.0942282490085));
#3539=CARTESIAN_POINT('Ctrl Pts',(3.08785210716896,0.0114045544365001,21.9487515038093));
#3540=CARTESIAN_POINT('Ctrl Pts',(3.0777822739034,0.131560097518167,21.9537605210819));
#3541=CARTESIAN_POINT('Ctrl Pts',(3.06060478573372,0.251255853237024,21.9587992732617));
#3542=CARTESIAN_POINT('Ctrl Pts',(3.03623987763362,0.369891212026281,21.9638804562262));
#3543=CARTESIAN_POINT('Ctrl Pts',(3.01996966670794,0.0109189832663575,21.8516606835534));
#3544=CARTESIAN_POINT('Ctrl Pts',(3.0100761954038,0.128426281905007,21.8565596147852));
#3545=CARTESIAN_POINT('Ctrl Pts',(2.99322963828883,0.245494570179941,21.8614882518962));
#3546=CARTESIAN_POINT('Ctrl Pts',(2.96935722459616,0.361503431663124,21.8664574366491));
#3547=CARTESIAN_POINT('Ctrl Pts',(2.87887248432931,0.0046265098926788,21.7917557233139));
#3548=CARTESIAN_POINT('Ctrl Pts',(2.86932301908707,0.116606130886727,21.7964250378744));
#3549=CARTESIAN_POINT('Ctrl Pts',(2.85314980938658,0.228128476219864,21.8011214799789));
#3550=CARTESIAN_POINT('Ctrl Pts',(2.83028677379716,0.338623916231952,21.8058558537833));
#3551=CARTESIAN_POINT('Ctrl Pts',(2.70298329164472,-0.00700961648698394,
21.8189313467945));
#3552=CARTESIAN_POINT('Ctrl Pts',(2.69384735536986,0.0980477894626131,21.8233132350706));
#3553=CARTESIAN_POINT('Ctrl Pts',(2.67849951929306,0.202625700197224,21.8277190993825));
#3554=CARTESIAN_POINT('Ctrl Pts',(2.65688719069791,0.306194486439618,21.832158680937));
#3555=CARTESIAN_POINT('Ctrl Pts',(2.57023795396141,-0.0218769563401711,
22.0028923910639));
#3556=CARTESIAN_POINT('Ctrl Pts',(2.56138932507054,0.0779099242279021,22.0070556244342));
#3557=CARTESIAN_POINT('Ctrl Pts',(2.54664291148907,0.177188452532007,22.0112400135012));
#3558=CARTESIAN_POINT('Ctrl Pts',(2.52596160595155,0.275447759799254,22.0154539573065));
#3559=CARTESIAN_POINT('Ctrl Pts',(2.63698826864509,-0.0267563183430051,
22.2422454160133));
#3560=CARTESIAN_POINT('Ctrl Pts',(2.62794413945367,0.0755977868910834,22.2465155361622));
#3561=CARTESIAN_POINT('Ctrl Pts',(2.61285437417033,0.177400898554456,22.250805966439));
#3562=CARTESIAN_POINT('Ctrl Pts',(2.5916767126325,0.278174669951465,22.255127426742));
#3563=CARTESIAN_POINT('Ctrl Pts',(2.86552269598672,-0.0165585648026252,
22.3391156695317));
#3564=CARTESIAN_POINT('Ctrl Pts',(2.85592224066165,0.094735355202165,22.3437571444427));
#3565=CARTESIAN_POINT('Ctrl Pts',(2.83973859823345,0.205547988364742,22.3484247862681));
#3566=CARTESIAN_POINT('Ctrl Pts',(2.81692850962088,0.315238555403933,22.3531260033799));
#3567=CARTESIAN_POINT('Ctrl Pts',(3.01027222191591,-0.00489031149582654,
22.2605559075725));
#3568=CARTESIAN_POINT('Ctrl Pts',(3.00033770854632,0.112152294716562,22.2654360167626));
#3569=CARTESIAN_POINT('Ctrl Pts',(2.98349107314976,0.228627915073041,22.2703405080523));
#3570=CARTESIAN_POINT('Ctrl Pts',(2.95964953639998,0.34408294685579,22.2752869438535));
#3571=CARTESIAN_POINT('Ctrl Pts',(3.0539079955926,-1.57187630966948E-14,
22.2));
#3572=CARTESIAN_POINT('Ctrl Pts',(3.04388071650598,0.118748625933146,22.204950884134));
#3573=CARTESIAN_POINT('Ctrl Pts',(3.0268298757127,0.23701923289871,22.209930407137));
#3574=CARTESIAN_POINT('Ctrl Pts',(3.00268715527904,0.354193194161741,22.2149498897868));
#3575=CARTESIAN_POINT('Ctrl Pts',(3.0539079955926,-1.57187630966948E-14,
22.2));
#3576=CARTESIAN_POINT('Ctrl Pts',(3.04388071650598,0.118748625933146,22.204950884134));
#3577=CARTESIAN_POINT('Ctrl Pts',(3.0268298757127,0.23701923289871,22.209930407137));
#3578=CARTESIAN_POINT('Ctrl Pts',(3.00268715527904,0.354193194161741,22.2149498897868));
#3579=CARTESIAN_POINT('Ctrl Pts',(4.42935952079096,-1.59572875746417E-14,
21.4));
#3580=CARTESIAN_POINT('Ctrl Pts',(4.41617406453724,0.306177632954651,21.4088012153487));
#3581=CARTESIAN_POINT('Ctrl Pts',(4.37114772098013,0.610820269213783,21.4176359574155));
#3582=CARTESIAN_POINT('Ctrl Pts',(4.15309332495746,1.45655567046618,21.4429462150314));
#3583=CARTESIAN_POINT('Ctrl Pts',(3.90714357666349,1.97159882191848,21.4593119740474));
#3584=CARTESIAN_POINT('Ctrl Pts',(3.56868221707362,2.42440656094565,21.4759788285291));
#3585=CARTESIAN_POINT('Ctrl Pts',(4.45177946451258,0.00145690303283935,
21.3485955367888));
#3586=CARTESIAN_POINT('Ctrl Pts',(4.43859508267086,0.30919648297328,21.3574414772245));
#3587=CARTESIAN_POINT('Ctrl Pts',(4.3934067146914,0.615419699461111,21.3663216568034));
#3588=CARTESIAN_POINT('Ctrl Pts',(4.17440672146766,1.46560987390063,21.3917635716071));
#3589=CARTESIAN_POINT('Ctrl Pts',(3.92727541340314,1.98345615680755,21.4082162317632));
#3590=CARTESIAN_POINT('Ctrl Pts',(3.58707739539872,2.43880363714206,21.4249735651503));
#3591=CARTESIAN_POINT('Ctrl Pts',(4.45761532007994,0.0031013447308658,21.2698165601307));
#3592=CARTESIAN_POINT('Ctrl Pts',(4.44447334789532,0.311258671005256,21.2786743643767));
#3593=CARTESIAN_POINT('Ctrl Pts',(4.399283297347,0.617922907860454,21.2875669831135));
#3594=CARTESIAN_POINT('Ctrl Pts',(4.18012920218816,1.46940623374016,21.3130460906071));
#3595=CARTESIAN_POINT('Ctrl Pts',(3.93271993906285,1.98812840507023,21.3295246384885));
#3596=CARTESIAN_POINT('Ctrl Pts',(3.59203516395167,2.44431788693879,21.3463103453957));
#3597=CARTESIAN_POINT('Ctrl Pts',(4.41615859412651,0.00427770390078373,
21.1648128824785));
#3598=CARTESIAN_POINT('Ctrl Pts',(4.40314347535325,0.30958022243858,21.1735886136901));
#3599=CARTESIAN_POINT('Ctrl Pts',(4.35837701479496,0.613412240043633,21.1823990879442));
#3600=CARTESIAN_POINT('Ctrl Pts',(4.14125445610213,1.457062274356,21.2076435947907));
#3601=CARTESIAN_POINT('Ctrl Pts',(3.89612310347396,1.97104694102876,21.2239715312624));
#3602=CARTESIAN_POINT('Ctrl Pts',(3.55853928892802,2.4231007085562,21.2406047449479));
#3603=CARTESIAN_POINT('Ctrl Pts',(4.34125245563677,0.00442744798250814,
21.0772134262704));
#3604=CARTESIAN_POINT('Ctrl Pts',(4.32840079646576,0.304554674808761,21.0858405377331));
#3605=CARTESIAN_POINT('Ctrl Pts',(4.28433640921392,0.60322312233453,21.0945016328607));
#3606=CARTESIAN_POINT('Ctrl Pts',(4.07074007405859,1.43251333800954,21.119317725564));
#3607=CARTESIAN_POINT('Ctrl Pts',(3.82967714427795,1.93771028660705,21.1353683936925));
#3608=CARTESIAN_POINT('Ctrl Pts',(3.4977524551841,2.38200549568522,21.1517185195967));
#3609=CARTESIAN_POINT('Ctrl Pts',(4.1903671039789,0.00221511762972855,21.0307056653781));
#3610=CARTESIAN_POINT('Ctrl Pts',(4.17776100068097,0.291895723031189,21.039032987617));
#3611=CARTESIAN_POINT('Ctrl Pts',(4.13503031267087,0.580104289558044,21.047391967782));
#3612=CARTESIAN_POINT('Ctrl Pts',(3.92835350289956,1.38020543678694,21.0713393251587));
#3613=CARTESIAN_POINT('Ctrl Pts',(3.69542591022094,1.86741112518515,21.0868249590854));
#3614=CARTESIAN_POINT('Ctrl Pts',(3.37497108780417,2.2957158924163,21.1025952484747));
#3615=CARTESIAN_POINT('Ctrl Pts',(4.00533799009981,-0.00298817828807191,
21.1023985785488));
#3616=CARTESIAN_POINT('Ctrl Pts',(3.99295011065906,0.273860153481652,21.110357853545));
#3617=CARTESIAN_POINT('Ctrl Pts',(3.95177517529816,0.54918366009213,21.1183451482145));
#3618=CARTESIAN_POINT('Ctrl Pts',(3.75340196372886,1.31322948637487,21.1412214653047));
#3619=CARTESIAN_POINT('Ctrl Pts',(3.53039140938137,1.77808538586675,21.1560077430903));
#3620=CARTESIAN_POINT('Ctrl Pts',(3.22407186653316,2.18642238833949,21.1710574720481));
#3621=CARTESIAN_POINT('Ctrl Pts',(3.91443614122486,-0.00888748224078161,
21.3104192788388));
#3622=CARTESIAN_POINT('Ctrl Pts',(3.9020442471312,0.261627212140817,21.3181971534772));
#3623=CARTESIAN_POINT('Ctrl Pts',(3.86152660965074,0.530542307112654,21.326000228711));
#3624=CARTESIAN_POINT('Ctrl Pts',(3.66698918306836,1.27652350929775,21.348342642874));
#3625=CARTESIAN_POINT('Ctrl Pts',(3.44877188581199,1.73001289013906,21.3627767013197));
#3626=CARTESIAN_POINT('Ctrl Pts',(3.14948949729164,2.1280601050478,21.3774596855837));
#3627=CARTESIAN_POINT('Ctrl Pts',(4.03031696825117,-0.0107526982244126,
21.5303750843011));
#3628=CARTESIAN_POINT('Ctrl Pts',(4.01761779526287,0.267754268298961,21.5383826215367));
#3629=CARTESIAN_POINT('Ctrl Pts',(3.97596168930763,0.544619326380092,21.5464159966727));
#3630=CARTESIAN_POINT('Ctrl Pts',(3.77584950818016,1.31264526864662,21.5694174592384));
#3631=CARTESIAN_POINT('Ctrl Pts',(3.55129865277309,1.779541592562,21.5842761846026));
#3632=CARTESIAN_POINT('Ctrl Pts',(3.24330865461913,2.18935388438608,21.5993908456139));
#3633=CARTESIAN_POINT('Ctrl Pts',(4.27444803450584,-0.00660480337008268,
21.5762455570715));
#3634=CARTESIAN_POINT('Ctrl Pts',(4.26137051996541,0.288809305925772,21.5847382171409));
#3635=CARTESIAN_POINT('Ctrl Pts',(4.21757475552672,0.582611587486846,21.5932606881394));
#3636=CARTESIAN_POINT('Ctrl Pts',(4.00630888248493,1.39792327038799,21.6176690089952));
#3637=CARTESIAN_POINT('Ctrl Pts',(3.76860971527447,1.89399389358302,21.6334434753047));
#3638=CARTESIAN_POINT('Ctrl Pts',(3.44204390698137,2.32976330067551,21.6494985106993));
#3639=CARTESIAN_POINT('Ctrl Pts',(4.39946626249546,-0.00194253737715637,
21.4685392842816));
#3640=CARTESIAN_POINT('Ctrl Pts',(4.38627937369242,0.302152499596479,21.4772808661809));
#3641=CARTESIAN_POINT('Ctrl Pts',(4.34146906269844,0.604687695550679,21.4860550248984));
#3642=CARTESIAN_POINT('Ctrl Pts',(4.12467546294387,1.44448339922024,21.5111897395972));
#3643=CARTESIAN_POINT('Ctrl Pts',(3.8803011276773,1.9557890420664,21.5274396304263));
#3644=CARTESIAN_POINT('Ctrl Pts',(3.54415531264016,2.40521045935044,21.5439858463675));
#3645=CARTESIAN_POINT('Ctrl Pts',(4.42935952079096,-1.59583717768141E-14,
21.4));
#3646=CARTESIAN_POINT('Ctrl Pts',(4.41617406453724,0.306177632954651,21.4088012153487));
#3647=CARTESIAN_POINT('Ctrl Pts',(4.37114772098013,0.610820269213783,21.4176359574155));
#3648=CARTESIAN_POINT('Ctrl Pts',(4.15309332495746,1.45655567046618,21.4429462150314));
#3649=CARTESIAN_POINT('Ctrl Pts',(3.90714357666349,1.97159882191848,21.4593119740474));
#3650=CARTESIAN_POINT('Ctrl Pts',(3.56868221707362,2.42440656094565,21.4759788285291));
#3651=CARTESIAN_POINT('Ctrl Pts',(4.42935952079096,-1.59572875746417E-14,
21.4));
#3652=CARTESIAN_POINT('Ctrl Pts',(4.41617406453724,0.306177632954651,21.4088012153487));
#3653=CARTESIAN_POINT('Ctrl Pts',(4.37114772098013,0.610820269213783,21.4176359574155));
#3654=CARTESIAN_POINT('Ctrl Pts',(4.15309332495746,1.45655567046618,21.4429462150314));
#3655=CARTESIAN_POINT('Ctrl Pts',(3.90714357666349,1.97159882191848,21.4593119740474));
#3656=CARTESIAN_POINT('Ctrl Pts',(3.56868221707362,2.42440656094565,21.4759788285291));
#3657=CARTESIAN_POINT('Ctrl Pts',(5.51696120784044,-1.59814110729795E-14,
20.6));
#3658=CARTESIAN_POINT('Ctrl Pts',(5.50256729491106,0.502001626307925,20.6115855141636));
#3659=CARTESIAN_POINT('Ctrl Pts',(5.41959480632618,1.00062027087922,20.6231820455684));
#3660=CARTESIAN_POINT('Ctrl Pts',(5.05763195375269,2.15750134458958,20.6513680992038));
#3661=CARTESIAN_POINT('Ctrl Pts',(4.71692857459138,2.78573620040491,20.6677656668549));
#3662=CARTESIAN_POINT('Ctrl Pts',(3.81783902009816,3.86906345483263,20.7008767741139));
#3663=CARTESIAN_POINT('Ctrl Pts',(3.27049990848663,4.31566650051124,20.7172732319464));
#3664=CARTESIAN_POINT('Ctrl Pts',(2.0418914427764,4.96873183031602,20.7503821739696));
#3665=CARTESIAN_POINT('Ctrl Pts',(1.37394208345857,5.17163733322068,20.7667774510922));
#3666=CARTESIAN_POINT('Ctrl Pts',(0.0058911666411901,5.30760703952643,20.799884085912));
#3667=CARTESIAN_POINT('Ctrl Pts',(-0.680691760716418,5.24248730098198,20.8162781050968));
#3668=CARTESIAN_POINT('Ctrl Pts',(-1.98182760783995,4.8535867821628,20.8493822777863));
#3669=CARTESIAN_POINT('Ctrl Pts',(-2.58472712935481,4.53660609321861,20.8657749547333));
#3670=CARTESIAN_POINT('Ctrl Pts',(-3.62753571036726,3.69341645013996,20.8988764958746));
#3671=CARTESIAN_POINT('Ctrl Pts',(-4.05939420579124,3.1778487702901,20.9152677383709));
#3672=CARTESIAN_POINT('Ctrl Pts',(-4.69566135564783,2.01686605780861,20.9483664623007));
#3673=CARTESIAN_POINT('Ctrl Pts',(-4.8967734387467,1.38422604120202,20.9647561692565));
#3674=CARTESIAN_POINT('Ctrl Pts',(-5.0425772022402,0.0858275406995147,20.9978518720506));
#3675=CARTESIAN_POINT('Ctrl Pts',(-4.98912559792961,-0.56702137931266,21.0142399323905));
#3676=CARTESIAN_POINT('Ctrl Pts',(-4.6357634568219,-1.80665859102479,21.0473323895415));
#3677=CARTESIAN_POINT('Ctrl Pts',(-4.34246358102227,-2.38238090239392,21.0637186809261));
#3678=CARTESIAN_POINT('Ctrl Pts',(-3.55581094265517,-3.38103133436522,21.0968076446567));
#3679=CARTESIAN_POINT('Ctrl Pts',(-3.07270190997632,-3.79639023501204,21.1131920320017));
#3680=CARTESIAN_POINT('Ctrl Pts',(-1.98138334446914,-4.41267402404154,21.1462772281484));
#3681=CARTESIAN_POINT('Ctrl Pts',(-1.38539517268918,-4.61060646520191,21.162659561904));
#3682=CARTESIAN_POINT('Ctrl Pts',(-0.768177217870091,-4.68787887915132,
21.1793199067758));
#3683=CARTESIAN_POINT('Ctrl Pts',(5.53087026401306,0.0006674062182216,20.5456558374222));
#3684=CARTESIAN_POINT('Ctrl Pts',(5.51652961679827,0.503942064671122,20.5572706118477));
#3685=CARTESIAN_POINT('Ctrl Pts',(5.43343585652576,1.00385942398304,20.5688969235354));
#3686=CARTESIAN_POINT('Ctrl Pts',(5.07073518168542,2.16383016117448,20.5971565417205));
#3687=CARTESIAN_POINT('Ctrl Pts',(4.72924131795373,2.79381141920025,20.6135978639389));
#3688=CARTESIAN_POINT('Ctrl Pts',(3.82788928837871,3.88026676282899,20.6467994239653));
#3689=CARTESIAN_POINT('Ctrl Pts',(3.27910528458391,4.32822663098413,20.6632416430412));
#3690=CARTESIAN_POINT('Ctrl Pts',(2.04710135012879,4.98338760955274,20.6964451969163));
#3691=CARTESIAN_POINT('Ctrl Pts',(1.37723713325322,5.18701897620011,20.7128883130415));
#3692=CARTESIAN_POINT('Ctrl Pts',(0.00511889063331645,5.323650991734,20.7460938544943));
#3693=CARTESIAN_POINT('Ctrl Pts',(-0.683577307319132,5.25846956691172,20.7625378654319));
#3694=CARTESIAN_POINT('Ctrl Pts',(-1.98885407659429,4.86859939110864,20.7957453843581));
#3695=CARTESIAN_POINT('Ctrl Pts',(-2.59374467394071,4.55072814402661,20.8121902825393));
#3696=CARTESIAN_POINT('Ctrl Pts',(-3.6401196567951,3.70498506764549,20.8453997642935));
#3697=CARTESIAN_POINT('Ctrl Pts',(-4.07352562752632,3.18778567554274,20.8618455372799));
#3698=CARTESIAN_POINT('Ctrl Pts',(-4.71218723283875,2.02296825198864,20.8950569607408));
#3699=CARTESIAN_POINT('Ctrl Pts',(-4.91413225224259,1.38816598094884,20.9115035914199));
#3700=CARTESIAN_POINT('Ctrl Pts',(-5.06071013979722,0.0851754082215813,
20.9447169271936));
#3701=CARTESIAN_POINT('Ctrl Pts',(-5.00720263907698,-0.57005901002027,20.9611643934812));
#3702=CARTESIAN_POINT('Ctrl Pts',(-4.65277514313995,-1.81437057907479,20.9943796021425));
#3703=CARTESIAN_POINT('Ctrl Pts',(-4.3584862665477,-2.39234082716454,21.0108278763022));
#3704=CARTESIAN_POINT('Ctrl Pts',(-3.56898703749119,-3.39502008956334,21.0440449067028));
#3705=CARTESIAN_POINT('Ctrl Pts',(-3.08405616596614,-3.81212921131643,21.0604939535138));
#3706=CARTESIAN_POINT('Ctrl Pts',(-1.98845204640778,-4.43112812360069,21.0937127429148));
#3707=CARTESIAN_POINT('Ctrl Pts',(-1.39004631228081,-4.63001063230004,21.1101625166899));
#3708=CARTESIAN_POINT('Ctrl Pts',(-0.7702412259134,-4.70773732649104,21.1268930317877));
#3709=CARTESIAN_POINT('Ctrl Pts',(5.52402604004337,0.00141689241103707,
20.4669447464419));
#3710=CARTESIAN_POINT('Ctrl Pts',(5.50978234636016,0.504077571404477,20.4785452440738));
#3711=CARTESIAN_POINT('Ctrl Pts',(5.42686888667544,1.00341665510385,20.4901577340667));
#3712=CARTESIAN_POINT('Ctrl Pts',(5.06476700948508,2.16211981561292,20.5183849206297));
#3713=CARTESIAN_POINT('Ctrl Pts',(4.72375088080807,2.79147671336013,20.5348083539176));
#3714=CARTESIAN_POINT('Ctrl Pts',(3.8234958685198,3.87696527654978,20.5679757707201));
#3715=CARTESIAN_POINT('Ctrl Pts',(3.2753172667953,4.32458916946232,20.5844021010257));
#3716=CARTESIAN_POINT('Ctrl Pts',(2.04452800528226,4.97936136338253,20.6175756149746));
#3717=CARTESIAN_POINT('Ctrl Pts',(1.37525930933319,5.18293992644879,20.6340049128781));
#3718=CARTESIAN_POINT('Ctrl Pts',(0.00422146155812428,5.31969253929581,
20.6671846726207));
#3719=CARTESIAN_POINT('Ctrl Pts',(-0.684000878258062,5.25467935540313,20.6836170109126));
#3720=CARTESIAN_POINT('Ctrl Pts',(-1.98851015349032,4.86527537405994,20.7168031679846));
#3721=CARTESIAN_POINT('Ctrl Pts',(-2.59311378970642,4.54769389774653,20.7332386196595));
#3722=CARTESIAN_POINT('Ctrl Pts',(-3.63910885633401,3.70254979341617,20.7664313295448));
#3723=CARTESIAN_POINT('Ctrl Pts',(-4.07242380412462,3.18565084974311,20.7828699680066));
#3724=CARTESIAN_POINT('Ctrl Pts',(-4.71105724730809,2.02135693310703,20.816069389579));
#3725=CARTESIAN_POINT('Ctrl Pts',(-4.91306307142413,1.38677060236408,20.8325112888994));
#3726=CARTESIAN_POINT('Ctrl Pts',(-5.05983626113403,0.0840742051627009,
20.8657175836844));
#3727=CARTESIAN_POINT('Ctrl Pts',(-5.0064588487699,-0.571085978389506,20.8821628186357));
#3728=CARTESIAN_POINT('Ctrl Pts',(-4.65226759488251,-1.81539654941171,20.9153761500294));
#3729=CARTESIAN_POINT('Ctrl Pts',(-4.35808017620398,-2.39344045711298,20.9318247958825));
#3730=CARTESIAN_POINT('Ctrl Pts',(-3.5686713803154,-3.39637163596679,20.9650453284624));
#3731=CARTESIAN_POINT('Ctrl Pts',(-3.08372646181389,-3.81365648591625,20.9814974596568));
#3732=CARTESIAN_POINT('Ctrl Pts',(-1.98792698073488,-4.4330263514593,21.0147253609126));
#3733=CARTESIAN_POINT('Ctrl Pts',(-1.38933992162121,-4.63210010568118,21.0311810485445));
#3734=CARTESIAN_POINT('Ctrl Pts',(-0.769267045321913,-4.70997545920609,
21.0479190948925));
#3735=CARTESIAN_POINT('Ctrl Pts',(5.46629870489602,0.00194411034194048,
20.3699234447211));
#3736=CARTESIAN_POINT('Ctrl Pts',(5.45221057460454,0.499358473659229,20.3814028613326));
#3737=CARTESIAN_POINT('Ctrl Pts',(5.37016959319126,0.993493255553465,20.3928943004186));
#3738=CARTESIAN_POINT('Ctrl Pts',(5.01185175477565,2.14014465039629,20.4208276856814));
#3739=CARTESIAN_POINT('Ctrl Pts',(4.67438894346635,2.76297191075863,20.4370806776294));
#3740=CARTESIAN_POINT('Ctrl Pts',(3.78347425876586,3.83722973501137,20.4699043790407));
#3741=CARTESIAN_POINT('Ctrl Pts',(3.24097060513566,4.28023702299341,20.4861610823971));
#3742=CARTESIAN_POINT('Ctrl Pts',(2.02287808525807,4.92827741797272,20.5189924222985));
#3743=CARTESIAN_POINT('Ctrl Pts',(1.36049721385155,5.12977498204927,20.535252934796));
#3744=CARTESIAN_POINT('Ctrl Pts',(0.00352218155333814,5.26514515666964,
20.5680921798109));
#3745=CARTESIAN_POINT('Ctrl Pts',(-0.677659849929538,5.20081074693145,20.5843566057135));
#3746=CARTESIAN_POINT('Ctrl Pts',(-1.96886902278967,4.81539794985373,20.6172040194656));
#3747=CARTESIAN_POINT('Ctrl Pts',(-2.56732764458485,4.50105984783115,20.6334724756594));
#3748=CARTESIAN_POINT('Ctrl Pts',(-3.60272797037323,3.66450198339682,20.6663283245195));
#3749=CARTESIAN_POINT('Ctrl Pts',(-4.03167117076022,3.15283975514266,20.6826009364186));
#3750=CARTESIAN_POINT('Ctrl Pts',(-4.66388574504455,2.00028994895573,20.7154654942104));
#3751=CARTESIAN_POINT('Ctrl Pts',(-4.86387492159198,1.37208519982751,20.7317423931433));
#3752=CARTESIAN_POINT('Ctrl Pts',(-5.00919853436901,0.0824343319058069,
20.7646159432814));
#3753=CARTESIAN_POINT('Ctrl Pts',(-4.95636811479649,-0.56618746390162,20.7808972654126));
#3754=CARTESIAN_POINT('Ctrl Pts',(-4.60571775983199,-1.7981319304758,20.8137801018085));
#3755=CARTESIAN_POINT('Ctrl Pts',(-4.31445846785714,-2.37045420729522,20.8300659878355));
#3756=CARTESIAN_POINT('Ctrl Pts',(-3.53285563196326,-3.36350052097265,20.8629584148828));
#3757=CARTESIAN_POINT('Ctrl Pts',(-3.05268880835015,-3.77669318600695,20.8792490111515));
#3758=CARTESIAN_POINT('Ctrl Pts',(-1.96762675225522,-4.39001709402245,20.9121513387743));
#3759=CARTESIAN_POINT('Ctrl Pts',(-1.37488189949194,-4.58716346370667,20.9284467993062));
#3760=CARTESIAN_POINT('Ctrl Pts',(-0.76082751381352,-4.66429315922194,20.9450222633298));
#3761=CARTESIAN_POINT('Ctrl Pts',(5.3783329126295,0.00199755733760566,20.2954482224445));
#3762=CARTESIAN_POINT('Ctrl Pts',(5.36439620641894,0.4914089401562,20.3067430430858));
#3763=CARTESIAN_POINT('Ctrl Pts',(5.28360078513263,0.977571011891563,20.3180494454069));
#3764=CARTESIAN_POINT('Ctrl Pts',(4.93088493193687,2.10568242927768,20.345532504862));
#3765=CARTESIAN_POINT('Ctrl Pts',(4.59877492306824,2.71839600710357,20.3615232490147));
#3766=CARTESIAN_POINT('Ctrl Pts',(3.72210428972938,3.77514210369661,20.3938159756657));
#3767=CARTESIAN_POINT('Ctrl Pts',(3.18832169628439,4.21088355707408,20.4098095927374));
#3768=CARTESIAN_POINT('Ctrl Pts',(1.98989380922946,4.84821902076218,20.4421080270782));
#3769=CARTESIAN_POINT('Ctrl Pts',(1.33825001898672,5.0463335670248,20.4581045830315));
#3770=CARTESIAN_POINT('Ctrl Pts',(0.00334472200374529,5.17928647727473,
20.4904090185286));
#3771=CARTESIAN_POINT('Ctrl Pts',(-0.666715258245049,5.11589029499417,20.5064085877131));
#3772=CARTESIAN_POINT('Ctrl Pts',(-1.93677398277875,4.73656684305546,20.5387192970532));
#3773=CARTESIAN_POINT('Ctrl Pts',(-2.52538658487665,4.42727419101863,20.5547219808488));
#3774=CARTESIAN_POINT('Ctrl Pts',(-3.54368589886285,3.60425749219225,20.5870392281377));
#3775=CARTESIAN_POINT('Ctrl Pts',(-3.96550072682582,3.1009245403203,20.6030451440833));
#3776=CARTESIAN_POINT('Ctrl Pts',(-4.58713396840601,1.96721907380015,20.6353691968507));
#3777=CARTESIAN_POINT('Ctrl Pts',(-4.78372247355263,1.34932863635655,20.6513784712271));
#3778=CARTESIAN_POINT('Ctrl Pts',(-4.92643623889924,0.0809241091228628,
20.6837096061599));
#3779=CARTESIAN_POINT('Ctrl Pts',(-4.87436772992165,-0.556969359261491,
20.6997223707098));
#3780=CARTESIAN_POINT('Ctrl Pts',(-4.52931333755919,-1.76847060105576,20.7320608762533));
#3781=CARTESIAN_POINT('Ctrl Pts',(-4.242783722345,-2.33125326772714,20.7480772671857));
#3782=CARTESIAN_POINT('Ctrl Pts',(-3.47398728298164,-3.30768228446109,20.7804234434769));
#3783=CARTESIAN_POINT('Ctrl Pts',(-3.00173463978559,-3.71391761432428,20.7964436060704));
#3784=CARTESIAN_POINT('Ctrl Pts',(-1.93463750880081,-4.31684090576131,20.8287977477132));
#3785=CARTESIAN_POINT('Ctrl Pts',(-1.35174871184398,-4.5105917490529,20.8448218454193));
#3786=CARTESIAN_POINT('Ctrl Pts',(-0.747938385255908,-4.58632602713978,
20.8611203034081));
#3787=CARTESIAN_POINT('Ctrl Pts',(5.22193226398928,0.000961172464765955,
20.2737211293018));
#3788=CARTESIAN_POINT('Ctrl Pts',(5.2081355132553,0.476130487829568,20.284687617342));
#3789=CARTESIAN_POINT('Ctrl Pts',(5.12942803415343,0.948053519467398,20.2956641558647));
#3790=CARTESIAN_POINT('Ctrl Pts',(4.78642485909811,2.04293620392952,20.3223425953477));
#3791=CARTESIAN_POINT('Ctrl Pts',(4.46373873649895,2.6374213137765,20.3378632469355));
#3792=CARTESIAN_POINT('Ctrl Pts',(3.61241070253687,3.66243112114744,20.3692010363539));
#3793=CARTESIAN_POINT('Ctrl Pts',(3.09424464741329,4.08490598423684,20.3847199338629));
#3794=CARTESIAN_POINT('Ctrl Pts',(1.93125872256081,4.70253401588392,20.4160535435486));
#3795=CARTESIAN_POINT('Ctrl Pts',(1.29906900737997,4.89431413566603,20.4315705858632));
#3796=CARTESIAN_POINT('Ctrl Pts',(0.00436985920175342,5.02250051085803,
20.4629001240563));
#3797=CARTESIAN_POINT('Ctrl Pts',(-0.645321383631862,4.96062766996876,20.4784152148298));
#3798=CARTESIAN_POINT('Ctrl Pts',(-1.87644195969141,4.59214236995673,20.5097407258041));
#3799=CARTESIAN_POINT('Ctrl Pts',(-2.44682148285052,4.29197610408141,20.5252538146228));
#3800=CARTESIAN_POINT('Ctrl Pts',(-3.43327234329585,3.49372536187661,20.5565752999476));
#3801=CARTESIAN_POINT('Ctrl Pts',(-3.84170940694178,3.00572892653785,20.5720863590106));
#3802=CARTESIAN_POINT('Ctrl Pts',(-4.44332209680941,1.90695933273738,20.6034038011338));
#3803=CARTESIAN_POINT('Ctrl Pts',(-4.63337023235509,1.30829747483878,20.61891280863));
#3804=CARTESIAN_POINT('Ctrl Pts',(-4.77083888155812,0.0797314325084539,
20.6502261817654));
#3805=CARTESIAN_POINT('Ctrl Pts',(-4.72001726815484,-0.537933285321337,
20.6657331139119));
#3806=CARTESIAN_POINT('Ctrl Pts',(-4.38521460564987,-1.71067370661267,20.6970423883198));
#3807=CARTESIAN_POINT('Ctrl Pts',(-4.10749842309546,-2.25525690697693,20.712547216322));
#3808=CARTESIAN_POINT('Ctrl Pts',(-3.36284675450831,-3.19979543153532,20.7438523565713));
#3809=CARTESIAN_POINT('Ctrl Pts',(-2.90562087749549,-3.59257239061374,20.7593550570847));
#3810=CARTESIAN_POINT('Ctrl Pts',(-1.87288348311956,-4.17521186472579,20.7906559798634));
#3811=CARTESIAN_POINT('Ctrl Pts',(-1.30895732263759,-4.36223406505724,20.8061565568511));
#3812=CARTESIAN_POINT('Ctrl Pts',(-0.724978372161312,-4.43509656940229,
20.8219183586063));
#3813=CARTESIAN_POINT('Ctrl Pts',(5.05073605185649,-0.0014430422969676,
20.3741638210685));
#3814=CARTESIAN_POINT('Ctrl Pts',(5.03694744532791,0.458122260898638,20.3847707680048));
#3815=CARTESIAN_POINT('Ctrl Pts',(4.96038332983328,0.914387604739638,20.3953852581824));
#3816=CARTESIAN_POINT('Ctrl Pts',(4.62773386650736,1.97260063570553,20.4211785178825));
#3817=CARTESIAN_POINT('Ctrl Pts',(4.31525859810036,2.54685585516257,20.4361803220203));
#3818=CARTESIAN_POINT('Ctrl Pts',(3.49168961781902,3.53645287246024,20.4664606219345));
#3819=CARTESIAN_POINT('Ctrl Pts',(2.99074189642675,3.94401524879181,20.4814520874364));
#3820=CARTESIAN_POINT('Ctrl Pts',(1.86708793006949,4.53931480430409,20.5117101390929));
#3821=CARTESIAN_POINT('Ctrl Pts',(1.25660121841628,4.72380259324803,20.5266908579419));
#3822=CARTESIAN_POINT('Ctrl Pts',(0.00699654468045601,4.84624553665371,
20.5569263067647));
#3823=CARTESIAN_POINT('Ctrl Pts',(-0.619732151826242,4.785877649674,20.5718958639337));
#3824=CARTESIAN_POINT('Ctrl Pts',(-1.80673491763494,4.42926863395739,20.602108230063));
#3825=CARTESIAN_POINT('Ctrl Pts',(-2.35634024814452,4.13926696781269,20.6170662695759));
#3826=CARTESIAN_POINT('Ctrl Pts',(-3.30631009439396,3.36889950025143,20.6472549771499));
#3827=CARTESIAN_POINT('Ctrl Pts',(-3.69931392486752,2.89828235901054,20.6622011647084));
#3828=CARTESIAN_POINT('Ctrl Pts',(-4.27765734161274,1.83935963301497,20.6923655767573));
#3829=CARTESIAN_POINT('Ctrl Pts',(-4.45999181369448,1.26274444496633,20.7072995723035));
#3830=CARTESIAN_POINT('Ctrl Pts',(-4.59104034800579,0.0801008536586489,
20.7374390059333));
#3831=CARTESIAN_POINT('Ctrl Pts',(-4.54146264438834,-0.514126042263563,
20.7523604497066));
#3832=CARTESIAN_POINT('Ctrl Pts',(-4.21822074363358,-1.64173053234614,20.782474180748));
#3833=CARTESIAN_POINT('Ctrl Pts',(-3.95060544515919,-2.16500266317502,20.7973826870959));
#3834=CARTESIAN_POINT('Ctrl Pts',(-3.23392613929542,-3.07200173808765,20.8274699447646));
#3835=CARTESIAN_POINT('Ctrl Pts',(-2.79422112509578,-3.44882548629755,20.8423651186231));
#3836=CARTESIAN_POINT('Ctrl Pts',(-1.80180819487606,-4.00725143382632,20.8724250121639));
#3837=CARTESIAN_POINT('Ctrl Pts',(-1.2602535096542,-4.1861323159974,20.8873064850762));
#3838=CARTESIAN_POINT('Ctrl Pts',(-0.699797497670798,-4.25541283376622,
20.9024313161619));
#3839=CARTESIAN_POINT('Ctrl Pts',(4.99427786222613,-0.00414553217597958,
20.5941086547981));
#3840=CARTESIAN_POINT('Ctrl Pts',(4.98027387792502,0.45025135470055,20.6045967821962));
#3841=CARTESIAN_POINT('Ctrl Pts',(4.90420301753282,0.901245127678706,20.6150904058937));
#3842=CARTESIAN_POINT('Ctrl Pts',(4.57455040020545,1.94691767611034,20.6405850445731));
#3843=CARTESIAN_POINT('Ctrl Pts',(4.2652859814846,2.51408399007415,20.6554093263802));
#3844=CARTESIAN_POINT('Ctrl Pts',(3.45089972685755,3.49098928978292,20.6853224906251));
#3845=CARTESIAN_POINT('Ctrl Pts',(2.95581846717135,3.89304543321492,20.7001283100931));
#3846=CARTESIAN_POINT('Ctrl Pts',(1.84594272407324,4.47984402437442,20.7300023619323));
#3847=CARTESIAN_POINT('Ctrl Pts',(1.24322882364894,4.6613874240638,20.7447890236279));
#3848=CARTESIAN_POINT('Ctrl Pts',(0.0101261560532245,4.78114558321666,20.7746230702539));
#3849=CARTESIAN_POINT('Ctrl Pts',(-0.608025860336774,4.72102994589779,20.7893898560329));
#3850=CARTESIAN_POINT('Ctrl Pts',(-1.77823023456342,4.36835682459535,20.8191828337891));
#3851=CARTESIAN_POINT('Ctrl Pts',(-2.31975617988005,4.08197092839449,20.8339290773934));
#3852=CARTESIAN_POINT('Ctrl Pts',(-3.2552601924606,3.32196323712734,20.8636797839707));
#3853=CARTESIAN_POINT('Ctrl Pts',(-3.64198592561502,2.85796866901516,20.8784048284329));
#3854=CARTESIAN_POINT('Ctrl Pts',(-4.21061873430657,1.81460146217307,20.9081119603037));
#3855=CARTESIAN_POINT('Ctrl Pts',(-4.38957525141474,1.24676045901013,20.9228151258706));
#3856=CARTESIAN_POINT('Ctrl Pts',(-4.51748603729759,0.0827423519287679,
20.952477293092));
#3857=CARTESIAN_POINT('Ctrl Pts',(-4.46813699345586,-0.501805925184453,
20.9671578600349));
#3858=CARTESIAN_POINT('Ctrl Pts',(-4.14921779793098,-1.61045321806263,20.9967735889345));
#3859=CARTESIAN_POINT('Ctrl Pts',(-3.88561661223287,-2.12460617996628,21.0114307889595));
#3860=CARTESIAN_POINT('Ctrl Pts',(-3.18048304048704,-3.01526781614939,21.0409985130244));
#3861=CARTESIAN_POINT('Ctrl Pts',(-2.7481700919113,-3.3849926961598,21.0556315471111));
#3862=CARTESIAN_POINT('Ctrl Pts',(-1.77313686926291,-3.93240998809583,21.0851495156912));
#3863=CARTESIAN_POINT('Ctrl Pts',(-1.24138974088268,-4.10743867314967,21.0997575950385));
#3864=CARTESIAN_POINT('Ctrl Pts',(-0.691419744467813,-4.17487876358192,
21.1145978481669));
#3865=CARTESIAN_POINT('Ctrl Pts',(5.14387279445973,-0.00497163248228358,
20.792687972932));
#3866=CARTESIAN_POINT('Ctrl Pts',(5.12952729047627,0.463027040239573,20.8034899547421));
#3867=CARTESIAN_POINT('Ctrl Pts',(5.05125586564336,0.927537863768541,20.8142976826533));
#3868=CARTESIAN_POINT('Ctrl Pts',(4.71191547845818,2.00456760519866,20.8405555867372));
#3869=CARTESIAN_POINT('Ctrl Pts',(4.39348700952265,2.58877337250193,20.8558233490671));
#3870=CARTESIAN_POINT('Ctrl Pts',(3.55488852958905,3.59506816249693,20.8866324317565));
#3871=CARTESIAN_POINT('Ctrl Pts',(3.0450475862,4.00925453272772,20.9018811185757));
#3872=CARTESIAN_POINT('Ctrl Pts',(1.90204159923455,4.61381933638388,20.9326501832737));
#3873=CARTESIAN_POINT('Ctrl Pts',(1.28130400073465,4.80090819712211,20.9478790812286));
#3874=CARTESIAN_POINT('Ctrl Pts',(0.0112982097442575,4.92447234266161,20.9786070353916));
#3875=CARTESIAN_POINT('Ctrl Pts',(-0.625382543031199,4.86266673414439,20.9938154006873));
#3876=CARTESIAN_POINT('Ctrl Pts',(-1.83068848835259,4.49964547026394,21.0245010057121));
#3877=CARTESIAN_POINT('Ctrl Pts',(-2.38848651120562,4.20477991972533,21.0396881175937));
#3878=CARTESIAN_POINT('Ctrl Pts',(-3.35213408510926,3.42219274375316,21.0703300069938));
#3879=CARTESIAN_POINT('Ctrl Pts',(-3.75052524187834,2.94437535371745,21.0854951364109));
#3880=CARTESIAN_POINT('Ctrl Pts',(-4.33636774718294,1.86989181137965,21.116091839484));
#3881=CARTESIAN_POINT('Ctrl Pts',(-4.52078630389847,1.28508789137456,21.1312342247364));
#3882=CARTESIAN_POINT('Ctrl Pts',(-4.65274205938737,0.086279396191958,21.1617841743167));
#3883=CARTESIAN_POINT('Ctrl Pts',(-4.60202690493304,-0.515764212754591,
21.1769030070995));
#3884=CARTESIAN_POINT('Ctrl Pts',(-4.2737875702308,-1.65760842731902,21.207404538409));
#3885=CARTESIAN_POINT('Ctrl Pts',(-4.00240511656515,-2.1871802770453,21.2224989558658));
#3886=CARTESIAN_POINT('Ctrl Pts',(-3.27638689231927,-3.10457660827382,21.2529502963796));
#3887=CARTESIAN_POINT('Ctrl Pts',(-2.83123523214074,-3.48542607941297,21.2680193928023));
#3888=CARTESIAN_POINT('Ctrl Pts',(-1.82722291146794,-4.04936580913112,21.2984185911299));
#3889=CARTESIAN_POINT('Ctrl Pts',(-1.27964870352384,-4.22971947515509,21.3134614470531));
#3890=CARTESIAN_POINT('Ctrl Pts',(-0.713310765782755,-4.29927828545368,
21.3287440924162));
#3891=CARTESIAN_POINT('Ctrl Pts',(5.39222532078822,-0.00303611258843084,
20.7988356231246));
#3892=CARTESIAN_POINT('Ctrl Pts',(5.37769073411766,0.487580718468709,20.8101589815597));
#3893=CARTESIAN_POINT('Ctrl Pts',(5.29613637004206,0.974718258145119,20.8214907367438));
#3894=CARTESIAN_POINT('Ctrl Pts',(4.94143659398811,2.10458035564774,20.8490273118972));
#3895=CARTESIAN_POINT('Ctrl Pts',(4.60806833411708,2.7177940292151,20.8650425530664));
#3896=CARTESIAN_POINT('Ctrl Pts',(3.72922295537384,3.77463852870186,20.8973707717751));
#3897=CARTESIAN_POINT('Ctrl Pts',(3.19455673130929,4.20998005635263,20.9133750895732));
#3898=CARTESIAN_POINT('Ctrl Pts',(1.99514819857655,4.84601224373415,20.9456806351769));
#3899=CARTESIAN_POINT('Ctrl Pts',(1.34342685168467,5.04324157802603,20.9616736101154));
#3900=CARTESIAN_POINT('Ctrl Pts',(0.00932811131715299,5.17449507966863,
20.9939557490827));
#3901=CARTESIAN_POINT('Ctrl Pts',(-0.659847846081556,5.11030806073671,21.0099369387917));
#3902=CARTESIAN_POINT('Ctrl Pts',(-1.92732721918234,4.73007369040861,21.0421948590814));
#3903=CARTESIAN_POINT('Ctrl Pts',(-2.51426350711841,4.42067704841074,21.0581638158658));
#3904=CARTESIAN_POINT('Ctrl Pts',(-3.52885474533805,3.59858620587259,21.0903966342381));
#3905=CARTESIAN_POINT('Ctrl Pts',(-3.94866865796075,3.09628157130673,21.1063528936443));
#3906=CARTESIAN_POINT('Ctrl Pts',(-4.56661231819898,1.96595512429729,21.1385596621353));
#3907=CARTESIAN_POINT('Ctrl Pts',(-4.76154310013523,1.35039083387622,21.1545027334176));
#3908=CARTESIAN_POINT('Ctrl Pts',(-4.90198309359841,0.0877923280971103,
21.1866824394543));
#3909=CARTESIAN_POINT('Ctrl Pts',(-4.84931606823992,-0.546667575817927,
21.2026117992669));
#3910=CARTESIAN_POINT('Ctrl Pts',(-4.50472035802579,-1.75068038138184,21.2347633623375));
#3911=CARTESIAN_POINT('Ctrl Pts',(-4.21924019094034,-2.30946800932278,21.2506784502534));
#3912=CARTESIAN_POINT('Ctrl Pts',(-3.45452917386828,-3.27810591026089,21.282800714945));
#3913=CARTESIAN_POINT('Ctrl Pts',(-2.985272521322,-3.68060466269667,21.2987009359085));
#3914=CARTESIAN_POINT('Ctrl Pts',(-1.92607918650433,-4.27721341030349,21.3307926390728));
#3915=CARTESIAN_POINT('Ctrl Pts',(-1.34802642026063,-4.46842886051532,21.3466773721132));
#3916=CARTESIAN_POINT('Ctrl Pts',(-0.749780694626994,-4.54264848887421,
21.3628234931011));
#3917=CARTESIAN_POINT('Ctrl Pts',(5.49841579961029,-0.00088987495766609,
20.6724588834371));
#3918=CARTESIAN_POINT('Ctrl Pts',(5.48395086572812,0.499414375156997,20.6840053839182));
#3919=CARTESIAN_POINT('Ctrl Pts',(5.40114007272673,0.996301400074128,20.695562208279));
#3920=CARTESIAN_POINT('Ctrl Pts',(5.04016098317572,2.14906292247639,20.7236501758483));
#3921=CARTESIAN_POINT('Ctrl Pts',(4.70051158344159,2.77496924201112,20.7399894040762));
#3922=CARTESIAN_POINT('Ctrl Pts',(3.80443866239075,3.85412571083747,20.7729799076455));
#3923=CARTESIAN_POINT('Ctrl Pts',(3.25902607369026,4.29891965988071,20.7893153504867));
#3924=CARTESIAN_POINT('Ctrl Pts',(2.03494489963989,4.94919079133373,20.8222981433741));
#3925=CARTESIAN_POINT('Ctrl Pts',(1.36954868373237,5.15112847591477,20.8386296351597));
#3926=CARTESIAN_POINT('Ctrl Pts',(0.00692086798502164,5.28621510324967,
20.8716043944689));
#3927=CARTESIAN_POINT('Ctrl Pts',(-0.676844365246131,5.22117761307567,20.8879317579832));
#3928=CARTESIAN_POINT('Ctrl Pts',(-1.97245898283416,4.833569970235,20.9208981356904));
#3929=CARTESIAN_POINT('Ctrl Pts',(-2.57270373657361,4.51777669214128,20.9372211843253));
#3930=CARTESIAN_POINT('Ctrl Pts',(-3.61075711513015,3.67799162679925,20.9701788046493));
#3931=CARTESIAN_POINT('Ctrl Pts',(-4.04055231014446,3.16459956328658,20.9864973398257));
#3932=CARTESIAN_POINT('Ctrl Pts',(-4.67362685272662,2.0087297989019,21.0194457977139));
#3933=CARTESIAN_POINT('Ctrl Pts',(-4.8736283540855,1.37897278820625,21.0357596063719));
#3934=CARTESIAN_POINT('Ctrl Pts',(-5.01839995216417,0.0866970506700926,
21.0686984651933));
#3935=CARTESIAN_POINT('Ctrl Pts',(-4.96502287639978,-0.562971205035846,
21.085007317603));
#3936=CARTESIAN_POINT('Ctrl Pts',(-4.61308120839782,-1.79637594029145,21.1179361060734));
#3937=CARTESIAN_POINT('Ctrl Pts',(-4.3211000003217,-2.36910100269975,21.134239753758));
#3938=CARTESIAN_POINT('Ctrl Pts',(-3.53824281620715,-3.36237966076773,21.1671579619286));
#3939=CARTESIAN_POINT('Ctrl Pts',(-3.05756290198988,-3.77540493327285,21.1834561366522));
#3940=CARTESIAN_POINT('Ctrl Pts',(-1.97195840855095,-4.38806855796267,21.2163632084598));
#3941=CARTESIAN_POINT('Ctrl Pts',(-1.37919365323367,-4.5847342424044,21.2326556221895));
#3942=CARTESIAN_POINT('Ctrl Pts',(-0.765425207145679,-4.66140094936502,
21.2492224067598));
#3943=CARTESIAN_POINT('Ctrl Pts',(5.51696120784044,-1.59819531740657E-14,
20.6));
#3944=CARTESIAN_POINT('Ctrl Pts',(5.50256729491106,0.502001626307925,20.6115855141636));
#3945=CARTESIAN_POINT('Ctrl Pts',(5.41959480632618,1.00062027087922,20.6231820455684));
#3946=CARTESIAN_POINT('Ctrl Pts',(5.05763195375269,2.15750134458958,20.6513680992038));
#3947=CARTESIAN_POINT('Ctrl Pts',(4.71692857459138,2.78573620040491,20.6677656668549));
#3948=CARTESIAN_POINT('Ctrl Pts',(3.81783902009816,3.86906345483263,20.7008767741139));
#3949=CARTESIAN_POINT('Ctrl Pts',(3.27049990848663,4.31566650051124,20.7172732319464));
#3950=CARTESIAN_POINT('Ctrl Pts',(2.0418914427764,4.96873183031602,20.7503821739696));
#3951=CARTESIAN_POINT('Ctrl Pts',(1.37394208345857,5.17163733322068,20.7667774510922));
#3952=CARTESIAN_POINT('Ctrl Pts',(0.0058911666411901,5.30760703952643,20.799884085912));
#3953=CARTESIAN_POINT('Ctrl Pts',(-0.680691760716418,5.24248730098198,20.8162781050968));
#3954=CARTESIAN_POINT('Ctrl Pts',(-1.98182760783995,4.8535867821628,20.8493822777863));
#3955=CARTESIAN_POINT('Ctrl Pts',(-2.58472712935481,4.53660609321861,20.8657749547333));
#3956=CARTESIAN_POINT('Ctrl Pts',(-3.62753571036726,3.69341645013996,20.8988764958746));
#3957=CARTESIAN_POINT('Ctrl Pts',(-4.05939420579124,3.1778487702901,20.9152677383709));
#3958=CARTESIAN_POINT('Ctrl Pts',(-4.69566135564783,2.01686605780861,20.9483664623007));
#3959=CARTESIAN_POINT('Ctrl Pts',(-4.8967734387467,1.38422604120202,20.9647561692565));
#3960=CARTESIAN_POINT('Ctrl Pts',(-5.0425772022402,0.0858275406995147,20.9978518720506));
#3961=CARTESIAN_POINT('Ctrl Pts',(-4.98912559792961,-0.56702137931266,21.0142399323905));
#3962=CARTESIAN_POINT('Ctrl Pts',(-4.6357634568219,-1.80665859102479,21.0473323895415));
#3963=CARTESIAN_POINT('Ctrl Pts',(-4.34246358102227,-2.38238090239392,21.0637186809261));
#3964=CARTESIAN_POINT('Ctrl Pts',(-3.55581094265517,-3.38103133436522,21.0968076446567));
#3965=CARTESIAN_POINT('Ctrl Pts',(-3.07270190997632,-3.79639023501204,21.1131920320017));
#3966=CARTESIAN_POINT('Ctrl Pts',(-1.98138334446914,-4.41267402404154,21.1462772281484));
#3967=CARTESIAN_POINT('Ctrl Pts',(-1.38539517268918,-4.61060646520191,21.162659561904));
#3968=CARTESIAN_POINT('Ctrl Pts',(-0.768177217870091,-4.68787887915132,
21.1793199067758));
#3969=CARTESIAN_POINT('',(5.51696120784044,-1.59809274788518E-14,20.6));
#3970=CARTESIAN_POINT('Ctrl Pts',(5.51696120784044,-1.59814110729795E-14,
20.6));
#3971=CARTESIAN_POINT('Ctrl Pts',(5.50256729491106,0.502001626307925,20.6115855141636));
#3972=CARTESIAN_POINT('Ctrl Pts',(5.41959480632618,1.00062027087922,20.6231820455684));
#3973=CARTESIAN_POINT('Ctrl Pts',(5.05763195375269,2.15750134458958,20.6513680992038));
#3974=CARTESIAN_POINT('Ctrl Pts',(4.71692857459138,2.78573620040491,20.6677656668549));
#3975=CARTESIAN_POINT('Ctrl Pts',(3.81783902009816,3.86906345483263,20.7008767741139));
#3976=CARTESIAN_POINT('Ctrl Pts',(3.27049990848663,4.31566650051124,20.7172732319464));
#3977=CARTESIAN_POINT('Ctrl Pts',(2.0418914427764,4.96873183031602,20.7503821739696));
#3978=CARTESIAN_POINT('Ctrl Pts',(1.37394208345857,5.17163733322068,20.7667774510922));
#3979=CARTESIAN_POINT('Ctrl Pts',(0.0058911666411901,5.30760703952643,20.799884085912));
#3980=CARTESIAN_POINT('Ctrl Pts',(-0.680691760716418,5.24248730098198,20.8162781050968));
#3981=CARTESIAN_POINT('Ctrl Pts',(-1.98182760783995,4.8535867821628,20.8493822777863));
#3982=CARTESIAN_POINT('Ctrl Pts',(-2.58472712935481,4.53660609321861,20.8657749547333));
#3983=CARTESIAN_POINT('Ctrl Pts',(-3.62753571036726,3.69341645013996,20.8988764958746));
#3984=CARTESIAN_POINT('Ctrl Pts',(-4.05939420579124,3.1778487702901,20.9152677383709));
#3985=CARTESIAN_POINT('Ctrl Pts',(-4.69566135564783,2.01686605780861,20.9483664623007));
#3986=CARTESIAN_POINT('Ctrl Pts',(-4.8967734387467,1.38422604120202,20.9647561692565));
#3987=CARTESIAN_POINT('Ctrl Pts',(-5.0425772022402,0.0858275406995147,20.9978518720506));
#3988=CARTESIAN_POINT('Ctrl Pts',(-4.98912559792961,-0.56702137931266,21.0142399323905));
#3989=CARTESIAN_POINT('Ctrl Pts',(-4.6357634568219,-1.80665859102479,21.0473323895415));
#3990=CARTESIAN_POINT('Ctrl Pts',(-4.34246358102227,-2.38238090239392,21.0637186809261));
#3991=CARTESIAN_POINT('Ctrl Pts',(-3.55581094265517,-3.38103133436522,21.0968076446567));
#3992=CARTESIAN_POINT('Ctrl Pts',(-3.07270190997632,-3.79639023501204,21.1131920320017));
#3993=CARTESIAN_POINT('Ctrl Pts',(-1.98138334446914,-4.41267402404154,21.1462772281484));
#3994=CARTESIAN_POINT('Ctrl Pts',(-1.38539517268918,-4.61060646520191,21.162659561904));
#3995=CARTESIAN_POINT('Ctrl Pts',(-0.768177217870091,-4.68787887915132,
21.1793199067758));
#3996=CARTESIAN_POINT('Origin',(5.274775319269,-0.00131497462735606,20.5379978531131));
#3997=CARTESIAN_POINT('Ctrl Pts',(6.44006564688067,-1.59739571830436E-14,
19.8));
#3998=CARTESIAN_POINT('Ctrl Pts',(6.42490023667665,0.713336653411272,19.8141030928197));
#3999=CARTESIAN_POINT('Ctrl Pts',(6.29119685101658,1.42000417432383,19.8281723326199));
#4000=CARTESIAN_POINT('Ctrl Pts',(5.75512019190827,2.86777842295629,19.8589061732717));
#4001=CARTESIAN_POINT('Ctrl Pts',(5.31888337675922,3.58156293357074,19.8753152187946));
#4002=CARTESIAN_POINT('Ctrl Pts',(4.20107805184563,4.79572529775363,19.9084484900458));
#4003=CARTESIAN_POINT('Ctrl Pts',(3.53223357289656,5.28620749243346,19.9248570522552));
#4004=CARTESIAN_POINT('Ctrl Pts',(2.0499539939811,5.97899980207313,19.9579893998654));
#4005=CARTESIAN_POINT('Ctrl Pts',(1.25193457835968,6.17706396634446,19.9743974567556));
#4006=CARTESIAN_POINT('Ctrl Pts',(-0.368119561147741,6.25445574174774,20.0075288376878));
#4007=CARTESIAN_POINT('Ctrl Pts',(-1.17441573785911,6.13573792876846,20.0239363658249));
#4008=CARTESIAN_POINT('Ctrl Pts',(-2.68894870366103,5.59701362846547,20.0570667341844));
#4009=CARTESIAN_POINT('Ctrl Pts',(-3.38350485695861,5.18476716503507,20.07347370858));
#4010=CARTESIAN_POINT('Ctrl Pts',(-4.56923178129829,4.12101201061893,20.1066030153565));
#4011=CARTESIAN_POINT('Ctrl Pts',(-5.05081184686708,3.48180196626301,20.123009409328));
#4012=CARTESIAN_POINT('Ctrl Pts',(-5.73743760342603,2.06068251863533,20.1561376021085));
#4013=CARTESIAN_POINT('Ctrl Pts',(-5.93836324842102,1.29367712553088,20.1725433871227));
#4014=CARTESIAN_POINT('Ctrl Pts',(-6.03305277709596,-0.266965842728614,
20.2056704097722));
#4015=CARTESIAN_POINT('Ctrl Pts',(-5.9286975298143,-1.0453903204059,20.2220755552709));
#4016=CARTESIAN_POINT('Ctrl Pts',(-5.42851842084065,-2.51098177847505,20.2552013475738));
#4017=CARTESIAN_POINT('Ctrl Pts',(-5.04018909370339,-3.18493188353073,20.2716058207794));
#4018=CARTESIAN_POINT('Ctrl Pts',(-4.03087526969836,-4.33949603710809,20.3047303180392));
#4019=CARTESIAN_POINT('Ctrl Pts',(-3.42176762079113,-4.81085380635538,20.3211340837358));
#4020=CARTESIAN_POINT('Ctrl Pts',(-2.06323757717385,-5.48890800706749,20.3542572163248));
#4021=CARTESIAN_POINT('Ctrl Pts',(-1.3281994951948,-5.69163945058234,20.3706602366135));
#4022=CARTESIAN_POINT('Ctrl Pts',(0.170754357009029,-5.80192806165885,20.4037819294714));
#4023=CARTESIAN_POINT('Ctrl Pts',(0.920001322104799,-5.71131677024717,20.4201841634934));
#4024=CARTESIAN_POINT('Ctrl Pts',(2.3338516705932,-5.24897747474993,20.4533043356325));
#4025=CARTESIAN_POINT('Ctrl Pts',(2.98572914710261,-4.88449422161382,20.4697057393366));
#4026=CARTESIAN_POINT('Ctrl Pts',(4.10622791586705,-3.9300521120854,20.5028243033734));
#4027=CARTESIAN_POINT('Ctrl Pts',(4.56595911613339,-3.35155259923046,20.5192248292689));
#4028=CARTESIAN_POINT('Ctrl Pts',(5.2328848732394,-2.05714924570688,20.5523416908583));
#4029=CARTESIAN_POINT('Ctrl Pts',(5.43630116257286,-1.35510178014137,20.5687412876684));
#4030=CARTESIAN_POINT('Ctrl Pts',(5.51694389535923,-0.422627991239985,20.590262367724));
#4031=CARTESIAN_POINT('Ctrl Pts',(5.5230116525096,-0.211015106087414,20.595130058605));
#4032=CARTESIAN_POINT('Ctrl Pts',(5.51696120784044,-1.59535550308244E-14,
20.6));
#4033=CARTESIAN_POINT('Ctrl Pts',(6.44660473049926,0.000255229756540378,
19.7442831217299));
#4034=CARTESIAN_POINT('Ctrl Pts',(6.4315329962264,0.71432144097187,19.7584005485267));
#4035=CARTESIAN_POINT('Ctrl Pts',(6.29780121738565,1.42175383642752,19.7724845434802));
#4036=CARTESIAN_POINT('Ctrl Pts',(5.76136632951269,2.87118096542102,19.8032516268224));
#4037=CARTESIAN_POINT('Ctrl Pts',(5.32475516903278,3.58583804216516,19.8196790382717));
#4038=CARTESIAN_POINT('Ctrl Pts',(4.20583944553571,4.80158548850001,19.8528507244309));
#4039=CARTESIAN_POINT('Ctrl Pts',(3.53627124285727,5.29276664172348,19.8692789335046));
#4040=CARTESIAN_POINT('Ctrl Pts',(2.05225952711014,5.98665188873011,19.9024523342483));
#4041=CARTESIAN_POINT('Ctrl Pts',(1.25324926917721,6.18510183464535,19.9188813537861));
#4042=CARTESIAN_POINT('Ctrl Pts',(-0.368936760842238,6.2628524741052,19.9520564908098));
#4043=CARTESIAN_POINT('Ctrl Pts',(-1.17635353361676,6.14410696743763,19.9684863327306));
#4044=CARTESIAN_POINT('Ctrl Pts',(-2.69310380881139,5.60486645939194,20.0016632285475));
#4045=CARTESIAN_POINT('Ctrl Pts',(-3.38873650958463,5.19213910518773,20.018093903605));
#4046=CARTESIAN_POINT('Ctrl Pts',(-4.57640531370614,4.12698674889385,20.051272581184));
#4047=CARTESIAN_POINT('Ctrl Pts',(-5.05883429625171,3.48687601715199,20.0677040994241));
#4048=CARTESIAN_POINT('Ctrl Pts',(-5.74677700325738,2.06362103491734,20.1008845816981));
#4049=CARTESIAN_POINT('Ctrl Pts',(-5.94816117897129,1.29540258843327,20.1173169527082));
#4050=CARTESIAN_POINT('Ctrl Pts',(-6.04326530432837,-0.267834057410107,
20.1504992622439));
#4051=CARTESIAN_POINT('Ctrl Pts',(-5.93886580888611,-1.04761426238985,20.1669324952219));
#4052=CARTESIAN_POINT('Ctrl Pts',(-5.4380469012816,-2.51587537364489,20.2001166539635));
#4053=CARTESIAN_POINT('Ctrl Pts',(-5.04913181574108,-3.19111528442226,20.2165507577196));
#4054=CARTESIAN_POINT('Ctrl Pts',(-4.03813332829574,-4.34799667131492,20.2497367867263));
#4055=CARTESIAN_POINT('Ctrl Pts',(-3.42794595739055,-4.82036261996345,20.2661717696516));
#4056=CARTESIAN_POINT('Ctrl Pts',(-2.06686914568102,-5.49997491317074,20.2993596888797));
#4057=CARTESIAN_POINT('Ctrl Pts',(-1.33039022804474,-5.70324552091435,20.3157955585253));
#4058=CARTESIAN_POINT('Ctrl Pts',(0.1716331026538,-5.81401744912277,20.3489853874765));
#4059=CARTESIAN_POINT('Ctrl Pts',(0.922479218276754,-5.72335055640607,20.3654221498516));
#4060=CARTESIAN_POINT('Ctrl Pts',(2.33946975066306,-5.2602545589117,20.3986139043657));
#4061=CARTESIAN_POINT('Ctrl Pts',(2.99286009666856,-4.8950823271485,20.4150515694955));
#4062=CARTESIAN_POINT('Ctrl Pts',(4.11607108240303,-3.93866723599067,20.4482452613986));
#4063=CARTESIAN_POINT('Ctrl Pts',(4.57697957895928,-3.35890669656374,20.464683837936));
#4064=CARTESIAN_POINT('Ctrl Pts',(5.24572261372132,-2.06153685342422,20.4978794820816));
#4065=CARTESIAN_POINT('Ctrl Pts',(5.44976703365112,-1.35781479007158,20.5143189630072));
#4066=CARTESIAN_POINT('Ctrl Pts',(5.53077739192373,-0.423026863224071,20.5358936977678));
#4067=CARTESIAN_POINT('Ctrl Pts',(5.5368983242254,-0.210882995646016,20.5407735929276));
#4068=CARTESIAN_POINT('Ctrl Pts',(5.53087026401306,0.000667406218221627,
20.5456558374222));
#4069=CARTESIAN_POINT('Ctrl Pts',(6.42932589729098,0.000541591601514701,
19.6671846654918));
#4070=CARTESIAN_POINT('Ctrl Pts',(6.41439125081538,0.712700048427483,19.6812642836034));
#4071=CARTESIAN_POINT('Ctrl Pts',(6.28111293027808,1.4182802505338,19.6953109927822));
#4072=CARTESIAN_POINT('Ctrl Pts',(5.74627767099877,2.86399279202339,19.7259975558478));
#4073=CARTESIAN_POINT('Ctrl Pts',(5.31089502338034,3.57687002935907,19.7423826024208));
#4074=CARTESIAN_POINT('Ctrl Pts',(4.19498920696796,4.78968290701337,19.7754698703234));
#4075=CARTESIAN_POINT('Ctrl Pts',(3.52716913948691,5.27973107967583,19.7918569379422));
#4076=CARTESIAN_POINT('Ctrl Pts',(2.04691266859971,5.97211156894461,19.8249483882043));
#4077=CARTESIAN_POINT('Ctrl Pts',(1.24987177378773,6.17019658621112,19.841337516937));
#4078=CARTESIAN_POINT('Ctrl Pts',(-0.368428790010446,6.24798872698029,19.8744332499417));
#4079=CARTESIAN_POINT('Ctrl Pts',(-1.1739655337774,6.12964163584381,19.8908244833216));
#4080=CARTESIAN_POINT('Ctrl Pts',(-2.68728950622333,5.59186066842093,19.9239245984802));
#4081=CARTESIAN_POINT('Ctrl Pts',(-3.38140491866493,5.18017391022255,19.9403179829322));
#4082=CARTESIAN_POINT('Ctrl Pts',(-4.56657991148079,4.11756363238553,19.9734225812612));
#4083=CARTESIAN_POINT('Ctrl Pts',(-5.04805037177711,3.47892546123751,19.9898181651905));
#4084=CARTESIAN_POINT('Ctrl Pts',(-5.73472317140335,2.05882034898875,20.0229273503854));
#4085=CARTESIAN_POINT('Ctrl Pts',(-5.93580110337788,1.2922470216171,20.0393251837981));
#4086=CARTESIAN_POINT('Ctrl Pts',(-6.03093659329031,-0.267760138884197,
20.0724390626137));
#4087=CARTESIAN_POINT('Ctrl Pts',(-5.92686729080343,-1.04598619762221,20.0888391970173));
#4088=CARTESIAN_POINT('Ctrl Pts',(-5.4272491620612,-2.51143135901114,20.1219578794173));
#4089=CARTESIAN_POINT('Ctrl Pts',(-5.0391869639969,-3.18543321799303,20.1383603678213));
#4090=CARTESIAN_POINT('Ctrl Pts',(-4.03025626345298,-4.34029399534952,20.1714839670668));
#4091=CARTESIAN_POINT('Ctrl Pts',(-3.42125953635621,-4.81189159337126,20.187888864027));
#4092=CARTESIAN_POINT('Ctrl Pts',(-2.06270850841839,-5.49049684312532,20.2210174967083));
#4093=CARTESIAN_POINT('Ctrl Pts',(-1.3275383662991,-5.69353216183608,20.2374248583114));
#4094=CARTESIAN_POINT('Ctrl Pts',(0.17193998703236,-5.80434436622163,20.2705586439814));
#4095=CARTESIAN_POINT('Ctrl Pts',(0.921574007260816,-5.71394624372905,20.2869685277566));
#4096=CARTESIAN_POINT('Ctrl Pts',(2.33639321034385,-5.25179902270387,20.3201075895699));
#4097=CARTESIAN_POINT('Ctrl Pts',(2.98884261773726,-4.88729206330655,20.3365200560507));
#4098=CARTESIAN_POINT('Ctrl Pts',(4.11054104260517,-3.93246338942972,20.3696645207356));
#4099=CARTESIAN_POINT('Ctrl Pts',(4.57088824659678,-3.35360469954019,20.3860796328389));
#4100=CARTESIAN_POINT('Ctrl Pts',(5.23891704592788,-2.05811622736784,20.4192296338531));
#4101=CARTESIAN_POINT('Ctrl Pts',(5.44281030523187,-1.35535353578402,20.4356474495927));
#4102=CARTESIAN_POINT('Ctrl Pts',(5.52386587426245,-0.421754958910562,20.4571949183959));
#4103=CARTESIAN_POINT('Ctrl Pts',(5.53001275374845,-0.20987542657365,20.4620687385514));
#4104=CARTESIAN_POINT('Ctrl Pts',(5.52402543925686,0.00141688516439585,
20.4669449824541));
#4105=CARTESIAN_POINT('Ctrl Pts',(6.3591768988458,0.000742435955974495,
19.5787258735954));
#4106=CARTESIAN_POINT('Ctrl Pts',(6.34441360071685,0.705134935985862,19.5926519575115));
#4107=CARTESIAN_POINT('Ctrl Pts',(6.21259749324109,1.40302683073152,19.6065455771491));
#4108=CARTESIAN_POINT('Ctrl Pts',(5.68360342884805,2.83300383318603,19.6368979279935));
#4109=CARTESIAN_POINT('Ctrl Pts',(5.25296868490382,3.53812969950025,19.6531047887794));
#4110=CARTESIAN_POINT('Ctrl Pts',(4.14920742441879,4.73777323593127,19.6858322420445));
#4111=CARTESIAN_POINT('Ctrl Pts',(3.48864856461808,5.22250775566557,19.7020414801803));
#4112=CARTESIAN_POINT('Ctrl Pts',(2.02446104345157,5.90739447952929,19.7347736880692));
#4113=CARTESIAN_POINT('Ctrl Pts',(1.23606442664679,6.10334337547642,19.7509853342909));
#4114=CARTESIAN_POINT('Ctrl Pts',(-0.364711586797227,6.1803134257267,19.7837224636439));
#4115=CARTESIAN_POINT('Ctrl Pts',(-1.1615341979227,6.06325862246426,19.7999365646283));
#4116=CARTESIAN_POINT('Ctrl Pts',(-2.65851237635723,5.53130790948333,19.8326787685039));
#4117=CARTESIAN_POINT('Ctrl Pts',(-3.34513976017375,5.12407630377498,19.8488953853506));
#4118=CARTESIAN_POINT('Ctrl Pts',(-4.51755005626491,4.07293793349297,19.8816428129151));
#4119=CARTESIAN_POINT('Ctrl Pts',(-4.99384374052134,3.44118643961899,19.8978620143697));
#4120=CARTESIAN_POINT('Ctrl Pts',(-5.67314875532072,2.03636525392322,19.9306148169058));
#4121=CARTESIAN_POINT('Ctrl Pts',(-5.87207767278393,1.2780325127221,19.9468366759517));
#4122=CARTESIAN_POINT('Ctrl Pts',(-5.96621268391098,-0.265235514642855,
19.9795950093802));
#4123=CARTESIAN_POINT('Ctrl Pts',(-5.86327093881746,-1.03512200306811,19.9958196019732));
#4124=CARTESIAN_POINT('Ctrl Pts',(-5.36901836830278,-2.48489219269672,20.0285836279754));
#4125=CARTESIAN_POINT('Ctrl Pts',(-4.98511481379185,-3.15169584269966,20.0448110325222));
#4126=CARTESIAN_POINT('Ctrl Pts',(-3.98696538522119,-4.294246812684,20.0775809193375));
#4127=CARTESIAN_POINT('Ctrl Pts',(-3.38446690963464,-4.76082796677845,20.0938112164861));
#4128=CARTESIAN_POINT('Ctrl Pts',(-2.04037827074513,-5.43223183803156,20.1265871391718));
#4129=CARTESIAN_POINT('Ctrl Pts',(-1.31302276619067,-5.63312193410328,20.1428204135165));
#4130=CARTESIAN_POINT('Ctrl Pts',(0.170552079012099,-5.74277920523908,20.1756025473108));
#4131=CARTESIAN_POINT('Ctrl Pts',(0.912248601666256,-5.6533509650436,20.1918388902146));
#4132=CARTESIAN_POINT('Ctrl Pts',(2.31212037806418,-5.19610761209076,20.2246274299053));
#4133=CARTESIAN_POINT('Ctrl Pts',(2.95769013816106,-4.83545873598414,20.2408669136831));
#4134=CARTESIAN_POINT('Ctrl Pts',(4.06758835383634,-3.89070136929148,20.2736620761102));
#4135=CARTESIAN_POINT('Ctrl Pts',(4.52310505338433,-3.31793748569313,20.2899047818959));
#4136=CARTESIAN_POINT('Ctrl Pts',(5.18414297830901,-2.03605021445479,20.3227067810269));
#4137=CARTESIAN_POINT('Ctrl Pts',(5.38591310591293,-1.34065202007286,20.3389528503002));
#4138=CARTESIAN_POINT('Ctrl Pts',(5.46613488619769,-0.416809404671916,20.3602749763565));
#4139=CARTESIAN_POINT('Ctrl Pts',(5.47222048459902,-0.207142885922044,20.3650979336295));
#4140=CARTESIAN_POINT('Ctrl Pts',(5.46629857099953,0.00194411095628606,
20.3699232792158));
#4141=CARTESIAN_POINT('Ctrl Pts',(6.2620647543342,0.000761866349378752,
19.5166474749668));
#4142=CARTESIAN_POINT('Ctrl Pts',(6.24743519886307,0.694397961716883,19.5303609765056));
#4143=CARTESIAN_POINT('Ctrl Pts',(6.1175415447612,1.38160070572354,19.5440422114877));
#4144=CARTESIAN_POINT('Ctrl Pts',(5.59645792600301,2.78961860003216,19.5739299124208));
#4145=CARTESIAN_POINT('Ctrl Pts',(5.17233188251148,3.48387172859341,19.5898884519433));
#4146=CARTESIAN_POINT('Ctrl Pts',(4.08536243706073,4.66494694363252,19.6221131790415));
#4147=CARTESIAN_POINT('Ctrl Pts',(3.43490038704251,5.14213293317376,19.6380733485863));
#4148=CARTESIAN_POINT('Ctrl Pts',(1.9931789652786,5.81627345245345,19.6703010792992));
#4149=CARTESIAN_POINT('Ctrl Pts',(1.21692434992918,6.00908888662489,19.6862628647676));
#4150=CARTESIAN_POINT('Ctrl Pts',(-0.35912125252281,6.08465451153266,19.7184937926686));
#4151=CARTESIAN_POINT('Ctrl Pts',(-1.14358882674871,5.9693012346887,19.7344572115164));
#4152=CARTESIAN_POINT('Ctrl Pts',(-2.61728405720661,5.44539591167291,19.7666914950001));
#4153=CARTESIAN_POINT('Ctrl Pts',(-3.29318754699778,5.04439405465024,19.7826565936389));
#4154=CARTESIAN_POINT('Ctrl Pts',(-4.44721726537384,4.00944626523796,19.8148943764015));
#4155=CARTESIAN_POINT('Ctrl Pts',(-4.9159983077535,3.38747308256637,19.8308612152825));
#4156=CARTESIAN_POINT('Ctrl Pts',(-5.58450896488699,2.00448114876225,19.8631026391714));
#4157=CARTESIAN_POINT('Ctrl Pts',(-5.78021902792799,1.25797681867348,19.879071285082));
#4158=CARTESIAN_POINT('Ctrl Pts',(-5.87266575162882,-0.261143036771618,
19.9113164954579));
#4159=CARTESIAN_POINT('Ctrl Pts',(-5.77122759655337,-1.01893811676196,19.9272870185199));
#4160=CARTESIAN_POINT('Ctrl Pts',(-5.28453468334845,-2.44586795831781,19.9595361665586));
#4161=CARTESIAN_POINT('Ctrl Pts',(-4.90657546773739,-3.1021221270238,19.9755086388461));
#4162=CARTESIAN_POINT('Ctrl Pts',(-3.92399268734206,-4.22652787628504,20.0077618831559));
#4163=CARTESIAN_POINT('Ctrl Pts',(-3.33093796399802,-4.6856539010547,20.0237363779822));
#4164=CARTESIAN_POINT('Ctrl Pts',(-2.00800179154528,-5.34625149577396,20.0559938849657));
#4165=CARTESIAN_POINT('Ctrl Pts',(-1.29213751252072,-5.54385153184739,20.0719704809737));
#4166=CARTESIAN_POINT('Ctrl Pts',(0.167923256841703,-5.65155541913673,20.1042324084282));
#4167=CARTESIAN_POINT('Ctrl Pts',(0.897819836842116,-5.56343706839804,20.1202111965875));
#4168=CARTESIAN_POINT('Ctrl Pts',(2.2753502293099,-5.1132652235669,20.1524777410137));
#4169=CARTESIAN_POINT('Ctrl Pts',(2.91057292555111,-4.75826846825592,20.1684587579432));
#4170=CARTESIAN_POINT('Ctrl Pts',(4.00261366655417,-3.82842956497552,20.2007301610069));
#4171=CARTESIAN_POINT('Ctrl Pts',(4.4507566425665,-3.26475754585506,20.2167134585171));
#4172=CARTESIAN_POINT('Ctrl Pts',(5.10101649029648,-2.00330256233779,20.2489899401117));
#4173=CARTESIAN_POINT('Ctrl Pts',(5.29944120600447,-1.31903269556451,20.2649757259417));
#4174=CARTESIAN_POINT('Ctrl Pts',(5.37823512714627,-0.410021583707922,20.285955061849));
#4175=CARTESIAN_POINT('Ctrl Pts',(5.38419108439537,-0.203725206057895,20.2907005609808));
#4176=CARTESIAN_POINT('Ctrl Pts',(5.37833282538882,0.00199755575909584,
20.2954483081968));
#4177=CARTESIAN_POINT('Ctrl Pts',(6.10416058766336,0.000364007079222191,
19.5159775384147));
#4178=CARTESIAN_POINT('Ctrl Pts',(6.08957655905288,0.67650114247794,19.5293453533996));
#4179=CARTESIAN_POINT('Ctrl Pts',(5.96263967521795,1.34624786773262,19.5426804893039));
#4180=CARTESIAN_POINT('Ctrl Pts',(5.45412660145931,2.71826829358907,19.5718093994419));
#4181=CARTESIAN_POINT('Ctrl Pts',(5.04047673612989,3.39460739259109,19.5873614121389));
#4182=CARTESIAN_POINT('Ctrl Pts',(3.9807769309585,4.5449300972898,19.6187610696605));
#4183=CARTESIAN_POINT('Ctrl Pts',(3.34680569237162,5.00952312922857,19.6343114377287));
#4184=CARTESIAN_POINT('Ctrl Pts',(1.94198146073268,5.66557208046387,19.6657070325846));
#4185=CARTESIAN_POINT('Ctrl Pts',(1.18575973154472,5.85300003840722,19.6812556156592));
#4186=CARTESIAN_POINT('Ctrl Pts',(-0.349292986899288,5.92583969445144,19.7126472730906));
#4187=CARTESIAN_POINT('Ctrl Pts',(-1.11318810841861,5.81310777819372,19.7281939852311));
#4188=CARTESIAN_POINT('Ctrl Pts',(-2.54793792263642,5.30224158822649,19.7595817571064));
#4189=CARTESIAN_POINT('Ctrl Pts',(-3.20581109555273,4.91147220050901,19.7751265626984));
#4190=CARTESIAN_POINT('Ctrl Pts',(-4.3287751687145,3.90336427539605,19.8065104638994));
#4191=CARTESIAN_POINT('Ctrl Pts',(-4.78476649627322,3.29769625665697,19.8220533494024));
#4192=CARTESIAN_POINT('Ctrl Pts',(-5.4347377474969,1.95131301640883,19.8534333813236));
#4193=CARTESIAN_POINT('Ctrl Pts',(-5.62480933284577,1.22473910591389,19.8689743403814));
#4194=CARTESIAN_POINT('Ctrl Pts',(-5.71400723829486,-0.253495989936069,
19.9003505006026));
#4195=CARTESIAN_POINT('Ctrl Pts',(-5.61491866618006,-0.990723857046312,
19.9158895280076));
#4196=CARTESIAN_POINT('Ctrl Pts',(-5.14073671282812,-2.37862090221907,19.9472618142149));
#4197=CARTESIAN_POINT('Ctrl Pts',(-4.77275368731614,-3.0167516240155,19.9627989028941));
#4198=CARTESIAN_POINT('Ctrl Pts',(-3.81654775878708,-4.10981960373833,19.994167315513));
#4199=CARTESIAN_POINT('Ctrl Pts',(-3.2395917217949,-4.55597630490838,20.0097024547438));
#4200=CARTESIAN_POINT('Ctrl Pts',(-1.95292842529478,-5.19761282508947,20.0410669970957));
#4201=CARTESIAN_POINT('Ctrl Pts',(-1.25686572411603,-5.38933165445605,20.0566001805016));
#4202=CARTESIAN_POINT('Ctrl Pts',(0.162473428168336,-5.49327053530868,20.0879608255389));
#4203=CARTESIAN_POINT('Ctrl Pts',(0.87183627648657,-5.40722769629002,20.1034920650902));
#4204=CARTESIAN_POINT('Ctrl Pts',(2.21030134372535,-4.96902379120743,20.1348488497337));
#4205=CARTESIAN_POINT('Ctrl Pts',(2.82733342629171,-4.62373389143089,20.1503780376125));
#4206=CARTESIAN_POINT('Ctrl Pts',(3.88781070143753,-3.71977357610707,20.1817310757075));
#4207=CARTESIAN_POINT('Ctrl Pts',(4.32282441073999,-3.17197134597908,20.1972581255803));
#4208=CARTESIAN_POINT('Ctrl Pts',(4.95373207938033,-1.94640198340104,20.2286074661074));
#4209=CARTESIAN_POINT('Ctrl Pts',(5.14604291227505,-1.28177593787045,20.2441326122945));
#4210=CARTESIAN_POINT('Ctrl Pts',(5.22206077194159,-0.399082009952377,20.2645033830277));
#4211=CARTESIAN_POINT('Ctrl Pts',(5.22773152933086,-0.198774469298913,20.2691112362354));
#4212=CARTESIAN_POINT('Ctrl Pts',(5.22193211830901,0.000961173031359844,
20.273720959192));
#4213=CARTESIAN_POINT('Ctrl Pts',(5.94788254016121,-0.000556783567692465,
19.6383660256582));
#4214=CARTESIAN_POINT('Ctrl Pts',(5.93313260186503,0.658250397923029,19.6513916687937));
#4215=CARTESIAN_POINT('Ctrl Pts',(5.80891453096296,1.31062808455235,19.6643833388826));
#4216=CARTESIAN_POINT('Ctrl Pts',(5.31248433651031,2.64666368978729,19.6927572540828));
#4217=CARTESIAN_POINT('Ctrl Pts',(4.90907170543514,3.30498457823386,19.707903552121));
#4218=CARTESIAN_POINT('Ctrl Pts',(3.87631898820674,4.42418396085024,19.7384772568625));
#4219=CARTESIAN_POINT('Ctrl Pts',(3.25875912741964,4.87592196952643,19.7536161418411));
#4220=CARTESIAN_POINT('Ctrl Pts',(1.89090262550054,5.51330711390763,19.7841736108206));
#4221=CARTESIAN_POINT('Ctrl Pts',(1.15486372760484,5.69504408264564,19.799304752048));
#4222=CARTESIAN_POINT('Ctrl Pts',(-0.338659811415178,5.76464300986672,19.8298459070105));
#4223=CARTESIAN_POINT('Ctrl Pts',(-1.08160103566223,5.65432718662364,19.8449690476933));
#4224=CARTESIAN_POINT('Ctrl Pts',(-2.47647238837192,5.15631342371754,19.8754936939886));
#4225=CARTESIAN_POINT('Ctrl Pts',(-3.11577255950906,4.77579760199987,19.8906086459965));
#4226=CARTESIAN_POINT('Ctrl Pts',(-4.20654447772472,3.79488374036358,19.9211165239014));
#4227=CARTESIAN_POINT('Ctrl Pts',(-4.64917298394474,3.20585105455975,19.9362231262136));
#4228=CARTESIAN_POINT('Ctrl Pts',(-5.2795836941933,1.89706678885004,19.9667139445829));
#4229=CARTESIAN_POINT('Ctrl Pts',(-5.46357823579433,1.19107427345862,19.9818120410528));
#4230=CARTESIAN_POINT('Ctrl Pts',(-5.5489427362947,-0.244709496440169,20.0122854909243));
#4231=CARTESIAN_POINT('Ctrl Pts',(-5.45206270741383,-0.960469052696303,
20.0273749209832));
#4232=CARTESIAN_POINT('Ctrl Pts',(-4.99053153248099,-2.30741071828875,20.0578306807448));
#4233=CARTESIAN_POINT('Ctrl Pts',(-4.63280342083282,-2.92641396547171,20.0729112744907));
#4234=CARTESIAN_POINT('Ctrl Pts',(-3.70401014019415,-3.9862168581356,20.1033490131528));
#4235=CARTESIAN_POINT('Ctrl Pts',(-3.1438992583098,-4.4184978070201,20.1184205881972));
#4236=CARTESIAN_POINT('Ctrl Pts',(-1.89544096947356,-5.03966276063016,20.1488399649066));
#4237=CARTESIAN_POINT('Ctrl Pts',(-1.22034683712066,-5.22490852131795,20.163902338259));
#4238=CARTESIAN_POINT('Ctrl Pts',(0.155637333658057,-5.3243986414625,20.1943029507223));
#4239=CARTESIAN_POINT('Ctrl Pts',(0.843024519740103,-5.24034325809528,20.2093559599906));
#4240=CARTESIAN_POINT('Ctrl Pts',(2.13946641731529,-4.81456038974634,20.2397374881395));
#4241=CARTESIAN_POINT('Ctrl Pts',(2.73681822968961,-4.47951139335157,20.2547807765822));
#4242=CARTESIAN_POINT('Ctrl Pts',(3.76295586996706,-3.60315255089962,20.2851430025666));
#4243=CARTESIAN_POINT('Ctrl Pts',(4.1835768144802,-3.07239017299161,20.3001762361362));
#4244=CARTESIAN_POINT('Ctrl Pts',(4.7930895774467,-1.88560440272216,20.3305188214954));
#4245=CARTESIAN_POINT('Ctrl Pts',(4.97852196512952,-1.2423213101445,20.34554216106));
#4246=CARTESIAN_POINT('Ctrl Pts',(5.05123480421379,-0.388374632959335,20.3652478059811));
#4247=CARTESIAN_POINT('Ctrl Pts',(5.0565319897587,-0.194618897918277,20.3697050734859));
#4248=CARTESIAN_POINT('Ctrl Pts',(5.05073602258553,-0.00144304079530944,
20.3741636511171));
#4249=CARTESIAN_POINT('Ctrl Pts',(5.92125403475811,-0.00159027233446777,
19.8638885680457));
#4250=CARTESIAN_POINT('Ctrl Pts',(5.90612499822434,0.6542449427016,19.8768558041323));
#4251=CARTESIAN_POINT('Ctrl Pts',(5.78202525266515,1.30350833095618,19.889787413388));
#4252=CARTESIAN_POINT('Ctrl Pts',(5.28705798078363,2.63281746395961,19.9180259895006));
#4253=CARTESIAN_POINT('Ctrl Pts',(4.88517235741967,3.28758729650031,19.9330975693965));
#4254=CARTESIAN_POINT('Ctrl Pts',(3.85694125465057,4.40034086460911,19.9635149183873));
#4255=CARTESIAN_POINT('Ctrl Pts',(3.24232900455592,4.84923642725718,19.9785738987428));
#4256=CARTESIAN_POINT('Ctrl Pts',(1.88151999590264,5.48218032280336,20.0089643171204));
#4257=CARTESIAN_POINT('Ctrl Pts',(1.14951363580959,5.66235039962342,20.0240102264132));
#4258=CARTESIAN_POINT('Ctrl Pts',(-0.335340502931016,5.73049448248713,20.0543733789356));
#4259=CARTESIAN_POINT('Ctrl Pts',(-1.07372355884446,5.62029413121193,20.0694058174737));
#4260=CARTESIAN_POINT('Ctrl Pts',(-2.45958196020244,5.12438295371071,20.099741233621));
#4261=CARTESIAN_POINT('Ctrl Pts',(-3.09450519402319,4.74582526746443,20.1147598687265));
#4262=CARTESIAN_POINT('Ctrl Pts',(-4.17738689501555,3.77059338296792,20.1450669973981));
#4263=CARTESIAN_POINT('Ctrl Pts',(-4.61656570960979,3.18522457239815,20.1600715194727));
#4264=CARTESIAN_POINT('Ctrl Pts',(-5.24162808718261,1.88512021156932,20.1903497642838));
#4265=CARTESIAN_POINT('Ctrl Pts',(-5.42376102393798,1.18405974605762,20.205339862957));
#4266=CARTESIAN_POINT('Ctrl Pts',(-5.5074446204581,-0.241185722670177,20.23558859608));
#4267=CARTESIAN_POINT('Ctrl Pts',(-5.41074687143802,-0.951435217581521,
20.2505639499433));
#4268=CARTESIAN_POINT('Ctrl Pts',(-4.95181799991754,-2.28753306987614,20.2807825169313));
#4269=CARTESIAN_POINT('Ctrl Pts',(-4.59647236954078,-2.90129596298281,20.2957427878391));
#4270=CARTESIAN_POINT('Ctrl Pts',(-3.67452408359564,-3.95168921002545,20.3259305104747));
#4271=CARTESIAN_POINT('Ctrl Pts',(-3.1188017158749,-4.37987558230647,20.3408753396475));
#4272=CARTESIAN_POINT('Ctrl Pts',(-1.88068741327142,-4.99471583608592,20.371031514697));
#4273=CARTESIAN_POINT('Ctrl Pts',(-1.21144737421778,-5.17777338038917,20.385960535289));
#4274=CARTESIAN_POINT('Ctrl Pts',(0.152072931093117,-5.27530398632946,20.4160843757179));
#4275=CARTESIAN_POINT('Ctrl Pts',(0.832964624075842,-5.1914766437186,20.4309972356666));
#4276=CARTESIAN_POINT('Ctrl Pts',(2.11665828967551,-4.76876872595584,20.4610880300469));
#4277=CARTESIAN_POINT('Ctrl Pts',(2.70786666878557,-4.43651988636105,20.4759841541873));
#4278=CARTESIAN_POINT('Ctrl Pts',(3.72299584480903,-3.56817251902661,20.5060412911921));
#4279=CARTESIAN_POINT('Ctrl Pts',(4.13883747257627,-3.04253246637424,20.5209201189389));
#4280=CARTESIAN_POINT('Ctrl Pts',(4.74097627709172,-1.86778910875832,20.5509428437508));
#4281=CARTESIAN_POINT('Ctrl Pts',(4.92386014218508,-1.23130629889608,20.565804357402));
#4282=CARTESIAN_POINT('Ctrl Pts',(4.99508273569856,-0.386749000380122,20.5852921372526));
#4283=CARTESIAN_POINT('Ctrl Pts',(5.00016439477751,-0.195148594155923,20.5896998661017));
#4284=CARTESIAN_POINT('Ctrl Pts',(4.99427786990264,-0.00414553052073417,
20.5941084989059));
#4285=CARTESIAN_POINT('Ctrl Pts',(6.09599419484403,-0.00190430484764059,
20.0407480141845));
#4286=CARTESIAN_POINT('Ctrl Pts',(6.08051279454087,0.673280049137833,20.054097749623));
#4287=CARTESIAN_POINT('Ctrl Pts',(5.95284385542068,1.34172815661783,20.0674110192646));
#4288=CARTESIAN_POINT('Ctrl Pts',(5.44345306075332,2.71036004890318,20.0964835456556));
#4289=CARTESIAN_POINT('Ctrl Pts',(5.02978617520475,3.38454132413028,20.1120001496803));
#4290=CARTESIAN_POINT('Ctrl Pts',(3.97131854423106,4.53034164429608,20.1433171270847));
#4291=CARTESIAN_POINT('Ctrl Pts',(3.33858588640159,4.99261245586006,20.1588211373697));
#4292=CARTESIAN_POINT('Ctrl Pts',(1.93759103819835,5.64449073760554,20.190111594838));
#4293=CARTESIAN_POINT('Ctrl Pts',(1.18392496820103,5.83010891629476,20.2056025858366));
#4294=CARTESIAN_POINT('Ctrl Pts',(-0.344920273430544,5.90049248279214,20.2368660666413));
#4295=CARTESIAN_POINT('Ctrl Pts',(-1.1052208048437,5.7871358425541,20.2523436548681));
#4296=CARTESIAN_POINT('Ctrl Pts',(-2.53226683468527,5.27672033295765,20.2835796038579));
#4297=CARTESIAN_POINT('Ctrl Pts',(-3.18610089919169,4.88701964551116,20.2990434452262));
#4298=CARTESIAN_POINT('Ctrl Pts',(-4.30128963195449,3.8829891119529,20.330251243218));
#4299=CARTESIAN_POINT('Ctrl Pts',(-4.75361336800071,3.28028880857234,20.3457010036839));
#4300=CARTESIAN_POINT('Ctrl Pts',(-5.39745660256903,1.94163001635221,20.3768799900136));
#4301=CARTESIAN_POINT('Ctrl Pts',(-5.58511840972405,1.2197387843271,20.3923153293208));
#4302=CARTESIAN_POINT('Ctrl Pts',(-5.67151241719722,-0.247905117389888,
20.4234648103422));
#4303=CARTESIAN_POINT('Ctrl Pts',(-5.57204703861784,-0.979322647402183,
20.4388853747385));
#4304=CARTESIAN_POINT('Ctrl Pts',(-5.09965786757127,-2.35528721855962,20.4700046263157));
#4305=CARTESIAN_POINT('Ctrl Pts',(-4.73381776287023,-2.98740235853174,20.4854100442504));
#4306=CARTESIAN_POINT('Ctrl Pts',(-3.7845519259101,-4.06925356590305,20.516498312898));
#4307=CARTESIAN_POINT('Ctrl Pts',(-3.21231930672886,-4.51030391669287,20.5318881918631));
#4308=CARTESIAN_POINT('Ctrl Pts',(-1.93736529272845,-5.14368500978597,20.562944693027));
#4309=CARTESIAN_POINT('Ctrl Pts',(-1.24817367515519,-5.33231704833298,20.5783186278534));
#4310=CARTESIAN_POINT('Ctrl Pts',(0.156040040237433,-5.4329797216278,20.6093425045996));
#4311=CARTESIAN_POINT('Ctrl Pts',(0.857289179381567,-5.3467598175875,20.624700092965));
#4312=CARTESIAN_POINT('Ctrl Pts',(2.17940332140528,-4.91163288159499,20.6556905251786));
#4313=CARTESIAN_POINT('Ctrl Pts',(2.78834225452281,-4.56954905059081,20.6710311998418));
#4314=CARTESIAN_POINT('Ctrl Pts',(3.83396085885836,-3.67541157343899,20.7019874203764));
#4315=CARTESIAN_POINT('Ctrl Pts',(4.26233005792781,-3.13411742945712,20.7173106144651));
#4316=CARTESIAN_POINT('Ctrl Pts',(4.8826749193103,-1.92433956838839,20.7482317343145));
#4317=CARTESIAN_POINT('Ctrl Pts',(5.07114014734604,-1.26883902528104,20.7635372578677));
#4318=CARTESIAN_POINT('Ctrl Pts',(5.14463656085604,-0.39902606754374,20.783608595674));
#4319=CARTESIAN_POINT('Ctrl Pts',(5.14990314246772,-0.201692305904124,20.7881480975325));
#4320=CARTESIAN_POINT('Ctrl Pts',(5.14387306788028,-0.00497163729904781,
20.792688659399));
#4321=CARTESIAN_POINT('Ctrl Pts',(6.34295248865833,-0.00116176840662735,
20.0137092916507));
#4322=CARTESIAN_POINT('Ctrl Pts',(6.32744806508911,0.70139254212972,20.027599662077));
#4323=CARTESIAN_POINT('Ctrl Pts',(6.19520237009343,1.39716228743382,20.0414544431243));
#4324=CARTESIAN_POINT('Ctrl Pts',(5.66623334308259,2.82217538211331,20.0717146097733));
#4325=CARTESIAN_POINT('Ctrl Pts',(5.23621246783945,3.52443908962676,20.087867800971));
#4326=CARTESIAN_POINT('Ctrl Pts',(4.13510493488151,4.71849321984896,20.1204772936177));
#4327=CARTESIAN_POINT('Ctrl Pts',(3.47656118273276,5.2005482270837,20.1366235901519));
#4328=CARTESIAN_POINT('Ctrl Pts',(2.01775657000456,5.88089493336161,20.1692187918481));
#4329=CARTESIAN_POINT('Ctrl Pts',(1.23267907781603,6.07502094897603,20.1853579807727));
#4330=CARTESIAN_POINT('Ctrl Pts',(-0.36049759083686,6.14979200439098,20.217938575486));
#4331=CARTESIAN_POINT('Ctrl Pts',(-1.15310757555949,6.03237665128814,20.2340704508236));
#4332=CARTESIAN_POINT('Ctrl Pts',(-2.64136863384544,5.50158014067774,20.266636082832));
#4333=CARTESIAN_POINT('Ctrl Pts',(-3.32356731904519,5.09584787966914,20.2827604451637));
#4334=CARTESIAN_POINT('Ctrl Pts',(-4.48767286664362,4.04969611849753,20.3153107303918));
#4335=CARTESIAN_POINT('Ctrl Pts',(-4.96015995455005,3.42138207487332,20.3314273784155));
#4336=CARTESIAN_POINT('Ctrl Pts',(-5.63327557714681,2.02515542773923,20.3639619108559));
#4337=CARTESIAN_POINT('Ctrl Pts',(-5.82986919883495,1.27189897726197,20.3800706364417));
#4338=CARTESIAN_POINT('Ctrl Pts',(-5.92148561381918,-0.26014220674717,20.4125889900914));
#4339=CARTESIAN_POINT('Ctrl Pts',(-5.81837258322635,-1.02397953104547,20.4286895758118));
#4340=CARTESIAN_POINT('Ctrl Pts',(-5.3263551797854,-2.46152192023235,20.4611913047456));
#4341=CARTESIAN_POINT('Ctrl Pts',(-4.94482616618747,-3.12225280732562,20.4772835221946));
#4342=CARTESIAN_POINT('Ctrl Pts',(-3.95400873880266,-4.25362990986866,20.5097681602709));
#4343=CARTESIAN_POINT('Ctrl Pts',(-3.35639083640848,-4.71520099569495,20.5258517686565));
#4344=CARTESIAN_POINT('Ctrl Pts',(-2.02417995195574,-5.37862669441599,20.5583188283058));
#4345=CARTESIAN_POINT('Ctrl Pts',(-1.30370721422853,-5.57660573444867,20.574393576618));
#4346=CARTESIAN_POINT('Ctrl Pts',(0.164891800748455,-5.68332200248288,20.6068425329881));
#4347=CARTESIAN_POINT('Ctrl Pts',(0.89863167275531,-5.59387166978576,20.622908164454));
#4348=CARTESIAN_POINT('Ctrl Pts',(2.28261094417156,-5.13989555397185,20.6553384928505));
#4349=CARTESIAN_POINT('Ctrl Pts',(2.92038162776202,-4.78248645766836,20.6713946906022));
#4350=CARTESIAN_POINT('Ctrl Pts',(4.01607345902181,-3.8474210013216,20.7038058747571));
#4351=CARTESIAN_POINT('Ctrl Pts',(4.46529539875339,-3.28100348544783,20.7198523136972));
#4352=CARTESIAN_POINT('Ctrl Pts',(5.11641903763438,-2.01435484646639,20.7522437945008));
#4353=CARTESIAN_POINT('Ctrl Pts',(5.31463514624165,-1.32769888020116,20.7682802660345));
#4354=CARTESIAN_POINT('Ctrl Pts',(5.39260080007699,-0.416108003513044,20.7893176910432));
#4355=CARTESIAN_POINT('Ctrl Pts',(5.39833426788332,-0.209265273040143,20.7940757448704));
#4356=CARTESIAN_POINT('Ctrl Pts',(5.39222465936981,-0.00303611654800561,
20.798835489829));
#4357=CARTESIAN_POINT('Ctrl Pts',(6.43134686872256,-0.000340306342091111,
19.8742891710267));
#4358=CARTESIAN_POINT('Ctrl Pts',(6.41605655727698,0.712023603330474,19.8883731518772));
#4359=CARTESIAN_POINT('Ctrl Pts',(6.28239102919114,1.4176712915189,19.9024227181394));
#4360=CARTESIAN_POINT('Ctrl Pts',(5.74679200843571,2.86324169966997,19.9331122352041));
#4361=CARTESIAN_POINT('Ctrl Pts',(5.31105432039447,3.57586278877817,19.949496792825));
#4362=CARTESIAN_POINT('Ctrl Pts',(4.19472952692553,4.78791171009179,19.982578844199));
#4363=CARTESIAN_POINT('Ctrl Pts',(3.52685001294896,5.27746196004676,19.9989612105895));
#4364=CARTESIAN_POINT('Ctrl Pts',(2.04687994980905,5.96879701986381,20.0320388206882));
#4365=CARTESIAN_POINT('Ctrl Pts',(1.25018165726964,6.16634680860993,20.0484189273816));
#4366=CARTESIAN_POINT('Ctrl Pts',(-0.36702996155508,6.24326009860447,20.0814919668584));
#4367=CARTESIAN_POINT('Ctrl Pts',(-1.17183201018225,6.1245792105429,20.0978697432839));
#4368=CARTESIAN_POINT('Ctrl Pts',(-2.68340856346055,5.58654318723017,20.1309380750336));
#4369=CARTESIAN_POINT('Ctrl Pts',(-3.37652932012392,5.17493791149819,20.1473134485467));
#4370=CARTESIAN_POINT('Ctrl Pts',(-4.55966707142117,4.11304569291903,20.1803769275864));
#4371=CARTESIAN_POINT('Ctrl Pts',(-5.04011524768759,3.4750365650777,20.1967498225332));
#4372=CARTESIAN_POINT('Ctrl Pts',(-5.72498507031755,2.05676449692599,20.2298082959892));
#4373=CARTESIAN_POINT('Ctrl Pts',(-5.92529934102065,1.2913765083277,20.2461786330088));
#4374=CARTESIAN_POINT('Ctrl Pts',(-6.01943607411942,-0.26580822315329,20.2792319398098));
#4375=CARTESIAN_POINT('Ctrl Pts',(-5.91513982438522,-1.04242506442728,20.2955996353363));
#4376=CARTESIAN_POINT('Ctrl Pts',(-5.41581378025272,-2.50445698491527,20.3286476057209));
#4377=CARTESIAN_POINT('Ctrl Pts',(-5.0282654643198,-3.17668734900869,20.3450125715258));
#4378=CARTESIAN_POINT('Ctrl Pts',(-4.0211978582352,-4.32816185816564,20.3780550264562));
#4379=CARTESIAN_POINT('Ctrl Pts',(-3.41352983865858,-4.79817538821128,20.3944171691815));
#4380=CARTESIAN_POINT('Ctrl Pts',(-2.05839548583097,-5.47415213226317,20.4274539195849));
#4381=CARTESIAN_POINT('Ctrl Pts',(-1.32527851806153,-5.67616469013966,20.4438131407309));
#4382=CARTESIAN_POINT('Ctrl Pts',(0.169582696149334,-5.78580887837362,20.4768439854646));
#4383=CARTESIAN_POINT('Ctrl Pts',(0.916697460542193,-5.6952717220353,20.4932001816824));
#4384=CARTESIAN_POINT('Ctrl Pts',(2.32636089716673,-5.23394136253424,20.5262249106549));
#4385=CARTESIAN_POINT('Ctrl Pts',(2.97622121434801,-4.87037674756759,20.5425779657914));
#4386=CARTESIAN_POINT('Ctrl Pts',(4.09310369381909,-3.9185652802117,20.5755963593398));
#4387=CARTESIAN_POINT('Ctrl Pts',(4.55126516569886,-3.34174713611942,20.5919461510461));
#4388=CARTESIAN_POINT('Ctrl Pts',(5.21576788593018,-2.05129910208375,20.6249579692272));
#4389=CARTESIAN_POINT('Ctrl Pts',(5.41834666780185,-1.35148443356775,20.6413043872168));
#4390=CARTESIAN_POINT('Ctrl Pts',(5.49849923327323,-0.422096161927869,20.6627539276655));
#4391=CARTESIAN_POINT('Ctrl Pts',(5.50449609022187,-0.211191253342612,20.6676053461748));
#4392=CARTESIAN_POINT('Ctrl Pts',(5.49841579961029,-0.000889874957666062,
20.6724588834371));
#4393=CARTESIAN_POINT('Ctrl Pts',(6.44006564688067,-1.59742282335867E-14,
19.8));
#4394=CARTESIAN_POINT('Ctrl Pts',(6.42490023667665,0.713336653411272,19.8141030928197));
#4395=CARTESIAN_POINT('Ctrl Pts',(6.29119685101658,1.42000417432383,19.8281723326199));
#4396=CARTESIAN_POINT('Ctrl Pts',(5.75512019190827,2.86777842295629,19.8589061732717));
#4397=CARTESIAN_POINT('Ctrl Pts',(5.31888337675922,3.58156293357074,19.8753152187946));
#4398=CARTESIAN_POINT('Ctrl Pts',(4.20107805184563,4.79572529775363,19.9084484900458));
#4399=CARTESIAN_POINT('Ctrl Pts',(3.53223357289656,5.28620749243346,19.9248570522552));
#4400=CARTESIAN_POINT('Ctrl Pts',(2.0499539939811,5.97899980207313,19.9579893998654));
#4401=CARTESIAN_POINT('Ctrl Pts',(1.25193457835968,6.17706396634446,19.9743974567556));
#4402=CARTESIAN_POINT('Ctrl Pts',(-0.368119561147741,6.25445574174774,20.0075288376878));
#4403=CARTESIAN_POINT('Ctrl Pts',(-1.17441573785911,6.13573792876846,20.0239363658249));
#4404=CARTESIAN_POINT('Ctrl Pts',(-2.68894870366103,5.59701362846547,20.0570667341844));
#4405=CARTESIAN_POINT('Ctrl Pts',(-3.38350485695861,5.18476716503507,20.07347370858));
#4406=CARTESIAN_POINT('Ctrl Pts',(-4.56923178129829,4.12101201061893,20.1066030153565));
#4407=CARTESIAN_POINT('Ctrl Pts',(-5.05081184686708,3.48180196626301,20.123009409328));
#4408=CARTESIAN_POINT('Ctrl Pts',(-5.73743760342603,2.06068251863533,20.1561376021085));
#4409=CARTESIAN_POINT('Ctrl Pts',(-5.93836324842102,1.29367712553088,20.1725433871227));
#4410=CARTESIAN_POINT('Ctrl Pts',(-6.03305277709596,-0.266965842728614,
20.2056704097722));
#4411=CARTESIAN_POINT('Ctrl Pts',(-5.9286975298143,-1.0453903204059,20.2220755552709));
#4412=CARTESIAN_POINT('Ctrl Pts',(-5.42851842084065,-2.51098177847505,20.2552013475738));
#4413=CARTESIAN_POINT('Ctrl Pts',(-5.04018909370339,-3.18493188353073,20.2716058207794));
#4414=CARTESIAN_POINT('Ctrl Pts',(-4.03087526969836,-4.33949603710809,20.3047303180392));
#4415=CARTESIAN_POINT('Ctrl Pts',(-3.42176762079113,-4.81085380635538,20.3211340837358));
#4416=CARTESIAN_POINT('Ctrl Pts',(-2.06323757717385,-5.48890800706749,20.3542572163248));
#4417=CARTESIAN_POINT('Ctrl Pts',(-1.3281994951948,-5.69163945058234,20.3706602366135));
#4418=CARTESIAN_POINT('Ctrl Pts',(0.170754357009029,-5.80192806165885,20.4037819294714));
#4419=CARTESIAN_POINT('Ctrl Pts',(0.920001322104799,-5.71131677024717,20.4201841634934));
#4420=CARTESIAN_POINT('Ctrl Pts',(2.3338516705932,-5.24897747474993,20.4533043356325));
#4421=CARTESIAN_POINT('Ctrl Pts',(2.98572914710261,-4.88449422161382,20.4697057393366));
#4422=CARTESIAN_POINT('Ctrl Pts',(4.10622791586705,-3.9300521120854,20.5028243033734));
#4423=CARTESIAN_POINT('Ctrl Pts',(4.56595911613339,-3.35155259923046,20.5192248292689));
#4424=CARTESIAN_POINT('Ctrl Pts',(5.2328848732394,-2.05714924570688,20.5523416908583));
#4425=CARTESIAN_POINT('Ctrl Pts',(5.43630116257286,-1.35510178014137,20.5687412876684));
#4426=CARTESIAN_POINT('Ctrl Pts',(5.51694389535923,-0.422627991239985,20.590262367724));
#4427=CARTESIAN_POINT('Ctrl Pts',(5.5230116525096,-0.211015106087414,20.595130058605));
#4428=CARTESIAN_POINT('Ctrl Pts',(5.51696120784044,-1.59538260726295E-14,
20.6));
#4429=CARTESIAN_POINT('',(6.44006564688067,-1.59814426846845E-14,19.8));
#4430=CARTESIAN_POINT('Origin',(6.19177058782528,-0.00050530351093479,19.7708571052049));
#4431=CARTESIAN_POINT('Ctrl Pts',(6.44006564688067,-1.59739571830436E-14,
19.8));
#4432=CARTESIAN_POINT('Ctrl Pts',(6.42490023667665,0.713336653411272,19.8141030928197));
#4433=CARTESIAN_POINT('Ctrl Pts',(6.29119685101658,1.42000417432383,19.8281723326199));
#4434=CARTESIAN_POINT('Ctrl Pts',(5.75512019190827,2.86777842295629,19.8589061732717));
#4435=CARTESIAN_POINT('Ctrl Pts',(5.31888337675922,3.58156293357074,19.8753152187946));
#4436=CARTESIAN_POINT('Ctrl Pts',(4.20107805184563,4.79572529775363,19.9084484900458));
#4437=CARTESIAN_POINT('Ctrl Pts',(3.53223357289656,5.28620749243346,19.9248570522552));
#4438=CARTESIAN_POINT('Ctrl Pts',(2.0499539939811,5.97899980207313,19.9579893998654));
#4439=CARTESIAN_POINT('Ctrl Pts',(1.25193457835968,6.17706396634446,19.9743974567556));
#4440=CARTESIAN_POINT('Ctrl Pts',(-0.368119561147741,6.25445574174774,20.0075288376878));
#4441=CARTESIAN_POINT('Ctrl Pts',(-1.17441573785911,6.13573792876846,20.0239363658249));
#4442=CARTESIAN_POINT('Ctrl Pts',(-2.68894870366103,5.59701362846547,20.0570667341844));
#4443=CARTESIAN_POINT('Ctrl Pts',(-3.38350485695861,5.18476716503507,20.07347370858));
#4444=CARTESIAN_POINT('Ctrl Pts',(-4.56923178129829,4.12101201061893,20.1066030153565));
#4445=CARTESIAN_POINT('Ctrl Pts',(-5.05081184686708,3.48180196626301,20.123009409328));
#4446=CARTESIAN_POINT('Ctrl Pts',(-5.73743760342603,2.06068251863533,20.1561376021085));
#4447=CARTESIAN_POINT('Ctrl Pts',(-5.93836324842102,1.29367712553088,20.1725433871227));
#4448=CARTESIAN_POINT('Ctrl Pts',(-6.03305277709596,-0.266965842728614,
20.2056704097722));
#4449=CARTESIAN_POINT('Ctrl Pts',(-5.9286975298143,-1.0453903204059,20.2220755552709));
#4450=CARTESIAN_POINT('Ctrl Pts',(-5.42851842084065,-2.51098177847505,20.2552013475738));
#4451=CARTESIAN_POINT('Ctrl Pts',(-5.04018909370339,-3.18493188353073,20.2716058207794));
#4452=CARTESIAN_POINT('Ctrl Pts',(-4.03087526969836,-4.33949603710809,20.3047303180392));
#4453=CARTESIAN_POINT('Ctrl Pts',(-3.42176762079113,-4.81085380635538,20.3211340837358));
#4454=CARTESIAN_POINT('Ctrl Pts',(-2.06323757717385,-5.48890800706749,20.3542572163248));
#4455=CARTESIAN_POINT('Ctrl Pts',(-1.3281994951948,-5.69163945058234,20.3706602366135));
#4456=CARTESIAN_POINT('Ctrl Pts',(0.170754357009029,-5.80192806165885,20.4037819294714));
#4457=CARTESIAN_POINT('Ctrl Pts',(0.920001322104799,-5.71131677024717,20.4201841634934));
#4458=CARTESIAN_POINT('Ctrl Pts',(2.3338516705932,-5.24897747474993,20.4533043356325));
#4459=CARTESIAN_POINT('Ctrl Pts',(2.98572914710261,-4.88449422161382,20.4697057393366));
#4460=CARTESIAN_POINT('Ctrl Pts',(4.10622791586705,-3.9300521120854,20.5028243033734));
#4461=CARTESIAN_POINT('Ctrl Pts',(4.56595911613339,-3.35155259923046,20.5192248292689));
#4462=CARTESIAN_POINT('Ctrl Pts',(5.2328848732394,-2.05714924570688,20.5523416908583));
#4463=CARTESIAN_POINT('Ctrl Pts',(5.43630116257286,-1.35510178014137,20.5687412876684));
#4464=CARTESIAN_POINT('Ctrl Pts',(5.51694389535923,-0.422627991239985,20.590262367724));
#4465=CARTESIAN_POINT('Ctrl Pts',(5.5230116525096,-0.211015106087414,20.595130058605));
#4466=CARTESIAN_POINT('Ctrl Pts',(5.51696120784044,-1.59535550308244E-14,
20.6));
#4467=CARTESIAN_POINT('Ctrl Pts',(7.25,-1.5981640728873E-14,19.));
#4468=CARTESIAN_POINT('Ctrl Pts',(7.23420976538826,0.940633322985236,19.0165193316403));
#4469=CARTESIAN_POINT('Ctrl Pts',(7.03540699606724,1.8691877714224,19.0329341933278));
#4470=CARTESIAN_POINT('Ctrl Pts',(6.29439279150346,3.59174443196432,19.0660785037442));
#4471=CARTESIAN_POINT('Ctrl Pts',(5.76146220167035,4.37010167255778,19.0824931160018));
#4472=CARTESIAN_POINT('Ctrl Pts',(4.43080631976368,5.67356790616479,19.1156369560466));
#4473=CARTESIAN_POINT('Ctrl Pts',(3.64753334106144,6.18782186111676,19.132051310012));
#4474=CARTESIAN_POINT('Ctrl Pts',(1.93324561383122,6.88370337329437,19.1651946626656));
#4475=CARTESIAN_POINT('Ctrl Pts',(1.01961770487596,7.06083619625883,19.1816087490503));
#4476=CARTESIAN_POINT('Ctrl Pts',(-0.817865893079712,7.05374282445647,19.2147515964595));
#4477=CARTESIAN_POINT('Ctrl Pts',(-1.72405067965035,6.87197616966978,19.231165405522));
#4478=CARTESIAN_POINT('Ctrl Pts',(-3.40947073285136,6.17260699802816,19.2643077289472));
#4479=CARTESIAN_POINT('Ctrl Pts',(-4.17341075378836,5.66395839968777,19.2807212504641));
#4480=CARTESIAN_POINT('Ctrl Pts',(-5.45796961172486,4.38605873915965,19.3138630302212));
#4481=CARTESIAN_POINT('Ctrl Pts',(-5.96793704606584,3.63082458595413,19.3302762534559));
#4482=CARTESIAN_POINT('Ctrl Pts',(-6.66606678488034,1.97278518011236,19.3634174688538));
#4483=CARTESIAN_POINT('Ctrl Pts',(-6.84976132876039,1.08688484087027,19.3798303825221));
#4484=CARTESIAN_POINT('Ctrl Pts',(-6.86593423076622,-0.69905452700552,19.4129710117946));
#4485=CARTESIAN_POINT('Ctrl Pts',(-6.7007170659085,-1.58188195233902,19.4293836040277));
#4486=CARTESIAN_POINT('Ctrl Pts',(-6.04242386960412,-3.22804516261826,19.4625236242591));
#4487=CARTESIAN_POINT('Ctrl Pts',(-5.55798544777693,-3.97645591158989,19.4789358825637));
#4488=CARTESIAN_POINT('Ctrl Pts',(-4.33313239340937,-5.23990451312877,19.512075269608));
#4489=CARTESIAN_POINT('Ctrl Pts',(-3.60630129670972,-5.74451787737063,19.5284871808217));
#4490=CARTESIAN_POINT('Ctrl Pts',(-2.00563627389557,-6.4429487989104,19.5616259092146));
#4491=CARTESIAN_POINT('Ctrl Pts',(-1.14821824706868,-6.63234815406304,19.5780374594582));
#4492=CARTESIAN_POINT('Ctrl Pts',(0.584368468983435,-6.67040349022264,19.6111755023202));
#4493=CARTESIAN_POINT('Ctrl Pts',(1.44280021602966,-6.52122730288057,19.6275866769452));
#4494=CARTESIAN_POINT('Ctrl Pts',(3.04747826686363,-5.90341757854488,19.6607240058762));
#4495=CARTESIAN_POINT('Ctrl Pts',(3.77919125125157,-5.44311666453834,19.6771347894073));
#4496=CARTESIAN_POINT('Ctrl Pts',(5.01921530772362,-4.27162081110462,19.7102713743703));
#4497=CARTESIAN_POINT('Ctrl Pts',(5.51735333480639,-3.57357833739162,19.7266817504422));
#4498=CARTESIAN_POINT('Ctrl Pts',(6.21404093222675,-2.03147660407081,19.7598175596362));
#4499=CARTESIAN_POINT('Ctrl Pts',(6.40824574231238,-1.20333691254377,19.7762275109246));
#4500=CARTESIAN_POINT('Ctrl Pts',(6.4418097051155,-0.240757808164339,19.7952429095986));
#4501=CARTESIAN_POINT('Ctrl Pts',(6.44262286524025,-0.120284091371574,19.7976219114814));
#4502=CARTESIAN_POINT('Ctrl Pts',(6.44006564688067,-1.59814426846845E-14,
19.8));
#4503=CARTESIAN_POINT('Ctrl Pts',(7.25,-1.59818840232715E-14,18.9439001311859));
#4504=CARTESIAN_POINT('Ctrl Pts',(7.23433754182302,0.940637360998604,18.9604194639558));
#4505=CARTESIAN_POINT('Ctrl Pts',(7.03566042499487,1.86924669158455,18.9768347571266));
#4506=CARTESIAN_POINT('Ctrl Pts',(6.29484067771,3.59200062092538,19.0099808392293));
#4507=CARTESIAN_POINT('Ctrl Pts',(5.7619767860884,4.37049823236105,19.0263967683187));
#4508=CARTESIAN_POINT('Ctrl Pts',(4.43135383745033,5.67429147331985,19.0595441878397));
#4509=CARTESIAN_POINT('Ctrl Pts',(3.64804654063048,6.18872868296233,19.0759607612931));
#4510=CARTESIAN_POINT('Ctrl Pts',(1.93357098294509,6.88496346087038,19.1091095379204));
#4511=CARTESIAN_POINT('Ctrl Pts',(1.01979123681386,7.06226262717521,19.1255267648237));
#4512=CARTESIAN_POINT('Ctrl Pts',(-0.818102545460415,7.05542436377011,19.158676918373));
#4513=CARTESIAN_POINT('Ctrl Pts',(-1.72454176142447,6.87374381688156,19.1750948080272));
#4514=CARTESIAN_POINT('Ctrl Pts',(-3.41053325985203,6.17441544099696,19.2082463586554));
#4515=CARTESIAN_POINT('Ctrl Pts',(-4.17478479935446,5.66572104958249,19.2246649204497));
#4516=CARTESIAN_POINT('Ctrl Pts',(-5.45996129969029,4.38756903782593,19.2578178886894));
#4517=CARTESIAN_POINT('Ctrl Pts',(-5.9702289788131,3.63213076278202,19.2742371321067));
#4518=CARTESIAN_POINT('Ctrl Pts',(-6.66887479783901,1.97352718566226,19.3073915388467));
#4519=CARTESIAN_POINT('Ctrl Pts',(-6.85278040333108,1.08727225798561,19.3238114734839));
#4520=CARTESIAN_POINT('Ctrl Pts',(-6.86921747655645,-0.699490080927362,
19.3569673399483));
#4521=CARTESIAN_POINT('Ctrl Pts',(-6.70405121375464,-1.58277801737228,19.3733879755305));
#4522=CARTESIAN_POINT('Ctrl Pts',(-6.04565063194226,-3.22990113508371,19.406545323256));
#4523=CARTESIAN_POINT('Ctrl Pts',(-5.56105538462933,-3.97880227680352,19.4229666696533));
#4524=CARTESIAN_POINT('Ctrl Pts',(-4.33566433642928,-5.24317463855351,19.4561255204589));
#4525=CARTESIAN_POINT('Ctrl Pts',(-3.60845766465776,-5.74821297575792,19.4725475877064));
#4526=CARTESIAN_POINT('Ctrl Pts',(-2.00684582772127,-6.44733711954397,19.5057079636778));
#4527=CARTESIAN_POINT('Ctrl Pts',(-1.14886592908731,-6.63699882512534,19.5221307618766));
#4528=CARTESIAN_POINT('Ctrl Pts',(0.584967960499613,-6.67533833829847,19.5552926856461));
#4529=CARTESIAN_POINT('Ctrl Pts',(1.44407306921747,-6.52618222298949,19.5717162247702));
#4530=CARTESIAN_POINT('Ctrl Pts',(3.05011437096076,-5.90812272947653,19.604879718481));
#4531=CARTESIAN_POINT('Ctrl Pts',(3.78250464052596,-5.44755543559485,19.6213040102817));
#4532=CARTESIAN_POINT('Ctrl Pts',(5.02377469564503,-4.27523559058239,19.6544690955464));
#4533=CARTESIAN_POINT('Ctrl Pts',(5.52247049980888,-3.57664437861329,19.6708941516006));
#4534=CARTESIAN_POINT('Ctrl Pts',(6.2200433719757,-2.03320661182509,19.7040608527214));
#4535=CARTESIAN_POINT('Ctrl Pts',(6.41456866600692,-1.20429304193079,19.7204866773365));
#4536=CARTESIAN_POINT('Ctrl Pts',(6.44831375774099,-0.240747742916613,19.7395212115478));
#4537=CARTESIAN_POINT('Ctrl Pts',(6.4491461542587,-0.120151930052221,19.7419026157631));
#4538=CARTESIAN_POINT('Ctrl Pts',(6.44660473049926,0.00025522975654037,
19.7442831217299));
#4539=CARTESIAN_POINT('Ctrl Pts',(7.22385173601663,-1.59242702363175E-14,
18.8693410219972));
#4540=CARTESIAN_POINT('Ctrl Pts',(7.20835915046906,0.937249895445778,18.8858007743657));
#4541=CARTESIAN_POINT('Ctrl Pts',(7.01051011190553,1.86255877335199,18.9021572725899));
#4542=CARTESIAN_POINT('Ctrl Pts',(6.27253339959932,3.57927737468768,18.9351854018456));
#4543=CARTESIAN_POINT('Ctrl Pts',(5.74165044751022,4.35509192649395,18.9515433604302));
#4544=CARTESIAN_POINT('Ctrl Pts',(4.41585309627729,5.65447562857724,18.9845743948982));
#4545=CARTESIAN_POINT('Ctrl Pts',(3.63534002219568,6.16722033945949,19.0009338240818));
#4546=CARTESIAN_POINT('Ctrl Pts',(1.92687706791964,6.861259221911,19.0339678475463));
#4547=CARTESIAN_POINT('Ctrl Pts',(1.01625725542884,7.0380667350984,19.050328762134));
#4548=CARTESIAN_POINT('Ctrl Pts',(-0.815377559923571,7.0314794798788,19.0833658438078));
#4549=CARTESIAN_POINT('Ctrl Pts',(-1.71877501993213,6.85053027074813,19.0997282678609));
#4550=CARTESIAN_POINT('Ctrl Pts',(-3.39919941774068,6.15375758458723,19.1327684718414));
#4551=CARTESIAN_POINT('Ctrl Pts',(-4.16097314386911,5.64685583466813,19.1491324336962));
#4552=CARTESIAN_POINT('Ctrl Pts',(-5.44206887691429,4.37308343088381,19.1821758236037));
#4553=CARTESIAN_POINT('Ctrl Pts',(-5.95076465718386,3.62018566956787,19.1985413535341));
#4554=CARTESIAN_POINT('Ctrl Pts',(-6.64735295947674,1.96705324745559,19.2315879941677));
#4555=CARTESIAN_POINT('Ctrl Pts',(-6.83078358154308,1.08367540173393,19.247955123593));
#4556=CARTESIAN_POINT('Ctrl Pts',(-6.84739591175251,-0.697386572353006,
19.2810050814755));
#4557=CARTESIAN_POINT('Ctrl Pts',(-6.68286943038759,-1.57790351137911,19.2973738427323));
#4558=CARTESIAN_POINT('Ctrl Pts',(-6.02674207625901,-3.21995308620082,19.3304271863426));
#4559=CARTESIAN_POINT('Ctrl Pts',(-5.54375128588137,-3.96659488388478,19.3467976126097));
#4560=CARTESIAN_POINT('Ctrl Pts',(-4.32228871649229,-5.22724092510218,19.3798544125828));
#4561=CARTESIAN_POINT('Ctrl Pts',(-3.59736381109944,-5.73084033854854,19.3962265378664));
#4562=CARTESIAN_POINT('Ctrl Pts',(-2.00066695356695,-6.42806742515794,19.4292868670807));
#4563=CARTESIAN_POINT('Ctrl Pts',(-1.14527177815726,-6.61728043604243,19.4456607265883));
#4564=CARTESIAN_POINT('Ctrl Pts',(0.583442679756449,-6.65573444284318,19.4787246583157));
#4565=CARTESIAN_POINT('Ctrl Pts',(1.44006017297685,-6.50713187357846,19.4951002890423));
#4566=CARTESIAN_POINT('Ctrl Pts',(3.04154819976841,-5.89106853082663,19.5281679019875));
#4567=CARTESIAN_POINT('Ctrl Pts',(3.77191148664871,-5.43191761887162,19.544545337718));
#4568=CARTESIAN_POINT('Ctrl Pts',(5.00983674288284,-4.26306979647623,19.5776167167542));
#4569=CARTESIAN_POINT('Ctrl Pts',(5.50723967442968,-3.5664963441643,19.5939959943));
#4570=CARTESIAN_POINT('Ctrl Pts',(6.20309918982314,-2.02740188670196,19.6270712264356));
#4571=CARTESIAN_POINT('Ctrl Pts',(6.39721223950555,-1.20077070658513,19.6434523966457));
#4572=CARTESIAN_POINT('Ctrl Pts',(6.43099735767354,-0.23981644099551,19.6624357214397));
#4573=CARTESIAN_POINT('Ctrl Pts',(6.43184382577602,-0.11954388936567,19.664810746821));
#4574=CARTESIAN_POINT('Ctrl Pts',(6.42932551145691,0.00054158970865874,
19.6671848788212));
#4575=CARTESIAN_POINT('Ctrl Pts',(7.1438700017349,-1.57481891047674E-14,
18.7896615485241));
#4576=CARTESIAN_POINT('Ctrl Pts',(7.12855888458629,0.926876108906919,18.8059391298586));
#4577=CARTESIAN_POINT('Ctrl Pts',(6.93291014391381,1.8419464692808,18.8221145987908));
#4578=CARTESIAN_POINT('Ctrl Pts',(6.20311630201987,3.53968073378798,18.8547772707091));
#4579=CARTESIAN_POINT('Ctrl Pts',(5.67811520352732,4.30691884648839,18.8709543829715));
#4580=CARTESIAN_POINT('Ctrl Pts',(4.36699267463262,5.59194847003439,18.9036199930507));
#4581=CARTESIAN_POINT('Ctrl Pts',(3.59511576642973,6.09903268818602,18.9197987172193));
#4582=CARTESIAN_POINT('Ctrl Pts',(1.90554267694884,6.78541975338507,18.9524674322314));
#4583=CARTESIAN_POINT('Ctrl Pts',(1.00498822507127,6.96028395952238,18.9686477512668));
#4584=CARTESIAN_POINT('Ctrl Pts',(-0.806414980687489,6.95378979204684,19.0013196888211));
#4585=CARTESIAN_POINT('Ctrl Pts',(-1.69983720525875,6.77484966702387,19.0175016213739));
#4586=CARTESIAN_POINT('Ctrl Pts',(-3.36171996270292,6.08578711603258,19.0501768766338));
#4587=CARTESIAN_POINT('Ctrl Pts',(-4.11509218374292,5.58448900630669,19.0663604571249));
#4588=CARTESIAN_POINT('Ctrl Pts',(-5.38207091452886,4.3247815859669,19.0990391190858));
#4589=CARTESIAN_POINT('Ctrl Pts',(-5.88516556489688,3.58019335936119,19.1152243879675));
#4590=CARTESIAN_POINT('Ctrl Pts',(-6.57409477295181,1.945289764227,19.1479065457234));
#4591=CARTESIAN_POINT('Ctrl Pts',(-6.7555148258447,1.07164866979935,19.1640935460147));
#4592=CARTESIAN_POINT('Ctrl Pts',(-6.7719645530824,-0.689798827678285,19.1967792908666));
#4593=CARTESIAN_POINT('Ctrl Pts',(-6.60926036574677,-1.56062337211772,19.2129680670385));
#4594=CARTESIAN_POINT('Ctrl Pts',(-5.9603709662217,-3.1846137980397,19.2456574933566));
#4595=CARTESIAN_POINT('Ctrl Pts',(-5.48270211499587,-3.92304902636405,19.2618480908199));
#4596=CARTESIAN_POINT('Ctrl Pts',(-4.27467991832148,-5.16985278035221,19.2945412967422));
#4597=CARTESIAN_POINT('Ctrl Pts',(-3.55772688169238,-5.66792781085373,19.3107337615583));
#4598=CARTESIAN_POINT('Ctrl Pts',(-1.97856942455053,-6.35751819716415,19.3434308491598));
#4599=CARTESIAN_POINT('Ctrl Pts',(-1.1325653085473,-6.54466542162047,19.3596252300312));
#4600=CARTESIAN_POINT('Ctrl Pts',(0.577189930455643,-6.58271804865755,19.3923262973789));
#4601=CARTESIAN_POINT('Ctrl Pts',(1.42441857015404,-6.43575568915502,19.4085226489478));
#4602=CARTESIAN_POINT('Ctrl Pts',(3.00837228792559,-5.8264592717078,19.4412278130759));
#4603=CARTESIAN_POINT('Ctrl Pts',(3.730745222029,-5.3723450327203,19.4574261644445));
#4604=CARTESIAN_POINT('Ctrl Pts',(4.95514312268229,-4.21629766010862,19.4901355629916));
#4605=CARTESIAN_POINT('Ctrl Pts',(5.44711706690156,-3.52734684795543,19.5063359544873));
#4606=CARTESIAN_POINT('Ctrl Pts',(6.13539413586451,-2.00507240363309,19.5390497078834));
#4607=CARTESIAN_POINT('Ctrl Pts',(6.32739918208161,-1.18746850990452,19.5552522769943));
#4608=CARTESIAN_POINT('Ctrl Pts',(6.36082757766778,-0.236994416605981,19.5740283727446));
#4609=CARTESIAN_POINT('Ctrl Pts',(6.36166620862975,-0.118033584322253,19.5763775327022));
#4610=CARTESIAN_POINT('Ctrl Pts',(6.35917679089534,0.000742436102537394,
19.5787257754119));
#4611=CARTESIAN_POINT('Ctrl Pts',(7.04018367534758,-1.55197548640255E-14,
18.7393265576146));
#4612=CARTESIAN_POINT('Ctrl Pts',(7.02498721560254,0.913424026305851,18.7553679583206));
#4613=CARTESIAN_POINT('Ctrl Pts',(6.83207241623189,1.81516909974901,18.7713083501262));
#4614=CARTESIAN_POINT('Ctrl Pts',(6.11270289841012,3.48810683469124,18.8034955745752));
#4615=CARTESIAN_POINT('Ctrl Pts',(5.59526425740511,4.24409373159941,18.8194370108132));
#4616=CARTESIAN_POINT('Ctrl Pts',(4.30313436339731,5.51020679890966,18.8516255042564));
#4617=CARTESIAN_POINT('Ctrl Pts',(3.54248602766081,6.00977963880853,18.8675678834038));
#4618=CARTESIAN_POINT('Ctrl Pts',(1.87757812704468,6.6859138407204,18.899757889649));
#4619=CARTESIAN_POINT('Ctrl Pts',(0.990216020107888,6.85810169699497,18.9157011362253));
#4620=CARTESIAN_POINT('Ctrl Pts',(-0.794572741470133,6.85148743149143,18.9478928009043));
#4621=CARTESIAN_POINT('Ctrl Pts',(-1.67482262757847,6.67507068475265,18.9638369086378));
#4622=CARTESIAN_POINT('Ctrl Pts',(-3.31212951745202,5.99596469776947,18.9960303305943));
#4623=CARTESIAN_POINT('Ctrl Pts',(-4.05431574586749,5.50197455501849,19.0119753232999));
#4624=CARTESIAN_POINT('Ctrl Pts',(-5.30241089016879,4.26073852418148,19.0441705864585));
#4625=CARTESIAN_POINT('Ctrl Pts',(-5.79796068094545,3.52711571247165,19.060116498702));
#4626=CARTESIAN_POINT('Ctrl Pts',(-6.47647389323529,1.91637564778368,19.0923136843879));
#4627=CARTESIAN_POINT('Ctrl Pts',(-6.65508817985878,1.05569227932761,19.1082605545162));
#4628=CARTESIAN_POINT('Ctrl Pts',(-6.67107779153822,-0.679551110997626,
19.1404597455643));
#4629=CARTESIAN_POINT('Ctrl Pts',(-6.51068805587352,-1.53737545588162,19.1564076133961));
#4630=CARTESIAN_POINT('Ctrl Pts',(-5.87128299930263,-3.13704877271952,19.1886088957849));
#4631=CARTESIAN_POINT('Ctrl Pts',(-5.40066172452921,-3.86438186831173,19.2045578014801));
#4632=CARTESIAN_POINT('Ctrl Pts',(-4.21057086062074,-5.09236917982975,19.23676126566));
#4633=CARTESIAN_POINT('Ctrl Pts',(-3.50430733226523,-5.58288110132743,19.2527112490157));
#4634=CARTESIAN_POINT('Ctrl Pts',(-1.94878089512053,-6.26191729695082,19.2849169901447));
#4635=CARTESIAN_POINT('Ctrl Pts',(-1.11548201818186,-6.44613875088236,19.3008680947205));
#4636=CARTESIAN_POINT('Ctrl Pts',(0.568518096534903,-6.48340284070999,19.3330761959137));
#4637=CARTESIAN_POINT('Ctrl Pts',(1.40293912182826,-6.33854797580077,19.3490284759743));
#4638=CARTESIAN_POINT('Ctrl Pts',(2.96287533933305,-5.73825969928905,19.3812390565192));
#4639=CARTESIAN_POINT('Ctrl Pts',(3.67425001983322,-5.29092662861804,19.3971925094762));
#4640=CARTESIAN_POINT('Ctrl Pts',(4.87993553694243,-4.15225101475599,19.4294057284628));
#4641=CARTESIAN_POINT('Ctrl Pts',(5.36434467412125,-3.47370042869947,19.4453603728842));
#4642=CARTESIAN_POINT('Ctrl Pts',(6.04195657028401,-1.9744918601978,19.4775763464419));
#4643=CARTESIAN_POINT('Ctrl Pts',(6.2309262322033,-1.16932174145739,19.4935324114875));
#4644=CARTESIAN_POINT('Ctrl Pts',(6.26372125663291,-0.233345516047843,19.5120217812433));
#4645=CARTESIAN_POINT('Ctrl Pts',(6.26453156814003,-0.116200425431681,19.5143351420535));
#4646=CARTESIAN_POINT('Ctrl Pts',(6.26206470169119,0.000761865938300217,
19.5166475397536));
#4647=CARTESIAN_POINT('Ctrl Pts',(6.88327739655432,-1.51740334289549E-14,
18.75706838912));
#4648=CARTESIAN_POINT('Ctrl Pts',(6.86804050357371,0.893060092175033,18.7727523972795));
#4649=CARTESIAN_POINT('Ctrl Pts',(6.67905253543998,1.77454884459879,18.7883363195457));
#4650=CARTESIAN_POINT('Ctrl Pts',(5.97513262365342,3.40963191186213,18.8198010980554));
#4651=CARTESIAN_POINT('Ctrl Pts',(5.46902624101789,4.14835797162564,18.835383677072));
#4652=CARTESIAN_POINT('Ctrl Pts',(4.20558268677911,5.38529732916654,18.8668441762815));
#4653=CARTESIAN_POINT('Ctrl Pts',(3.46198345467902,5.87319685068911,18.8824251751571));
#4654=CARTESIAN_POINT('Ctrl Pts',(1.83471567680363,6.53322410935194,18.9138816906075));
#4655=CARTESIAN_POINT('Ctrl Pts',(0.967571080077103,6.70108356671091,18.9294609145068));
#4656=CARTESIAN_POINT('Ctrl Pts',(-0.776255562762596,6.69386052875308,18.9609135705386));
#4657=CARTESIAN_POINT('Ctrl Pts',(-1.63614647537235,6.52111819707173,18.9764909435611));
#4658=CARTESIAN_POINT('Ctrl Pts',(-3.2353062822418,5.85701113955391,19.0079397793781));
#4659=CARTESIAN_POINT('Ctrl Pts',(-3.9600438174214,5.37415650932199,19.0235152764635));
#4660=CARTESIAN_POINT('Ctrl Pts',(-5.17852865275272,4.16129554877473,19.0549603009786));
#4661=CARTESIAN_POINT('Ctrl Pts',(-5.66215858879217,3.44460794074472,19.070533913955));
#4662=CARTESIAN_POINT('Ctrl Pts',(-6.32404546126431,1.87137878737003,19.1019751271174));
#4663=CARTESIAN_POINT('Ctrl Pts',(-6.49806065232301,1.03089737621878,19.1175468523285));
#4664=CARTESIAN_POINT('Ctrl Pts',(-6.51291177728033,-0.663313907290226,
19.1489842521726));
#4665=CARTESIAN_POINT('Ctrl Pts',(-6.35593926460771,-1.50069471427497,19.1645540862721));
#4666=CARTESIAN_POINT('Ctrl Pts',(-5.73106656553414,-3.06196229445829,19.1959876716323));
#4667=CARTESIAN_POINT('Ctrl Pts',(-5.27137269307038,-3.7716741067862,19.2115556094213));
#4668=CARTESIAN_POINT('Ctrl Pts',(-4.10931776336985,-4.96964032096139,19.2429853821136));
#4669=CARTESIAN_POINT('Ctrl Pts',(-3.41985901067278,-5.44799594727758,19.2585514151022));
#4670=CARTESIAN_POINT('Ctrl Pts',(-1.9016781330197,-6.10990016601774,19.2899773801369));
#4671=CARTESIAN_POINT('Ctrl Pts',(-1.08854621078312,-6.28925507200222,19.3055415039934));
#4672=CARTESIAN_POINT('Ctrl Pts',(0.554391183852377,-6.32485019320866,19.3369636391239));
#4673=CARTESIAN_POINT('Ctrl Pts',(1.36830371429085,-6.18315101552285,19.3525258663535));
#4674=CARTESIAN_POINT('Ctrl Pts',(2.88961244968867,-5.59691279855261,19.3839442094596));
#4675=CARTESIAN_POINT('Ctrl Pts',(3.58321012787214,-5.16028744175174,19.399504443941));
#4676=CARTESIAN_POINT('Ctrl Pts',(4.75849264536454,-4.04927969664982,19.4309190994171));
#4677=CARTESIAN_POINT('Ctrl Pts',(5.23052057767981,-3.38738608025649,19.4464772800933));
#4678=CARTESIAN_POINT('Ctrl Pts',(5.89051113385138,-1.92531935504567,19.4778882621896));
#4679=CARTESIAN_POINT('Ctrl Pts',(6.07435106664727,-1.1402603610102,19.4934447210892));
#4680=CARTESIAN_POINT('Ctrl Pts',(6.10588440292502,-0.227840562919644,19.5114681634055));
#4681=CARTESIAN_POINT('Ctrl Pts',(6.1066196569557,-0.113647586887146,19.5137233285738));
#4682=CARTESIAN_POINT('Ctrl Pts',(6.10416047255384,0.000364007225292305,
19.5159774361042));
#4683=CARTESIAN_POINT('Ctrl Pts',(6.74233036378998,-1.48631411269587E-14,
18.8968415062739));
#4684=CARTESIAN_POINT('Ctrl Pts',(6.72677506745772,0.874758010508152,18.9122044770282));
#4685=CARTESIAN_POINT('Ctrl Pts',(6.54103722641514,1.7379297219897,18.9274672314545));
#4686=CARTESIAN_POINT('Ctrl Pts',(5.85056640883327,3.33857287118715,18.9582791358458));
#4687=CARTESIAN_POINT('Ctrl Pts',(5.35449245157203,4.06148399849163,18.9735364485025));
#4688=CARTESIAN_POINT('Ctrl Pts',(4.11674492675228,5.27149510396365,19.0043350997893));
#4689=CARTESIAN_POINT('Ctrl Pts',(3.38853644391253,5.74850422347647,19.0195865737857));
#4690=CARTESIAN_POINT('Ctrl Pts',(1.79549507043499,6.39328303800057,19.0503722319581));
#4691=CARTESIAN_POINT('Ctrl Pts',(0.946846753159819,6.55688726397691,19.0656175246352));
#4692=CARTESIAN_POINT('Ctrl Pts',(-0.759278587082327,6.54855431738103,19.0963902116257));
#4693=CARTESIAN_POINT('Ctrl Pts',(-1.6003197011314,6.37892268612296,19.1116291425095));
#4694=CARTESIAN_POINT('Ctrl Pts',(-3.16395099979153,5.72819902548675,19.1423887580672));
#4695=CARTESIAN_POINT('Ctrl Pts',(-3.87232700431154,5.25544845770451,19.1576212149239));
#4696=CARTESIAN_POINT('Ctrl Pts',(-5.06284988778278,4.06863360791184,19.1883676117865));
#4697=CARTESIAN_POINT('Ctrl Pts',(-5.53510968673727,3.36760933871984,19.2035935034483));
#4698=CARTESIAN_POINT('Ctrl Pts',(-6.18092217867636,1.82932119538437,19.2343265166554));
#4699=CARTESIAN_POINT('Ctrl Pts',(-6.35034026680864,1.00776973241192,19.2495457556711));
#4700=CARTESIAN_POINT('Ctrl Pts',(-6.36358564665145,-0.647766262243358,
19.2802652121542));
#4701=CARTESIAN_POINT('Ctrl Pts',(-6.20957055172288,-1.46576632324268,19.2954777087672));
#4702=CARTESIAN_POINT('Ctrl Pts',(-5.59798920742463,-2.99041562472351,19.3261834309229));
#4703=CARTESIAN_POINT('Ctrl Pts',(-5.14845761211598,-3.68321596403294,19.341389089856));
#4704=CARTESIAN_POINT('Ctrl Pts',(-4.01277463399062,-4.85217554986994,19.3720808983898));
#4705=CARTESIAN_POINT('Ctrl Pts',(-3.33924060739097,-5.31867329169519,19.3872796166081));
#4706=CARTESIAN_POINT('Ctrl Pts',(-1.85669679007764,-5.96365793369107,19.4179573305841));
#4707=CARTESIAN_POINT('Ctrl Pts',(-1.06292102004111,-6.13806227613171,19.4331490078439));
#4708=CARTESIAN_POINT('Ctrl Pts',(0.540377272931878,-6.17153097427608,19.4638124009846));
#4709=CARTESIAN_POINT('Ctrl Pts',(1.334380779464,-6.03262237175363,19.4789969579567));
#4710=CARTESIAN_POINT('Ctrl Pts',(2.81798177237803,-5.45955654746353,19.5096458834056));
#4711=CARTESIAN_POINT('Ctrl Pts',(3.49411548991842,-5.03313802176801,19.5248230799148));
#4712=CARTESIAN_POINT('Ctrl Pts',(4.63933707579119,-3.94880287817718,19.5554574794658));
#4713=CARTESIAN_POINT('Ctrl Pts',(5.09901191086787,-3.30308353966843,19.5706271213928));
#4714=CARTESIAN_POINT('Ctrl Pts',(5.74121945476747,-1.87732999116352,19.6012467962838));
#4715=CARTESIAN_POINT('Ctrl Pts',(5.91974409722737,-1.11204505330863,19.6164092605766));
#4716=CARTESIAN_POINT('Ctrl Pts',(5.94974428901978,-0.222917747118375,19.6339719167823));
#4717=CARTESIAN_POINT('Ctrl Pts',(5.95036965703326,-0.111646137158275,19.6361695025532));
#4718=CARTESIAN_POINT('Ctrl Pts',(5.94788250415303,-0.000556783172792325,
19.6383659121204));
#4719=CARTESIAN_POINT('Ctrl Pts',(6.74217091720279,-1.48624444477235E-14,
19.1239329837246));
#4720=CARTESIAN_POINT('Ctrl Pts',(6.72609837884992,0.874719910303174,19.1392955680968));
#4721=CARTESIAN_POINT('Ctrl Pts',(6.53985637986138,1.73764816692298,19.1545562299486));
#4722=CARTESIAN_POINT('Ctrl Pts',(5.84861417373118,3.33745521157096,19.1853602219855));
#4723=CARTESIAN_POINT('Ctrl Pts',(5.35228246322964,4.05978011139726,19.2006118569618));
#4724=CARTESIAN_POINT('Ctrl Pts',(4.11443041907853,5.268438721855,19.2313952643604));
#4725=CARTESIAN_POINT('Ctrl Pts',(3.38637904488004,5.74469400412806,19.2466374054047));
#4726=CARTESIAN_POINT('Ctrl Pts',(1.7941355364564,6.38802712163633,19.2774003452382));
#4727=CARTESIAN_POINT('Ctrl Pts',(0.946123281180827,6.55095377618162,19.2926325754434));
#4728=CARTESIAN_POINT('Ctrl Pts',(-0.758301004652202,6.54158789793177,19.323374918473));
#4729=CARTESIAN_POINT('Ctrl Pts',(-1.59829073833549,6.37161195502128,19.3385969803674));
#4730=CARTESIAN_POINT('Ctrl Pts',(-3.15957118922579,5.7207383314627,19.36931846904));
#4731=CARTESIAN_POINT('Ctrl Pts',(-3.86666791742144,5.24818523950686,19.3845301710522));
#4732=CARTESIAN_POINT('Ctrl Pts',(-5.05466156686694,4.06242020802274,19.4152304951999));
#4733=CARTESIAN_POINT('Ctrl Pts',(-5.52569368092545,3.36224038358069,19.4304316643541));
#4734=CARTESIAN_POINT('Ctrl Pts',(-6.1694010056038,1.82627315822168,19.4611104905489));
#4735=CARTESIAN_POINT('Ctrl Pts',(-6.33796024328878,1.00617856815772,19.4763009549053));
#4736=CARTESIAN_POINT('Ctrl Pts',(-6.35013549908921,-0.645985620562112,
19.5069579359019));
#4737=CARTESIAN_POINT('Ctrl Pts',(-6.19591839451267,-1.46209991924418,19.5221375183324));
#4738=CARTESIAN_POINT('Ctrl Pts',(-5.58478637503889,-2.98282588983368,19.5527722964501));
#4739=CARTESIAN_POINT('Ctrl Pts',(-5.13590158029357,-3.67362264259808,19.5679408111956));
#4740=CARTESIAN_POINT('Ctrl Pts',(-4.00242418301874,-4.83881364020476,19.5985530210296));
#4741=CARTESIAN_POINT('Ctrl Pts',(-3.33042860339275,-5.30357853910092,19.6137102712106));
#4742=CARTESIAN_POINT('Ctrl Pts',(-1.85175422624797,-5.94574057809452,19.6442995394928));
#4743=CARTESIAN_POINT('Ctrl Pts',(-1.06027446871682,-6.11907820079496,19.6594453278534));
#4744=CARTESIAN_POINT('Ctrl Pts',(0.537935103826245,-6.15139529620508,19.6900112268846));
#4745=CARTESIAN_POINT('Ctrl Pts',(1.32919108518601,-6.01240927255869,19.7051453744397));
#4746=CARTESIAN_POINT('Ctrl Pts',(2.80723606954982,-5.44036858727845,19.7356875531449));
#4747=CARTESIAN_POINT('Ctrl Pts',(3.48060945207261,-5.01504019724091,19.7508097097357));
#4748=CARTESIAN_POINT('Ctrl Pts',(4.62075789260434,-3.93406782936142,19.7813279055754));
#4749=CARTESIAN_POINT('Ctrl Pts',(5.07816205760595,-3.29058784411871,19.7964377643568));
#4750=CARTESIAN_POINT('Ctrl Pts',(5.71676933106444,-1.87027886141726,19.8269315672425));
#4751=CARTESIAN_POINT('Ctrl Pts',(5.89399169612188,-1.10814813977978,19.8420294178976));
#4752=CARTESIAN_POINT('Ctrl Pts',(5.92325768124499,-0.222952892060879,19.8595140961376));
#4753=CARTESIAN_POINT('Ctrl Pts',(5.92380511043103,-0.112178485702544,19.8617018989345));
#4754=CARTESIAN_POINT('Ctrl Pts',(5.9212540267253,-0.00159027190199631,
19.8638884623118));
#4755=CARTESIAN_POINT('Ctrl Pts',(6.93633585814403,-1.52892706524756E-14,
19.2792189916723));
#4756=CARTESIAN_POINT('Ctrl Pts',(6.91990960418091,0.899906266088259,19.2950238570687));
#4757=CARTESIAN_POINT('Ctrl Pts',(6.72841119677187,1.78772820001147,19.3107242547561));
#4758=CARTESIAN_POINT('Ctrl Pts',(6.01743670318513,3.43375487398651,19.3424166532158));
#4759=CARTESIAN_POINT('Ctrl Pts',(5.50687067737652,4.17699646117541,19.3581081823596));
#4760=CARTESIAN_POINT('Ctrl Pts',(4.23341696538978,5.42072264917043,19.3897811575024));
#4761=CARTESIAN_POINT('Ctrl Pts',(3.48437588127939,5.91084460786782,19.4054634634318));
#4762=CARTESIAN_POINT('Ctrl Pts',(1.84614839516871,6.57299300436365,19.4371169465694));
#4763=CARTESIAN_POINT('Ctrl Pts',(0.973596855827303,6.74075048229423,19.4527897017565));
#4764=CARTESIAN_POINT('Ctrl Pts',(-0.780219696068903,6.73133193692593,19.4844234698527));
#4765=CARTESIAN_POINT('Ctrl Pts',(-1.64459963022126,6.55653690478986,19.5000864427473));
#4766=CARTESIAN_POINT('Ctrl Pts',(-3.25127943932551,5.88697409609241,19.5317001889918));
#4767=CARTESIAN_POINT('Ctrl Pts',(-3.97898454733174,5.40078561511699,19.5473531865309));
#4768=CARTESIAN_POINT('Ctrl Pts',(-5.20166785777511,4.18070536056068,19.5789465665088));
#4769=CARTESIAN_POINT('Ctrl Pts',(-5.68650208655181,3.46021332479368,19.5945894047326));
#4770=CARTESIAN_POINT('Ctrl Pts',(-6.34915304853242,1.8796109468685,19.6261620543443));
#4771=CARTESIAN_POINT('Ctrl Pts',(-6.52273681160325,1.03563696928319,19.6417945473368));
#4772=CARTESIAN_POINT('Ctrl Pts',(-6.53548625886419,-0.664702019648431,
19.6733460884362));
#4773=CARTESIAN_POINT('Ctrl Pts',(-6.37687959761384,-1.50465999969649,19.68896804428));
#4774=CARTESIAN_POINT('Ctrl Pts',(-5.74810388085489,-3.06987817139182,19.7204980865493));
#4775=CARTESIAN_POINT('Ctrl Pts',(-5.28619208353414,-3.78093169194132,19.7361093049786));
#4776=CARTESIAN_POINT('Ctrl Pts',(-4.1197215234303,-4.98035359298959,19.7676174473929));
#4777=CARTESIAN_POINT('Ctrl Pts',(-3.4281168989806,-5.45881910332017,19.7832177180092));
#4778=CARTESIAN_POINT('Ctrl Pts',(-1.9062208241505,-6.11999085183235,19.8147035484714));
#4779=CARTESIAN_POINT('Ctrl Pts',(-1.09155996536951,-6.29852192855961,19.8302926575499));
#4780=CARTESIAN_POINT('Ctrl Pts',(0.553522153780831,-6.33200645419783,19.8617557226903));
#4781=CARTESIAN_POINT('Ctrl Pts',(1.36802964613862,-6.1890519576982,19.8773334651629));
#4782=CARTESIAN_POINT('Ctrl Pts',(2.88956698881456,-5.60041420983586,19.9087733545889));
#4783=CARTESIAN_POINT('Ctrl Pts',(3.58279931601438,-5.16267686401569,19.9243394099646));
#4784=CARTESIAN_POINT('Ctrl Pts',(4.75663323631993,-4.05007032559784,19.955755763787));
#4785=CARTESIAN_POINT('Ctrl Pts',(5.22759672877957,-3.38771136949497,19.9713098354998));
#4786=CARTESIAN_POINT('Ctrl Pts',(5.88521259375828,-1.92566240608458,20.002702187494));
#4787=CARTESIAN_POINT('Ctrl Pts',(6.06777043674605,-1.14108954798817,20.01824437005));
#4788=CARTESIAN_POINT('Ctrl Pts',(6.09802540237246,-0.22979684071247,20.0362451699123));
#4789=CARTESIAN_POINT('Ctrl Pts',(6.09860493696154,-0.115755063975722,20.0384973975013));
#4790=CARTESIAN_POINT('Ctrl Pts',(6.09599444205274,-0.00190430611040412,
20.040748455495));
#4791=CARTESIAN_POINT('Ctrl Pts',(7.17845875078445,-1.58235882537924E-14,
19.2235752762032));
#4792=CARTESIAN_POINT('Ctrl Pts',(7.16215928578016,0.931331669247739,19.239931620354));
#4793=CARTESIAN_POINT('Ctrl Pts',(6.96466490843514,1.85043835661535,19.2561823176133));
#4794=CARTESIAN_POINT('Ctrl Pts',(6.22994793096034,3.55497873029747,19.2889904135711));
#4795=CARTESIAN_POINT('Ctrl Pts',(5.70192906588248,4.32492592356695,19.3052363729468));
#4796=CARTESIAN_POINT('Ctrl Pts',(4.38422558871119,5.61383546732132,19.3380345122287));
#4797=CARTESIAN_POINT('Ctrl Pts',(3.60885920558563,6.12206269746458,19.354275596809));
#4798=CARTESIAN_POINT('Ctrl Pts',(1.91245392369767,6.80924412814715,19.3870636535708));
#4799=CARTESIAN_POINT('Ctrl Pts',(1.00862874032819,6.98376460059354,19.40329972945));
#4800=CARTESIAN_POINT('Ctrl Pts',(-0.808603928611761,6.97541411548085,19.4360775334031));
#4801=CARTESIAN_POINT('Ctrl Pts',(-1.70452753013597,6.79499270123504,19.4523084861588));
#4802=CARTESIAN_POINT('Ctrl Pts',(-3.37036082394316,6.10230541087064,19.4850758422592));
#4803=CARTESIAN_POINT('Ctrl Pts',(-4.12514762305396,5.59891103560479,19.5013015641738));
#4804=CARTESIAN_POINT('Ctrl Pts',(-5.39383447559635,4.3349175795114,19.5340582640048));
#4805=CARTESIAN_POINT('Ctrl Pts',(-5.89721333532776,3.58819048420325,19.550278647284));
#4806=CARTESIAN_POINT('Ctrl Pts',(-6.58578087594195,1.94942004908263,19.5830244732344));
#4807=CARTESIAN_POINT('Ctrl Pts',(-6.76656787614627,1.07409431093884,19.5992394073244));
#4808=CARTESIAN_POINT('Ctrl Pts',(-6.78120736959856,-0.68997681463654,19.6319741337355));
#4809=CARTESIAN_POINT('Ctrl Pts',(-6.61735347583645,-1.56171275025302,19.6481835042338));
#4810=CARTESIAN_POINT('Ctrl Pts',(-5.96609858541936,-3.18667930447206,19.6809068976428));
#4811=CARTESIAN_POINT('Ctrl Pts',(-5.48724611343777,-3.92517093664794,19.6971105855749));
#4812=CARTESIAN_POINT('Ctrl Pts',(-4.27724173758034,-5.17138454545648,19.7298224049265));
#4813=CARTESIAN_POINT('Ctrl Pts',(-3.55951696797487,-5.66882236653132,19.7460202861305));
#4814=CARTESIAN_POINT('Ctrl Pts',(-1.97951516752852,-6.35678022839415,19.7787202825374));
#4815=CARTESIAN_POINT('Ctrl Pts',(-1.13345216184198,-6.54295308994565,19.794912229306));
#4816=CARTESIAN_POINT('Ctrl Pts',(0.575623106616756,-6.57915634825819,19.827600136428));
#4817=CARTESIAN_POINT('Ctrl Pts',(1.42211599650117,-6.43134267728141,19.843786020549));
#4818=CARTESIAN_POINT('Ctrl Pts',(3.00394716458567,-5.82089825457351,19.8764615793856));
#4819=CARTESIAN_POINT('Ctrl Pts',(3.72495203058016,-5.36650406607706,19.8926412385685));
#4820=CARTESIAN_POINT('Ctrl Pts',(4.94632937710135,-4.21078756656502,19.925304202258));
#4821=CARTESIAN_POINT('Ctrl Pts',(5.43667913837349,-3.52244933416745,19.94147747707));
#4822=CARTESIAN_POINT('Ctrl Pts',(6.12193307834127,-2.00241286993589,19.9741275731267));
#4823=CARTESIAN_POINT('Ctrl Pts',(6.31256811509634,-1.18641722912468,19.9902944101711));
#4824=CARTESIAN_POINT('Ctrl Pts',(6.34486137182742,-0.238286490269158,20.0090238014872));
#4825=CARTESIAN_POINT('Ctrl Pts',(6.34556642031692,-0.119627771441069,20.0113670414984));
#4826=CARTESIAN_POINT('Ctrl Pts',(6.34295202747056,-0.0011617694602639,
20.0137092643884));
#4827=CARTESIAN_POINT('Ctrl Pts',(7.25,-1.59813163363415E-14,19.0747998250855));
#4828=CARTESIAN_POINT('Ctrl Pts',(7.23403939680859,0.940627938967413,19.0913191552196));
#4829=CARTESIAN_POINT('Ctrl Pts',(7.03506909083039,1.8691092112062,19.107733441596));
#4830=CARTESIAN_POINT('Ctrl Pts',(6.29379560989474,3.59140284668291,19.140875389764));
#4831=CARTESIAN_POINT('Ctrl Pts',(5.76077608911295,4.36957292615341,19.1572882462459));
#4832=CARTESIAN_POINT('Ctrl Pts',(4.43007629618147,5.67260314995804,19.1904273136559));
#4833=CARTESIAN_POINT('Ctrl Pts',(3.64684907496939,6.18661276532266,19.2068387083039));
#4834=CARTESIAN_POINT('Ctrl Pts',(1.93281178834607,6.88202325652636,19.2399748289925));
#4835=CARTESIAN_POINT('Ctrl Pts',(1.01938632895876,7.05893428837032,19.256384728019));
#4836=CARTESIAN_POINT('Ctrl Pts',(-0.817550356572107,7.05150077203827,19.2895178339082));
#4837=CARTESIAN_POINT('Ctrl Pts',(-1.72339590395153,6.86961930672073,19.3059262021817));
#4838=CARTESIAN_POINT('Ctrl Pts',(-3.4080540301838,6.17019574073643,19.3390562226695));
#4839=CARTESIAN_POINT('Ctrl Pts',(-4.17157869303356,5.66160819982815,19.3554630238167));
#4840=CARTESIAN_POINT('Ctrl Pts',(-5.45531402777094,4.38404500760461,19.388589885597));
#4841=CARTESIAN_POINT('Ctrl Pts',(-5.96488113573618,3.62908301685027,19.4049950819216));
#4842=CARTESIAN_POINT('Ctrl Pts',(-6.66232276760212,1.97179583937915,19.4381187088633));
#4843=CARTESIAN_POINT('Ctrl Pts',(-6.84573589599948,1.08636828471648,19.4545222612397));
#4844=CARTESIAN_POINT('Ctrl Pts',(-6.86155656971257,-0.698473788443065,
19.4876425742562));
#4845=CARTESIAN_POINT('Ctrl Pts',(-6.69627153544699,-1.58068719896134,19.5040444420241));
#4846=CARTESIAN_POINT('Ctrl Pts',(-6.03812151981994,-3.22557053266434,19.5371613589298));
#4847=CARTESIAN_POINT('Ctrl Pts',(-5.55389219864039,-3.97332742463839,19.5535614997775));
#4848=CARTESIAN_POINT('Ctrl Pts',(-4.32975646938282,-5.23554434589579,19.5866749351402));
#4849=CARTESIAN_POINT('Ctrl Pts',(-3.60342613944566,-5.73959107952092,19.6030733049754));
#4850=CARTESIAN_POINT('Ctrl Pts',(-2.0040235354613,-6.43709770473231,19.6361831699303));
#4851=CARTESIAN_POINT('Ctrl Pts',(-1.14735467104383,-6.6261472593133,19.6525797229003));
#4852=CARTESIAN_POINT('Ctrl Pts',(0.583569146961866,-6.66382369278819,19.6856859245524));
#4853=CARTESIAN_POINT('Ctrl Pts',(1.44110307844592,-6.51462074273534,19.7020806131786));
#4854=CARTESIAN_POINT('Ctrl Pts',(3.04396346140078,-5.89714404396934,19.7351830557365));
#4855=CARTESIAN_POINT('Ctrl Pts',(3.77477339888572,-5.43719830312966,19.7515758282414));
#4856=CARTESIAN_POINT('Ctrl Pts',(5.01313612382842,-4.26680110513426,19.7846744128021));
#4857=CARTESIAN_POINT('Ctrl Pts',(5.51053044813641,-3.56949028242939,19.8010652155642));
#4858=CARTESIAN_POINT('Ctrl Pts',(6.20603767922816,-2.02916992706509,19.8341598355226));
#4859=CARTESIAN_POINT('Ctrl Pts',(6.39981517738632,-1.20206207336107,19.8505486223754));
#4860=CARTESIAN_POINT('Ctrl Pts',(6.43313763494818,-0.240771228494641,19.8695385069996));
#4861=CARTESIAN_POINT('Ctrl Pts',(6.43392514654899,-0.120460306464045,19.8719143057725));
#4862=CARTESIAN_POINT('Ctrl Pts',(6.43134686872256,-0.000340306342091117,
19.8742891710267));
#4863=CARTESIAN_POINT('Ctrl Pts',(7.25,-1.5981640728873E-14,19.));
#4864=CARTESIAN_POINT('Ctrl Pts',(7.23420976538826,0.940633322985236,19.0165193316403));
#4865=CARTESIAN_POINT('Ctrl Pts',(7.03540699606724,1.8691877714224,19.0329341933278));
#4866=CARTESIAN_POINT('Ctrl Pts',(6.29439279150346,3.59174443196432,19.0660785037442));
#4867=CARTESIAN_POINT('Ctrl Pts',(5.76146220167035,4.37010167255778,19.0824931160018));
#4868=CARTESIAN_POINT('Ctrl Pts',(4.43080631976368,5.67356790616479,19.1156369560466));
#4869=CARTESIAN_POINT('Ctrl Pts',(3.64753334106144,6.18782186111676,19.132051310012));
#4870=CARTESIAN_POINT('Ctrl Pts',(1.93324561383122,6.88370337329437,19.1651946626656));
#4871=CARTESIAN_POINT('Ctrl Pts',(1.01961770487596,7.06083619625883,19.1816087490503));
#4872=CARTESIAN_POINT('Ctrl Pts',(-0.817865893079712,7.05374282445647,19.2147515964595));
#4873=CARTESIAN_POINT('Ctrl Pts',(-1.72405067965035,6.87197616966978,19.231165405522));
#4874=CARTESIAN_POINT('Ctrl Pts',(-3.40947073285136,6.17260699802816,19.2643077289472));
#4875=CARTESIAN_POINT('Ctrl Pts',(-4.17341075378836,5.66395839968777,19.2807212504641));
#4876=CARTESIAN_POINT('Ctrl Pts',(-5.45796961172486,4.38605873915965,19.3138630302212));
#4877=CARTESIAN_POINT('Ctrl Pts',(-5.96793704606584,3.63082458595413,19.3302762534559));
#4878=CARTESIAN_POINT('Ctrl Pts',(-6.66606678488034,1.97278518011236,19.3634174688538));
#4879=CARTESIAN_POINT('Ctrl Pts',(-6.84976132876039,1.08688484087027,19.3798303825221));
#4880=CARTESIAN_POINT('Ctrl Pts',(-6.86593423076622,-0.69905452700552,19.4129710117946));
#4881=CARTESIAN_POINT('Ctrl Pts',(-6.7007170659085,-1.58188195233902,19.4293836040277));
#4882=CARTESIAN_POINT('Ctrl Pts',(-6.04242386960412,-3.22804516261826,19.4625236242591));
#4883=CARTESIAN_POINT('Ctrl Pts',(-5.55798544777693,-3.97645591158989,19.4789358825637));
#4884=CARTESIAN_POINT('Ctrl Pts',(-4.33313239340937,-5.23990451312877,19.512075269608));
#4885=CARTESIAN_POINT('Ctrl Pts',(-3.60630129670972,-5.74451787737063,19.5284871808217));
#4886=CARTESIAN_POINT('Ctrl Pts',(-2.00563627389557,-6.4429487989104,19.5616259092146));
#4887=CARTESIAN_POINT('Ctrl Pts',(-1.14821824706868,-6.63234815406304,19.5780374594582));
#4888=CARTESIAN_POINT('Ctrl Pts',(0.584368468983435,-6.67040349022264,19.6111755023202));
#4889=CARTESIAN_POINT('Ctrl Pts',(1.44280021602966,-6.52122730288057,19.6275866769452));
#4890=CARTESIAN_POINT('Ctrl Pts',(3.04747826686363,-5.90341757854488,19.6607240058762));
#4891=CARTESIAN_POINT('Ctrl Pts',(3.77919125125157,-5.44311666453834,19.6771347894073));
#4892=CARTESIAN_POINT('Ctrl Pts',(5.01921530772362,-4.27162081110462,19.7102713743703));
#4893=CARTESIAN_POINT('Ctrl Pts',(5.51735333480639,-3.57357833739162,19.7266817504422));
#4894=CARTESIAN_POINT('Ctrl Pts',(6.21404093222675,-2.03147660407081,19.7598175596362));
#4895=CARTESIAN_POINT('Ctrl Pts',(6.40824574231238,-1.20333691254377,19.7762275109246));
#4896=CARTESIAN_POINT('Ctrl Pts',(6.4418097051155,-0.240757808164339,19.7952429095986));
#4897=CARTESIAN_POINT('Ctrl Pts',(6.44262286524025,-0.120284091371574,19.7976219114814));
#4898=CARTESIAN_POINT('Ctrl Pts',(6.44006564688067,-1.59814426846845E-14,
19.8));
#4899=CARTESIAN_POINT('',(7.25,-1.5981640728873E-14,19.));
#4900=CARTESIAN_POINT('',(7.21708066601913,-1.59090745262914E-14,18.8760000627392));
#4901=CARTESIAN_POINT('Origin',(7.,-1.54305496692567E-14,19.));
#4902=CARTESIAN_POINT('',(6.78292248028496,-1.49520317478221E-14,19.1240054451803));
#4903=CARTESIAN_POINT('Origin',(7.,-1.54305496692567E-14,19.));
#4904=CARTESIAN_POINT('Origin',(7.,-1.54305496692567E-14,19.));
#4905=CARTESIAN_POINT('Ctrl Pts',(7.25,-1.5981640728873E-14,19.));
#4906=CARTESIAN_POINT('Ctrl Pts',(7.23420976538826,0.940633322985236,19.0165193316403));
#4907=CARTESIAN_POINT('Ctrl Pts',(7.03540699606724,1.8691877714224,19.0329341933278));
#4908=CARTESIAN_POINT('Ctrl Pts',(6.29439279150346,3.59174443196432,19.0660785037442));
#4909=CARTESIAN_POINT('Ctrl Pts',(5.76146220167035,4.37010167255778,19.0824931160018));
#4910=CARTESIAN_POINT('Ctrl Pts',(4.43080631976368,5.67356790616479,19.1156369560466));
#4911=CARTESIAN_POINT('Ctrl Pts',(3.64753334106144,6.18782186111676,19.132051310012));
#4912=CARTESIAN_POINT('Ctrl Pts',(1.93324561383122,6.88370337329437,19.1651946626656));
#4913=CARTESIAN_POINT('Ctrl Pts',(1.01961770487596,7.06083619625883,19.1816087490503));
#4914=CARTESIAN_POINT('Ctrl Pts',(-0.817865893079712,7.05374282445647,19.2147515964595));
#4915=CARTESIAN_POINT('Ctrl Pts',(-1.72405067965035,6.87197616966978,19.231165405522));
#4916=CARTESIAN_POINT('Ctrl Pts',(-3.40947073285136,6.17260699802816,19.2643077289472));
#4917=CARTESIAN_POINT('Ctrl Pts',(-4.17341075378836,5.66395839968777,19.2807212504641));
#4918=CARTESIAN_POINT('Ctrl Pts',(-5.45796961172486,4.38605873915965,19.3138630302212));
#4919=CARTESIAN_POINT('Ctrl Pts',(-5.96793704606584,3.63082458595413,19.3302762534559));
#4920=CARTESIAN_POINT('Ctrl Pts',(-6.66606678488034,1.97278518011236,19.3634174688538));
#4921=CARTESIAN_POINT('Ctrl Pts',(-6.84976132876039,1.08688484087027,19.3798303825221));
#4922=CARTESIAN_POINT('Ctrl Pts',(-6.86593423076622,-0.69905452700552,19.4129710117946));
#4923=CARTESIAN_POINT('Ctrl Pts',(-6.7007170659085,-1.58188195233902,19.4293836040277));
#4924=CARTESIAN_POINT('Ctrl Pts',(-6.04242386960412,-3.22804516261826,19.4625236242591));
#4925=CARTESIAN_POINT('Ctrl Pts',(-5.55798544777693,-3.97645591158989,19.4789358825637));
#4926=CARTESIAN_POINT('Ctrl Pts',(-4.33313239340937,-5.23990451312877,19.512075269608));
#4927=CARTESIAN_POINT('Ctrl Pts',(-3.60630129670972,-5.74451787737063,19.5284871808217));
#4928=CARTESIAN_POINT('Ctrl Pts',(-2.00563627389557,-6.4429487989104,19.5616259092146));
#4929=CARTESIAN_POINT('Ctrl Pts',(-1.14821824706868,-6.63234815406304,19.5780374594582));
#4930=CARTESIAN_POINT('Ctrl Pts',(0.584368468983435,-6.67040349022264,19.6111755023202));
#4931=CARTESIAN_POINT('Ctrl Pts',(1.44280021602966,-6.52122730288057,19.6275866769452));
#4932=CARTESIAN_POINT('Ctrl Pts',(3.04747826686363,-5.90341757854488,19.6607240058762));
#4933=CARTESIAN_POINT('Ctrl Pts',(3.77919125125157,-5.44311666453834,19.6771347894073));
#4934=CARTESIAN_POINT('Ctrl Pts',(5.01921530772362,-4.27162081110462,19.7102713743703));
#4935=CARTESIAN_POINT('Ctrl Pts',(5.51735333480639,-3.57357833739162,19.7266817504422));
#4936=CARTESIAN_POINT('Ctrl Pts',(6.21404093222675,-2.03147660407081,19.7598175596362));
#4937=CARTESIAN_POINT('Ctrl Pts',(6.40824574231238,-1.20333691254377,19.7762275109246));
#4938=CARTESIAN_POINT('Ctrl Pts',(6.4418097051155,-0.240757808164339,19.7952429095986));
#4939=CARTESIAN_POINT('Ctrl Pts',(6.44262286524025,-0.120284091371574,19.7976219114814));
#4940=CARTESIAN_POINT('Ctrl Pts',(6.44006564688067,-1.59814426846845E-14,
19.8));
#4941=CARTESIAN_POINT('Origin',(-0.00419546502545665,-0.100033095186656,
22.7709240782173));
#4942=CARTESIAN_POINT('Origin',(0.,6.93889390390723E-17,-0.249973752512512));
#4943=CARTESIAN_POINT('',(0.250000000000001,3.06160058785067E-17,-4.));
#4944=CARTESIAN_POINT('Origin',(0.,0.,-4.));
#4945=CARTESIAN_POINT('',(0.25,3.87727690603885E-17,-0.249973752512511));
#4946=CARTESIAN_POINT('',(0.25,3.87727690603884E-17,-0.249973752512512));
#4947=CARTESIAN_POINT('',(-2.71783513783284E-10,0.250003337255884,-0.249999999999954));
#4948=CARTESIAN_POINT('Origin',(0.,6.93889390390723E-17,-0.249973752512512));
#4949=CARTESIAN_POINT('Origin',(0.,6.93889390390723E-17,-0.249973752512512));
#4950=CARTESIAN_POINT('Ctrl Pts',(-3.06161699786839E-17,0.25,-0.249973752512512));
#4951=CARTESIAN_POINT('Ctrl Pts',(-3.06161699786839E-17,0.25,-0.249973752512512));
#4952=CARTESIAN_POINT('Ctrl Pts',(-3.06161699786839E-17,0.25,-0.249973752512512));
#4953=CARTESIAN_POINT('Ctrl Pts',(-0.25,0.25,-0.249973752512512));
#4954=CARTESIAN_POINT('Ctrl Pts',(-0.25,0.25,-0.249973752512512));
#4955=CARTESIAN_POINT('Ctrl Pts',(-0.25,0.25,-0.249973752512512));
#4956=CARTESIAN_POINT('Ctrl Pts',(-0.25,0.25,2.62474874884733E-5));
#4957=CARTESIAN_POINT('Ctrl Pts',(-0.25,-3.12250225675825E-16,2.62474874888549E-5));
#4958=CARTESIAN_POINT('Ctrl Pts',(-0.25,6.93889390390723E-17,-0.249973752512512));
#4959=CARTESIAN_POINT('Ctrl Pts',(-0.25,0.25,0.250026247487489));
#4960=CARTESIAN_POINT('Ctrl Pts',(-0.25,-0.250000000000001,0.250026247487489));
#4961=CARTESIAN_POINT('Ctrl Pts',(-0.25,-0.25,-0.249973752512512));
#4962=CARTESIAN_POINT('Ctrl Pts',(0.,0.25,0.250026247487489));
#4963=CARTESIAN_POINT('Ctrl Pts',(0.,-0.250000000000001,0.250026247487489));
#4964=CARTESIAN_POINT('Ctrl Pts',(0.,-0.25,-0.249973752512512));
#4965=CARTESIAN_POINT('Ctrl Pts',(0.25,0.25,0.250026247487489));
#4966=CARTESIAN_POINT('Ctrl Pts',(0.25,-0.250000000000001,0.250026247487489));
#4967=CARTESIAN_POINT('Ctrl Pts',(0.25,-0.25,-0.249973752512512));
#4968=CARTESIAN_POINT('Ctrl Pts',(0.25,0.25,2.62474874884733E-5));
#4969=CARTESIAN_POINT('Ctrl Pts',(0.25,-3.12250225675825E-16,2.62474874888549E-5));
#4970=CARTESIAN_POINT('Ctrl Pts',(0.25,6.93889390390723E-17,-0.249973752512512));
#4971=CARTESIAN_POINT('Ctrl Pts',(0.25,0.25,-0.249973752512512));
#4972=CARTESIAN_POINT('Ctrl Pts',(0.25,0.25,-0.249973752512512));
#4973=CARTESIAN_POINT('Ctrl Pts',(0.25,0.25,-0.249973752512512));
#4974=CARTESIAN_POINT('Ctrl Pts',(3.06161699786839E-17,0.25,-0.249973752512512));
#4975=CARTESIAN_POINT('Ctrl Pts',(3.06161699786839E-17,0.25,-0.249973752512512));
#4976=CARTESIAN_POINT('Ctrl Pts',(3.06161699786839E-17,0.25,-0.249973752512512));
#4977=CARTESIAN_POINT('',(0.250000151770297,0.250003337255884,-3.06161699786839E-17));
#4978=CARTESIAN_POINT('Origin',(1.5177029709379E-7,0.250003337255884,0.));
#4979=CARTESIAN_POINT('Origin',(1.5177029709379E-7,0.250003337255884,0.));
#4980=CARTESIAN_POINT('Origin',(3.46944695195361E-16,-3.61577189359179E-18,
-4.));
#4981=CARTESIAN_POINT('Origin',(1.51770295810094E-7,6.74536862974152,0.));
#4982=CARTESIAN_POINT('',(0.250000151770296,6.74536862974152,3.06161699786839E-17));
#4983=CARTESIAN_POINT('',(0.250000151770296,6.74536862974152,3.06161699786839E-17));
#4984=CARTESIAN_POINT('',(-0.250000005621122,6.74536878140769,0.));
#4985=CARTESIAN_POINT('Origin',(1.51770295810094E-7,6.74536862974152,0.));
#4986=CARTESIAN_POINT('Origin',(1.51770295810094E-7,6.74536862974152,0.));
#4987=CARTESIAN_POINT('Ctrl Pts',(-0.250000005621125,6.74536878140769,3.06161699786839E-17));
#4988=CARTESIAN_POINT('Ctrl Pts',(-0.249999941146402,6.74536878379728,3.06161699786839E-17));
#4989=CARTESIAN_POINT('Ctrl Pts',(-0.249999894687679,6.74536873902802,3.06161699786839E-17));
#4990=CARTESIAN_POINT('Ctrl Pts',(-0.249999848228955,6.74536869425875,3.06161699786839E-17));
#4991=CARTESIAN_POINT('Ctrl Pts',(-0.249999848229704,6.74536862973976,3.06161699786839E-17));
#4992=CARTESIAN_POINT('Ctrl Pts',(-0.250000005621125,6.74536878140769,0.25));
#4993=CARTESIAN_POINT('Ctrl Pts',(-0.249999941146402,6.74536878379728,0.25));
#4994=CARTESIAN_POINT('Ctrl Pts',(-0.249999894687679,6.74536873902802,0.25));
#4995=CARTESIAN_POINT('Ctrl Pts',(-0.249999848228955,6.74536869425875,0.25));
#4996=CARTESIAN_POINT('Ctrl Pts',(-0.249999848229704,6.74536862973976,0.25));
#4997=CARTESIAN_POINT('Ctrl Pts',(-0.259259269438526,6.99519725463194,0.25));
#4998=CARTESIAN_POINT('Ctrl Pts',(-0.153054755810869,6.99913345772974,0.25));
#4999=CARTESIAN_POINT('Ctrl Pts',(-0.0765266856602441,6.92538830949113,
0.25));
#5000=CARTESIAN_POINT('Ctrl Pts',(1.38448968331484E-6,6.85164316125319,
0.25));
#5001=CARTESIAN_POINT('Ctrl Pts',(1.51753478394578E-7,6.74536572993313,
0.25));
#5002=CARTESIAN_POINT('Ctrl Pts',(-0.268518533255927,7.24502572785619,0.25));
#5003=CARTESIAN_POINT('Ctrl Pts',(-0.0561095704753365,7.25289813166221,
0.25));
#5004=CARTESIAN_POINT('Ctrl Pts',(0.0969465233671904,7.10540787995424,0.25));
#5005=CARTESIAN_POINT('Ctrl Pts',(0.250002617208322,6.95791762824762,0.25));
#5006=CARTESIAN_POINT('Ctrl Pts',(0.25000015173666,6.74536283012651,0.25));
#5007=CARTESIAN_POINT('Ctrl Pts',(-0.268518533255927,7.24502572785619,0.));
#5008=CARTESIAN_POINT('Ctrl Pts',(-0.0561095704753364,7.25289813166221,
0.));
#5009=CARTESIAN_POINT('Ctrl Pts',(0.0969465233671905,7.10540787995424,0.));
#5010=CARTESIAN_POINT('Ctrl Pts',(0.250002617208322,6.95791762824762,0.));
#5011=CARTESIAN_POINT('Ctrl Pts',(0.250000151736661,6.74536283012651,0.));
#5012=CARTESIAN_POINT('Ctrl Pts',(-0.268518533255927,7.24502572785619,-0.25));
#5013=CARTESIAN_POINT('Ctrl Pts',(-0.0561095704753365,7.25289813166221,
-0.25));
#5014=CARTESIAN_POINT('Ctrl Pts',(0.0969465233671904,7.10540787995424,-0.25));
#5015=CARTESIAN_POINT('Ctrl Pts',(0.250002617208322,6.95791762824762,-0.25));
#5016=CARTESIAN_POINT('Ctrl Pts',(0.25000015173666,6.74536283012651,-0.25));
#5017=CARTESIAN_POINT('Ctrl Pts',(-0.259259269438526,6.99519725463194,-0.25));
#5018=CARTESIAN_POINT('Ctrl Pts',(-0.153054755810869,6.99913345772974,-0.25));
#5019=CARTESIAN_POINT('Ctrl Pts',(-0.0765266856602441,6.92538830949113,
-0.25));
#5020=CARTESIAN_POINT('Ctrl Pts',(1.38448968331484E-6,6.85164316125319,
-0.25));
#5021=CARTESIAN_POINT('Ctrl Pts',(1.51753478394578E-7,6.74536572993313,
-0.25));
#5022=CARTESIAN_POINT('Ctrl Pts',(-0.250000005621125,6.74536878140769,-0.25));
#5023=CARTESIAN_POINT('Ctrl Pts',(-0.249999941146402,6.74536878379728,-0.25));
#5024=CARTESIAN_POINT('Ctrl Pts',(-0.249999894687679,6.74536873902802,-0.25));
#5025=CARTESIAN_POINT('Ctrl Pts',(-0.249999848228955,6.74536869425875,-0.25));
#5026=CARTESIAN_POINT('Ctrl Pts',(-0.249999848229704,6.74536862973976,-0.25));
#5027=CARTESIAN_POINT('Ctrl Pts',(-0.250000005621125,6.74536878140769,-3.06161699786839E-17));
#5028=CARTESIAN_POINT('Ctrl Pts',(-0.249999941146402,6.74536878379728,-3.06161699786839E-17));
#5029=CARTESIAN_POINT('Ctrl Pts',(-0.249999894687679,6.74536873902802,-3.06161699786839E-17));
#5030=CARTESIAN_POINT('Ctrl Pts',(-0.249999848228955,6.74536869425875,-3.06161699786839E-17));
#5031=CARTESIAN_POINT('Ctrl Pts',(-0.249999848229704,6.74536862973976,-3.06161699786839E-17));
#5032=CARTESIAN_POINT('Origin',(-0.259259265088574,6.99519725479316,0.));
#5033=CARTESIAN_POINT('Origin',(0.,0.,0.));
#5034=CARTESIAN_POINT('',(6.75,0.,-6.66133814775095E-16));
#5035=CARTESIAN_POINT('Origin',(0.,0.,3.06161699786839E-17));
#5036=CARTESIAN_POINT('',(7.25,0.,-3.06161699786839E-17));
#5037=CARTESIAN_POINT('Origin',(7.,0.,0.));
#5038=CARTESIAN_POINT('Origin',(7.,0.,0.));
#5039=CARTESIAN_POINT('Ctrl Pts',(7.25,0.,-3.06161699786839E-17));
#5040=CARTESIAN_POINT('Ctrl Pts',(7.25,1.19876561781716,0.0555555555555555));
#5041=CARTESIAN_POINT('Ctrl Pts',(6.64399211051937,3.5951140516284,0.166666666666667));
#5042=CARTESIAN_POINT('Ctrl Pts',(4.13153109541789,6.32415406099314,0.333333333333333));
#5043=CARTESIAN_POINT('Ctrl Pts',(0.623896831603136,7.52823883436066,0.5));
#5044=CARTESIAN_POINT('Ctrl Pts',(-3.03448928050699,6.91787120327786,0.666666666666667));
#5045=CARTESIAN_POINT('Ctrl Pts',(-5.96122344282756,4.63980828182452,0.833333333333333));
#5046=CARTESIAN_POINT('Ctrl Pts',(-7.45108111177989,1.24337125562304,1.));
#5047=CARTESIAN_POINT('Ctrl Pts',(-7.14479089253074,-2.45281551806874,1.16666666666667));
#5048=CARTESIAN_POINT('Ctrl Pts',(-5.11625434087536,-5.55772879805137,1.33333333333333));
#5049=CARTESIAN_POINT('Ctrl Pts',(-1.85442008730215,-7.32294585829453,1.5));
#5050=CARTESIAN_POINT('Ctrl Pts',(1.85442078355142,-7.32294438793735,1.66666666666667));
#5051=CARTESIAN_POINT('Ctrl Pts',(5.11625191600708,-5.5577309782352,1.83333333333333));
#5052=CARTESIAN_POINT('Ctrl Pts',(7.14479621665142,-2.45281157555428,2.));
#5053=CARTESIAN_POINT('Ctrl Pts',(7.45107031803447,1.2433636474591,2.16666666666667));
#5054=CARTESIAN_POINT('Ctrl Pts',(5.9612449182872,4.63982322900532,2.33333333333333));
#5055=CARTESIAN_POINT('Ctrl Pts',(3.03444674017859,6.91784169567381,2.5));
#5056=CARTESIAN_POINT('Ctrl Pts',(-0.623812503560037,7.528297213071,2.66666666666667));
#5057=CARTESIAN_POINT('Ctrl Pts',(-4.13170013464752,6.32403784958376,2.83333333333334));
#5058=CARTESIAN_POINT('Ctrl Pts',(-6.64363115461418,3.59535338537248,3.));
#5059=CARTESIAN_POINT('Ctrl Pts',(-7.55409827875632,-1.07090671020564E-9,
3.16666666666667));
#5060=CARTESIAN_POINT('Ctrl Pts',(-6.64363115234097,-3.59535338271367,3.33333333333333));
#5061=CARTESIAN_POINT('Ctrl Pts',(-4.13170014029136,-6.32403785404311,3.5));
#5062=CARTESIAN_POINT('Ctrl Pts',(-0.62381249182098,-7.52829720465831,3.66666666666666));
#5063=CARTESIAN_POINT('Ctrl Pts',(3.03444671667718,-6.91784171210114,3.83333333333334));
#5064=CARTESIAN_POINT('Ctrl Pts',(5.96124496489644,-4.63982319663293,4.));
#5065=CARTESIAN_POINT('Ctrl Pts',(7.45107022581642,-1.24336371140457,4.16666666666667));
#5066=CARTESIAN_POINT('Ctrl Pts',(7.14479639899725,2.45281170194302,4.33333333333333));
#5067=CARTESIAN_POINT('Ctrl Pts',(5.11625155550459,5.55773072838807,4.50000000000001));
#5068=CARTESIAN_POINT('Ctrl Pts',(1.85442149624596,7.32294488185852,4.66666666666666));
#5069=CARTESIAN_POINT('Ctrl Pts',(-1.85442149624761,7.32294488185502,4.83333333333334));
#5070=CARTESIAN_POINT('Ctrl Pts',(-5.11625155549882,5.55773072839325,4.99999999999999));
#5071=CARTESIAN_POINT('Ctrl Pts',(-7.14479639900993,2.45281170193364,5.16666666666668));
#5072=CARTESIAN_POINT('Ctrl Pts',(-7.45107022579075,-1.24336371138649,5.33333333333332));
#5073=CARTESIAN_POINT('Ctrl Pts',(-5.9612449649475,-4.63982319666847,5.50000000000001));
#5074=CARTESIAN_POINT('Ctrl Pts',(-3.03444671657606,-6.91784171203099,5.66666666666666));
#5075=CARTESIAN_POINT('Ctrl Pts',(0.62381249162101,-7.52829720479693,5.83333333333334));
#5076=CARTESIAN_POINT('Ctrl Pts',(4.13170014068673,-6.32403785376909,5.99999999999999));
#5077=CARTESIAN_POINT('Ctrl Pts',(6.64363115155933,-3.59535338325539,6.16666666666667));
#5078=CARTESIAN_POINT('Ctrl Pts',(7.55409828030158,-1.58625585855536E-15,
6.33333333333333));
#5079=CARTESIAN_POINT('Ctrl Pts',(6.64363115155933,3.59535338325537,6.5));
#5080=CARTESIAN_POINT('Ctrl Pts',(4.13170014068674,6.3240378537691,6.66666666666667));
#5081=CARTESIAN_POINT('Ctrl Pts',(0.623812491620976,7.52829720479691,6.83333333333332));
#5082=CARTESIAN_POINT('Ctrl Pts',(-3.03444671657602,6.91784171203103,7.00000000000001));
#5083=CARTESIAN_POINT('Ctrl Pts',(-5.96124496494761,4.63982319666838,7.16666666666666));
#5084=CARTESIAN_POINT('Ctrl Pts',(-7.45107022579054,1.24336371138663,7.33333333333334));
#5085=CARTESIAN_POINT('Ctrl Pts',(-7.14479639901034,-2.45281170193394,7.49999999999999));
#5086=CARTESIAN_POINT('Ctrl Pts',(-5.11625155549797,-5.55773072839266,7.66666666666667));
#5087=CARTESIAN_POINT('Ctrl Pts',(-1.85442149624931,-7.32294488185619,7.83333333333333));
#5088=CARTESIAN_POINT('Ctrl Pts',(1.8544214962493,-7.3229448818562,8.));
#5089=CARTESIAN_POINT('Ctrl Pts',(5.11625155549795,-5.55773072839266,8.16666666666666));
#5090=CARTESIAN_POINT('Ctrl Pts',(7.14479639901036,-2.45281170193395,8.33333333333334));
#5091=CARTESIAN_POINT('Ctrl Pts',(7.45107022579053,1.24336371138663,8.5));
#5092=CARTESIAN_POINT('Ctrl Pts',(5.96124496494762,4.63982319666839,8.66666666666667));
#5093=CARTESIAN_POINT('Ctrl Pts',(3.03444671657601,6.91784171203103,8.83333333333333));
#5094=CARTESIAN_POINT('Ctrl Pts',(-0.623812491620979,7.52829720479691,9.));
#5095=CARTESIAN_POINT('Ctrl Pts',(-4.13170014068674,6.32403785376911,9.16666666666666));
#5096=CARTESIAN_POINT('Ctrl Pts',(-6.64363115155932,3.59535338325538,9.33333333333333));
#5097=CARTESIAN_POINT('Ctrl Pts',(-7.55409828030158,1.04692886664654E-14,
9.5));
#5098=CARTESIAN_POINT('Ctrl Pts',(-6.64363115155933,-3.59535338325538,9.66666666666666));
#5099=CARTESIAN_POINT('Ctrl Pts',(-4.13170014068674,-6.3240378537691,9.83333333333333));
#5100=CARTESIAN_POINT('Ctrl Pts',(-0.623812491620966,-7.52829720479692,
10.));
#5101=CARTESIAN_POINT('Ctrl Pts',(3.03444671657601,-6.91784171203102,10.1666666666667));
#5102=CARTESIAN_POINT('Ctrl Pts',(5.96124496494762,-4.63982319666839,10.3333333333333));
#5103=CARTESIAN_POINT('Ctrl Pts',(7.45107022579053,-1.24336371138663,10.5));
#5104=CARTESIAN_POINT('Ctrl Pts',(7.14479639901036,2.45281170193394,10.6666666666667));
#5105=CARTESIAN_POINT('Ctrl Pts',(5.11625155549796,5.55773072839266,10.8333333333333));
#5106=CARTESIAN_POINT('Ctrl Pts',(1.85442149624929,7.3229448818562,11.));
#5107=CARTESIAN_POINT('Ctrl Pts',(-1.85442149624933,7.32294488185619,11.1666666666667));
#5108=CARTESIAN_POINT('Ctrl Pts',(-5.11625155549797,5.55773072839265,11.3333333333333));
#5109=CARTESIAN_POINT('Ctrl Pts',(-7.14479639901035,2.45281170193394,11.5));
#5110=CARTESIAN_POINT('Ctrl Pts',(-7.45107022579054,-1.24336371138664,11.6666666666667));
#5111=CARTESIAN_POINT('Ctrl Pts',(-5.9612449649476,-4.6398231966684,11.8333333333333));
#5112=CARTESIAN_POINT('Ctrl Pts',(-3.03444671657601,-6.91784171203103,12.));
#5113=CARTESIAN_POINT('Ctrl Pts',(0.623812491620966,-7.52829720479691,12.1666666666667));
#5114=CARTESIAN_POINT('Ctrl Pts',(4.13170014068674,-6.32403785376911,12.3333333333333));
#5115=CARTESIAN_POINT('Ctrl Pts',(6.64363115155933,-3.59535338325538,12.5));
#5116=CARTESIAN_POINT('Ctrl Pts',(7.55409828030157,-1.45935538987093E-14,
12.6666666666667));
#5117=CARTESIAN_POINT('Ctrl Pts',(6.64363115155935,3.59535338325536,12.8333333333333));
#5118=CARTESIAN_POINT('Ctrl Pts',(4.13170014068675,6.32403785376908,13.));
#5119=CARTESIAN_POINT('Ctrl Pts',(0.623812491621014,7.52829720479693,13.1666666666667));
#5120=CARTESIAN_POINT('Ctrl Pts',(-3.03444671657604,6.917841712031,13.3333333333333));
#5121=CARTESIAN_POINT('Ctrl Pts',(-5.96124496494748,4.6398231966685,13.5));
#5122=CARTESIAN_POINT('Ctrl Pts',(-7.45107022579075,1.24336371138651,13.6666666666667));
#5123=CARTESIAN_POINT('Ctrl Pts',(-7.14479639900993,-2.45281170193363,13.8333333333333));
#5124=CARTESIAN_POINT('Ctrl Pts',(-5.11625155549881,-5.55773072839328,14.));
#5125=CARTESIAN_POINT('Ctrl Pts',(-1.85442149624759,-7.32294488185502,14.1666666666667));
#5126=CARTESIAN_POINT('Ctrl Pts',(1.85442149624597,-7.32294488185851,14.3333333333333));
#5127=CARTESIAN_POINT('Ctrl Pts',(5.11625155550459,-5.55773072838807,14.5));
#5128=CARTESIAN_POINT('Ctrl Pts',(7.14479639899726,-2.45281170194301,14.6666666666667));
#5129=CARTESIAN_POINT('Ctrl Pts',(7.45107022581642,1.24336371140459,14.8333333333333));
#5130=CARTESIAN_POINT('Ctrl Pts',(5.96124496489643,4.63982319663292,15.));
#5131=CARTESIAN_POINT('Ctrl Pts',(3.03444671667719,6.91784171210114,15.1666666666667));
#5132=CARTESIAN_POINT('Ctrl Pts',(-0.623812491820975,7.5282972046583,15.3333333333333));
#5133=CARTESIAN_POINT('Ctrl Pts',(-4.13170014029135,6.32403785404312,15.5));
#5134=CARTESIAN_POINT('Ctrl Pts',(-6.64363115234097,3.59535338271368,15.6666666666667));
#5135=CARTESIAN_POINT('Ctrl Pts',(-7.55409827875632,1.07093621456344E-9,
15.8333333333333));
#5136=CARTESIAN_POINT('Ctrl Pts',(-6.6436311546142,-3.59535338537247,16.));
#5137=CARTESIAN_POINT('Ctrl Pts',(-4.13170013464753,-6.32403784958375,16.1666666666667));
#5138=CARTESIAN_POINT('Ctrl Pts',(-0.62381250356006,-7.52829721307099,16.3333333333333));
#5139=CARTESIAN_POINT('Ctrl Pts',(3.03444674017855,-6.91784169567383,16.5));
#5140=CARTESIAN_POINT('Ctrl Pts',(5.96124491828718,-4.63982322900534,16.6666666666667));
#5141=CARTESIAN_POINT('Ctrl Pts',(7.45107031803448,-1.2433636474591,16.8333333333333));
#5142=CARTESIAN_POINT('Ctrl Pts',(7.14479621665141,2.45281157555429,17.));
#5143=CARTESIAN_POINT('Ctrl Pts',(5.11625191600707,5.55773097823522,17.1666666666667));
#5144=CARTESIAN_POINT('Ctrl Pts',(1.8544207835514,7.32294438793734,17.3333333333333));
#5145=CARTESIAN_POINT('Ctrl Pts',(-1.85442008730215,7.32294585829453,17.5));
#5146=CARTESIAN_POINT('Ctrl Pts',(-5.11625434087537,5.55772879805136,17.6666666666667));
#5147=CARTESIAN_POINT('Ctrl Pts',(-7.14479089253074,2.45281551806873,17.8333333333333));
#5148=CARTESIAN_POINT('Ctrl Pts',(-7.45108111177989,-1.24337125562304,18.));
#5149=CARTESIAN_POINT('Ctrl Pts',(-5.96122344282756,-4.63980828182451,18.1666666666667));
#5150=CARTESIAN_POINT('Ctrl Pts',(-3.034489280507,-6.91787120327788,18.3333333333333));
#5151=CARTESIAN_POINT('Ctrl Pts',(0.623896831603139,-7.52823883436065,18.5));
#5152=CARTESIAN_POINT('Ctrl Pts',(4.13153109541787,-6.32415406099315,18.6666666666667));
#5153=CARTESIAN_POINT('Ctrl Pts',(6.64399211051936,-3.59511405162841,18.8333333333333));
#5154=CARTESIAN_POINT('Ctrl Pts',(7.25,-1.19876561781718,18.9444444444444));
#5155=CARTESIAN_POINT('Ctrl Pts',(7.25,-1.5981640728873E-14,19.));
#5156=CARTESIAN_POINT('Ctrl Pts',(7.25,0.,-0.0560998688141035));
#5157=CARTESIAN_POINT('Ctrl Pts',(7.25,1.19882061952393,-0.000544313258547934));
#5158=CARTESIAN_POINT('Ctrl Pts',(6.64399806067,3.59508215221654,0.110566797852563));
#5159=CARTESIAN_POINT('Ctrl Pts',(4.13153224845183,6.32417337000766,0.27723346451923));
#5160=CARTESIAN_POINT('Ctrl Pts',(0.623897716856706,7.52823500869609,0.443900131185896));
#5161=CARTESIAN_POINT('Ctrl Pts',(-3.03449120651958,6.91787896345575,0.610566797852563));
#5162=CARTESIAN_POINT('Ctrl Pts',(-5.9612265459319,4.63980878420473,0.777233464519229));
#5163=CARTESIAN_POINT('Ctrl Pts',(-7.45108523501026,1.24337295429326,0.943900131185897));
#5164=CARTESIAN_POINT('Ctrl Pts',(-7.14479474306149,-2.45281736934878,1.11056679785256));
#5165=CARTESIAN_POINT('Ctrl Pts',(-5.11625714172136,-5.55773155939951,1.27723346451923));
#5166=CARTESIAN_POINT('Ctrl Pts',(-1.85442108683288,-7.32294997369261,1.44390013118589));
#5167=CARTESIAN_POINT('Ctrl Pts',(1.85442178758913,-7.32294830407598,1.61056679785257));
#5168=CARTESIAN_POINT('Ctrl Pts',(5.11625470115637,-5.5577340350369,1.77723346451923));
#5169=CARTESIAN_POINT('Ctrl Pts',(7.14480010164639,-2.45281289255331,1.9439001311859));
#5170=CARTESIAN_POINT('Ctrl Pts',(7.45107437139452,1.24336431508231,2.11056679785256));
#5171=CARTESIAN_POINT('Ctrl Pts',(5.96124816040696,4.63982575706573,2.27723346451923));
#5172=CARTESIAN_POINT('Ctrl Pts',(3.03444839081819,6.91784545618806,2.4439001311859));
#5173=CARTESIAN_POINT('Ctrl Pts',(-0.623812842939472,7.52830130896026,2.61056679785256));
#5174=CARTESIAN_POINT('Ctrl Pts',(-4.13170238190991,6.32404128876756,2.77723346451923));
#5175=CARTESIAN_POINT('Ctrl Pts',(-6.64363476821714,3.59535534123281,2.9439001311859));
#5176=CARTESIAN_POINT('Ctrl Pts',(-7.55410238754794,-1.21603611396558E-9,
3.11056679785256));
#5177=CARTESIAN_POINT('Ctrl Pts',(-6.64363476592921,-3.59535533821367,3.27723346451923));
#5178=CARTESIAN_POINT('Ctrl Pts',(-4.13170238759028,-6.32404129383125,3.4439001311859));
#5179=CARTESIAN_POINT('Ctrl Pts',(-0.623812831124426,-7.5283012994075,3.61056679785256));
#5180=CARTESIAN_POINT('Ctrl Pts',(3.03444836716465,-6.91784547484158,3.77723346451923));
#5181=CARTESIAN_POINT('Ctrl Pts',(5.96124820731792,-4.63982572030631,3.94390013118589));
#5182=CARTESIAN_POINT('Ctrl Pts',(7.45107427857952,-1.24336438769352,4.11056679785256));
#5183=CARTESIAN_POINT('Ctrl Pts',(7.14480028517259,2.45281303606995,4.27723346451923));
#5184=CARTESIAN_POINT('Ctrl Pts',(5.11625433832025,5.55773375133105,4.44390013118589));
#5185=CARTESIAN_POINT('Ctrl Pts',(1.85442250489711,7.32294886493222,4.61056679785256));
#5186=CARTESIAN_POINT('Ctrl Pts',(-1.85442250489878,7.32294886492825,4.77723346451923));
#5187=CARTESIAN_POINT('Ctrl Pts',(-5.11625433831444,5.55773375133693,4.9439001311859));
#5188=CARTESIAN_POINT('Ctrl Pts',(-7.14480028518535,2.4528130360593,5.11056679785256));
#5189=CARTESIAN_POINT('Ctrl Pts',(-7.45107427855367,-1.24336438767299,5.27723346451923));
#5190=CARTESIAN_POINT('Ctrl Pts',(-5.96124820736931,-4.63982572034668,5.4439001311859));
#5191=CARTESIAN_POINT('Ctrl Pts',(-3.03444836706287,-6.91784547476192,5.61056679785256));
#5192=CARTESIAN_POINT('Ctrl Pts',(0.623812830923159,-7.52830129956492,5.77723346451923));
#5193=CARTESIAN_POINT('Ctrl Pts',(4.13170238798821,-6.32404129352007,5.9439001311859));
#5194=CARTESIAN_POINT('Ctrl Pts',(6.64363476514251,-3.59535533882881,6.11056679785256));
#5195=CARTESIAN_POINT('Ctrl Pts',(7.5541023891032,-1.26900468684429E-15,
6.27723346451923));
#5196=CARTESIAN_POINT('Ctrl Pts',(6.64363476514251,3.59535533882879,6.4439001311859));
#5197=CARTESIAN_POINT('Ctrl Pts',(4.13170238798823,6.32404129352009,6.61056679785256));
#5198=CARTESIAN_POINT('Ctrl Pts',(0.623812830923123,7.5283012995649,6.77723346451922));
#5199=CARTESIAN_POINT('Ctrl Pts',(-3.03444836706284,6.91784547476197,6.9439001311859));
#5200=CARTESIAN_POINT('Ctrl Pts',(-5.96124820736942,4.63982572034657,7.11056679785256));
#5201=CARTESIAN_POINT('Ctrl Pts',(-7.45107427855347,1.24336438767316,7.27723346451924));
#5202=CARTESIAN_POINT('Ctrl Pts',(-7.14480028518576,-2.45281303605965,7.44390013118589));
#5203=CARTESIAN_POINT('Ctrl Pts',(-5.1162543383136,-5.55773375133626,7.61056679785258));
#5204=CARTESIAN_POINT('Ctrl Pts',(-1.85442250490048,-7.32294886492958,7.77723346451922));
#5205=CARTESIAN_POINT('Ctrl Pts',(1.85442250490046,-7.32294886492959,7.94390013118591));
#5206=CARTESIAN_POINT('Ctrl Pts',(5.11625433831358,-5.55773375133626,8.11056679785256));
#5207=CARTESIAN_POINT('Ctrl Pts',(7.14480028518577,-2.45281303605966,8.27723346451924));
#5208=CARTESIAN_POINT('Ctrl Pts',(7.45107427855347,1.24336438767315,8.44390013118589));
#5209=CARTESIAN_POINT('Ctrl Pts',(5.96124820736942,4.63982572034658,8.61056679785257));
#5210=CARTESIAN_POINT('Ctrl Pts',(3.03444836706282,6.91784547476197,8.77723346451923));
#5211=CARTESIAN_POINT('Ctrl Pts',(-0.623812830923126,7.52830129956489,8.94390013118588));
#5212=CARTESIAN_POINT('Ctrl Pts',(-4.13170238798823,6.3240412935201,9.11056679785258));
#5213=CARTESIAN_POINT('Ctrl Pts',(-6.6436347651425,3.5953553388288,9.27723346451921));
#5214=CARTESIAN_POINT('Ctrl Pts',(-7.55410238910322,1.17382933533097E-14,
9.44390013118592));
#5215=CARTESIAN_POINT('Ctrl Pts',(-6.6436347651425,-3.59535533882881,9.61056679785255));
#5216=CARTESIAN_POINT('Ctrl Pts',(-4.13170238798822,-6.32404129352008,9.77723346451923));
#5217=CARTESIAN_POINT('Ctrl Pts',(-0.623812830923117,-7.52830129956491,
9.9439001311859));
#5218=CARTESIAN_POINT('Ctrl Pts',(3.03444836706283,-6.91784547476196,10.1105667978526));
#5219=CARTESIAN_POINT('Ctrl Pts',(5.96124820736942,-4.63982572034658,10.2772334645192));
#5220=CARTESIAN_POINT('Ctrl Pts',(7.45107427855346,-1.24336438767315,10.4439001311859));
#5221=CARTESIAN_POINT('Ctrl Pts',(7.14480028518577,2.45281303605964,10.6105667978526));
#5222=CARTESIAN_POINT('Ctrl Pts',(5.11625433831359,5.55773375133627,10.7772334645192));
#5223=CARTESIAN_POINT('Ctrl Pts',(1.85442250490046,7.32294886492959,10.9439001311859));
#5224=CARTESIAN_POINT('Ctrl Pts',(-1.8544225049005,7.32294886492958,11.1105667978525));
#5225=CARTESIAN_POINT('Ctrl Pts',(-5.1162543383136,5.55773375133625,11.2772334645192));
#5226=CARTESIAN_POINT('Ctrl Pts',(-7.14480028518577,2.45281303605964,11.4439001311859));
#5227=CARTESIAN_POINT('Ctrl Pts',(-7.45107427855347,-1.24336438767316,11.6105667978526));
#5228=CARTESIAN_POINT('Ctrl Pts',(-5.96124820736941,-4.6398257203466,11.7772334645192));
#5229=CARTESIAN_POINT('Ctrl Pts',(-3.03444836706283,-6.91784547476195,11.9439001311859));
#5230=CARTESIAN_POINT('Ctrl Pts',(0.623812830923114,-7.5283012995649,12.1105667978525));
#5231=CARTESIAN_POINT('Ctrl Pts',(4.13170238798822,-6.32404129352009,12.2772334645193));
#5232=CARTESIAN_POINT('Ctrl Pts',(6.64363476514251,-3.5953553388288,12.4439001311859));
#5233=CARTESIAN_POINT('Ctrl Pts',(7.5541023891032,-1.23727956967318E-14,
12.6105667978526));
#5234=CARTESIAN_POINT('Ctrl Pts',(6.64363476514252,3.59535533882878,12.7772334645192));
#5235=CARTESIAN_POINT('Ctrl Pts',(4.13170238798823,6.32404129352007,12.9439001311859));
#5236=CARTESIAN_POINT('Ctrl Pts',(0.623812830923164,7.52830129956492,13.1105667978526));
#5237=CARTESIAN_POINT('Ctrl Pts',(-3.03444836706286,6.91784547476192,13.2772334645192));
#5238=CARTESIAN_POINT('Ctrl Pts',(-5.96124820736929,4.6398257203467,13.4439001311859));
#5239=CARTESIAN_POINT('Ctrl Pts',(-7.45107427855368,1.24336438767301,13.6105667978526));
#5240=CARTESIAN_POINT('Ctrl Pts',(-7.14480028518535,-2.4528130360593,13.7772334645192));
#5241=CARTESIAN_POINT('Ctrl Pts',(-5.11625433831443,-5.55773375133695,13.9439001311859));
#5242=CARTESIAN_POINT('Ctrl Pts',(-1.85442250489875,-7.32294886492826,14.1105667978526));
#5243=CARTESIAN_POINT('Ctrl Pts',(1.85442250489712,-7.32294886493221,14.2772334645192));
#5244=CARTESIAN_POINT('Ctrl Pts',(5.11625433832026,-5.55773375133105,14.4439001311859));
#5245=CARTESIAN_POINT('Ctrl Pts',(7.1448002851726,-2.45281303606994,14.6105667978526));
#5246=CARTESIAN_POINT('Ctrl Pts',(7.45107427857952,1.24336438769354,14.7772334645192));
#5247=CARTESIAN_POINT('Ctrl Pts',(5.96124820731791,4.63982572030631,14.9439001311859));
#5248=CARTESIAN_POINT('Ctrl Pts',(3.03444836716466,6.91784547484158,15.1105667978526));
#5249=CARTESIAN_POINT('Ctrl Pts',(-0.623812831124419,7.52830129940751,15.2772334645192));
#5250=CARTESIAN_POINT('Ctrl Pts',(-4.13170238759028,6.32404129383124,15.4439001311859));
#5251=CARTESIAN_POINT('Ctrl Pts',(-6.6436347659292,3.59535533821369,15.6105667978526));
#5252=CARTESIAN_POINT('Ctrl Pts',(-7.55410238754795,1.21606085955564E-9,
15.7772334645192));
#5253=CARTESIAN_POINT('Ctrl Pts',(-6.64363476821715,-3.5953553412328,15.9439001311859));
#5254=CARTESIAN_POINT('Ctrl Pts',(-4.13170238190992,-6.32404128876756,16.1105667978526));
#5255=CARTESIAN_POINT('Ctrl Pts',(-0.62381284293949,-7.52830130896026,16.2772334645192));
#5256=CARTESIAN_POINT('Ctrl Pts',(3.03444839081815,-6.91784545618807,16.4439001311859));
#5257=CARTESIAN_POINT('Ctrl Pts',(5.96124816040695,-4.63982575706576,16.6105667978526));
#5258=CARTESIAN_POINT('Ctrl Pts',(7.45107437139452,-1.24336431508231,16.7772334645192));
#5259=CARTESIAN_POINT('Ctrl Pts',(7.14480010164639,2.45281289255333,16.9439001311859));
#5260=CARTESIAN_POINT('Ctrl Pts',(5.11625470115634,5.5577340350369,17.1105667978526));
#5261=CARTESIAN_POINT('Ctrl Pts',(1.85442178758912,7.32294830407599,17.2772334645192));
#5262=CARTESIAN_POINT('Ctrl Pts',(-1.85442108683289,7.32294997369261,17.4439001311859));
#5263=CARTESIAN_POINT('Ctrl Pts',(-5.11625714172136,5.5577315593995,17.6105667978526));
#5264=CARTESIAN_POINT('Ctrl Pts',(-7.1447947430615,2.45281736934877,17.7772334645192));
#5265=CARTESIAN_POINT('Ctrl Pts',(-7.45108523501025,-1.24337295429326,17.9439001311859));
#5266=CARTESIAN_POINT('Ctrl Pts',(-5.96122654593191,-4.63980878420472,18.1105667978526));
#5267=CARTESIAN_POINT('Ctrl Pts',(-3.03449120651959,-6.91787896345576,18.2772334645192));
#5268=CARTESIAN_POINT('Ctrl Pts',(0.623897716856711,-7.52823500869609,18.4439001311859));
#5269=CARTESIAN_POINT('Ctrl Pts',(4.13153224845181,-6.32417337000767,18.6105667978526));
#5270=CARTESIAN_POINT('Ctrl Pts',(6.64399806066999,-3.59508215221656,18.7772334645192));
#5271=CARTESIAN_POINT('Ctrl Pts',(7.25,-1.19882061952395,18.8883445756303));
#5272=CARTESIAN_POINT('Ctrl Pts',(7.25,-1.5981640728873E-14,18.9439001311859));
#5273=CARTESIAN_POINT('Ctrl Pts',(7.22385194107637,0.,-0.130659124824876));
#5274=CARTESIAN_POINT('Ctrl Pts',(7.22385194107637,1.19442258531773,-0.0751035692693207));
#5275=CARTESIAN_POINT('Ctrl Pts',(6.62002758434773,3.58215913645771,0.0360075418417907));
#5276=CARTESIAN_POINT('Ctrl Pts',(4.11662978689401,6.30133832851359,0.202674208508457));
#5277=CARTESIAN_POINT('Ctrl Pts',(0.621646352977643,7.50108862964702,0.369340875175124));
#5278=CARTESIAN_POINT('Ctrl Pts',(-3.02354432013884,6.89291825417767,0.536007541841791));
#5279=CARTESIAN_POINT('Ctrl Pts',(-5.93972242073073,4.62307403718569,0.702674208508457));
#5280=CARTESIAN_POINT('Ctrl Pts',(-7.42420636385698,1.23888627386237,0.869340875175124));
#5281=CARTESIAN_POINT('Ctrl Pts',(-7.11902091656847,-2.44396846559017,1.03600754184179));
#5282=CARTESIAN_POINT('Ctrl Pts',(-5.09780091601636,-5.53768315271792,1.20267420850846));
#5283=CARTESIAN_POINT('Ctrl Pts',(-1.84773152746532,-7.29653324945037,1.36934087517512));
#5284=CARTESIAN_POINT('Ctrl Pts',(1.84773221960315,-7.29653185514879,1.53600754184179));
#5285=CARTESIAN_POINT('Ctrl Pts',(5.09779850546723,-5.53768522012969,1.70267420850846));
#5286=CARTESIAN_POINT('Ctrl Pts',(7.11902620924954,-2.44396472700615,1.86934087517512));
#5287=CARTESIAN_POINT('Ctrl Pts',(7.42419563384997,1.23887905924001,2.03600754184179));
#5288=CARTESIAN_POINT('Ctrl Pts',(5.93974376937509,4.62308821118378,2.20267420850846));
#5289=CARTESIAN_POINT('Ctrl Pts',(3.0235020310164,6.89289027318779,2.36934087517512));
#5290=CARTESIAN_POINT('Ctrl Pts',(-0.621562522902204,7.50114398504023,2.53600754184179));
#5291=CARTESIAN_POINT('Ctrl Pts',(-4.11679782792581,6.30122817125797,2.70267420850846));
#5292=CARTESIAN_POINT('Ctrl Pts',(-6.6196687599324,3.582385585763,2.86934087517513));
#5293=CARTESIAN_POINT('Ctrl Pts',(-7.52685199127719,-1.01551529012717E-9,
3.03600754184179));
#5294=CARTESIAN_POINT('Ctrl Pts',(-6.61966875767262,-3.58238558324171,3.20267420850846));
#5295=CARTESIAN_POINT('Ctrl Pts',(-4.11679783353632,-6.30122817548668,3.36934087517513));
#5296=CARTESIAN_POINT('Ctrl Pts',(-0.621562511232472,-7.50114397706268,
3.53600754184179));
#5297=CARTESIAN_POINT('Ctrl Pts',(3.02350200765378,-6.89289028876541,3.70267420850846));
#5298=CARTESIAN_POINT('Ctrl Pts',(5.93974381570909,-4.62308818048588,3.86934087517512));
#5299=CARTESIAN_POINT('Ctrl Pts',(7.42419554217648,-1.23887911987785,4.03600754184179));
#5300=CARTESIAN_POINT('Ctrl Pts',(7.11902639051861,2.44396484685731,4.20267420850846));
#5301=CARTESIAN_POINT('Ctrl Pts',(5.09779814709354,5.53768498320613,4.36934087517513));
#5302=CARTESIAN_POINT('Ctrl Pts',(1.84773292808915,7.29653232352142,4.53600754184179));
#5303=CARTESIAN_POINT('Ctrl Pts',(-1.84773292809079,7.29653232351811,4.70267420850846));
#5304=CARTESIAN_POINT('Ctrl Pts',(-5.09779814708781,5.53768498321104,4.86934087517512));
#5305=CARTESIAN_POINT('Ctrl Pts',(-7.11902639053121,2.44396484684842,5.0360075418418));
#5306=CARTESIAN_POINT('Ctrl Pts',(-7.42419554215095,-1.23887911986069,5.20267420850845));
#5307=CARTESIAN_POINT('Ctrl Pts',(-5.93974381575986,-4.62308818051959,5.36934087517513));
#5308=CARTESIAN_POINT('Ctrl Pts',(-3.02350200755325,-6.89289028869887,5.53600754184178));
#5309=CARTESIAN_POINT('Ctrl Pts',(0.621562511033678,-7.50114397719414,5.70267420850847));
#5310=CARTESIAN_POINT('Ctrl Pts',(4.11679783392935,-6.30122817522682,5.86934087517512));
#5311=CARTESIAN_POINT('Ctrl Pts',(6.61966875689559,-3.58238558375542,6.0360075418418));
#5312=CARTESIAN_POINT('Ctrl Pts',(7.52685199281332,-3.17251171711073E-15,
6.20267420850846));
#5313=CARTESIAN_POINT('Ctrl Pts',(6.61966875689559,3.5823855837554,6.36934087517512));
#5314=CARTESIAN_POINT('Ctrl Pts',(4.11679783392937,6.30122817522683,6.5360075418418));
#5315=CARTESIAN_POINT('Ctrl Pts',(0.621562511033641,7.50114397719412,6.70267420850845));
#5316=CARTESIAN_POINT('Ctrl Pts',(-3.02350200755321,6.89289028869892,6.86934087517513));
#5317=CARTESIAN_POINT('Ctrl Pts',(-5.93974381575997,4.6230881805195,7.03600754184178));
#5318=CARTESIAN_POINT('Ctrl Pts',(-7.42419554215075,1.23887911986084,7.20267420850846));
#5319=CARTESIAN_POINT('Ctrl Pts',(-7.11902639053163,-2.4439648468487,7.36934087517512));
#5320=CARTESIAN_POINT('Ctrl Pts',(-5.09779814708696,-5.53768498321048,7.5360075418418));
#5321=CARTESIAN_POINT('Ctrl Pts',(-1.84773292809248,-7.29653232351922,7.70267420850845));
#5322=CARTESIAN_POINT('Ctrl Pts',(1.84773292809247,-7.29653232351923,7.86934087517513));
#5323=CARTESIAN_POINT('Ctrl Pts',(5.09779814708694,-5.53768498321048,8.03600754184178));
#5324=CARTESIAN_POINT('Ctrl Pts',(7.11902639053163,-2.44396484684872,8.20267420850847));
#5325=CARTESIAN_POINT('Ctrl Pts',(7.42419554215075,1.23887911986083,8.36934087517512));
#5326=CARTESIAN_POINT('Ctrl Pts',(5.93974381575997,4.62308818051951,8.53600754184179));
#5327=CARTESIAN_POINT('Ctrl Pts',(3.0235020075532,6.89289028869892,8.70267420850846));
#5328=CARTESIAN_POINT('Ctrl Pts',(-0.621562511033643,7.50114397719412,8.86934087517512));
#5329=CARTESIAN_POINT('Ctrl Pts',(-4.11679783392938,6.30122817522683,9.03600754184181));
#5330=CARTESIAN_POINT('Ctrl Pts',(-6.61966875689557,3.58238558375541,9.20267420850844));
#5331=CARTESIAN_POINT('Ctrl Pts',(-7.52685199281334,7.93127929277684E-15,
9.36934087517513));
#5332=CARTESIAN_POINT('Ctrl Pts',(-6.61966875689558,-3.58238558375541,9.53600754184179));
#5333=CARTESIAN_POINT('Ctrl Pts',(-4.11679783392937,-6.30122817522684,9.70267420850845));
#5334=CARTESIAN_POINT('Ctrl Pts',(-0.621562511033633,-7.50114397719411,
9.86934087517513));
#5335=CARTESIAN_POINT('Ctrl Pts',(3.0235020075532,-6.89289028869891,10.0360075418418));
#5336=CARTESIAN_POINT('Ctrl Pts',(5.93974381575998,-4.62308818051951,10.2026742085085));
#5337=CARTESIAN_POINT('Ctrl Pts',(7.42419554215073,-1.23887911986084,10.3693408751751));
#5338=CARTESIAN_POINT('Ctrl Pts',(7.11902639053165,2.4439648468487,10.5360075418418));
#5339=CARTESIAN_POINT('Ctrl Pts',(5.09779814708695,5.53768498321049,10.7026742085084));
#5340=CARTESIAN_POINT('Ctrl Pts',(1.84773292809246,7.29653232351923,10.8693408751751));
#5341=CARTESIAN_POINT('Ctrl Pts',(-1.8477329280925,7.29653232351922,11.0360075418418));
#5342=CARTESIAN_POINT('Ctrl Pts',(-5.09779814708696,5.53768498321046,11.2026742085084));
#5343=CARTESIAN_POINT('Ctrl Pts',(-7.11902639053163,2.44396484684871,11.3693408751751));
#5344=CARTESIAN_POINT('Ctrl Pts',(-7.42419554215074,-1.23887911986085,11.5360075418418));
#5345=CARTESIAN_POINT('Ctrl Pts',(-5.93974381575997,-4.62308818051952,11.7026742085085));
#5346=CARTESIAN_POINT('Ctrl Pts',(-3.0235020075532,-6.89289028869891,11.8693408751751));
#5347=CARTESIAN_POINT('Ctrl Pts',(0.621562511033633,-7.50114397719412,12.0360075418418));
#5348=CARTESIAN_POINT('Ctrl Pts',(4.11679783392937,-6.30122817522684,12.2026742085085));
#5349=CARTESIAN_POINT('Ctrl Pts',(6.61966875689558,-3.5823855837554,12.3693408751751));
#5350=CARTESIAN_POINT('Ctrl Pts',(7.52685199281332,-1.30072980401539E-14,
12.5360075418418));
#5351=CARTESIAN_POINT('Ctrl Pts',(6.6196687568956,3.58238558375539,12.7026742085085));
#5352=CARTESIAN_POINT('Ctrl Pts',(4.11679783392938,6.30122817522682,12.8693408751751));
#5353=CARTESIAN_POINT('Ctrl Pts',(0.621562511033682,7.50114397719414,13.0360075418418));
#5354=CARTESIAN_POINT('Ctrl Pts',(-3.02350200755323,6.89289028869888,13.2026742085085));
#5355=CARTESIAN_POINT('Ctrl Pts',(-5.93974381575984,4.62308818051961,13.3693408751751));
#5356=CARTESIAN_POINT('Ctrl Pts',(-7.42419554215096,1.23887911986072,13.5360075418418));
#5357=CARTESIAN_POINT('Ctrl Pts',(-7.11902639053121,-2.44396484684841,13.7026742085085));
#5358=CARTESIAN_POINT('Ctrl Pts',(-5.0977981470878,-5.53768498321107,13.8693408751751));
#5359=CARTESIAN_POINT('Ctrl Pts',(-1.84773292809077,-7.29653232351811,14.0360075418418));
#5360=CARTESIAN_POINT('Ctrl Pts',(1.84773292808916,-7.29653232352142,14.2026742085085));
#5361=CARTESIAN_POINT('Ctrl Pts',(5.09779814709354,-5.53768498320613,14.3693408751751));
#5362=CARTESIAN_POINT('Ctrl Pts',(7.11902639051862,-2.4439648468573,14.5360075418418));
#5363=CARTESIAN_POINT('Ctrl Pts',(7.42419554217647,1.23887911987786,14.7026742085085));
#5364=CARTESIAN_POINT('Ctrl Pts',(5.9397438157091,4.62308818048588,14.8693408751751));
#5365=CARTESIAN_POINT('Ctrl Pts',(3.02350200765378,6.89289028876539,15.0360075418418));
#5366=CARTESIAN_POINT('Ctrl Pts',(-0.621562511232461,7.50114397706269,15.2026742085085));
#5367=CARTESIAN_POINT('Ctrl Pts',(-4.11679783353632,6.30122817548668,15.3693408751751));
#5368=CARTESIAN_POINT('Ctrl Pts',(-6.6196687576726,3.58238558324173,15.5360075418418));
#5369=CARTESIAN_POINT('Ctrl Pts',(-7.5268519912772,1.01554130472214E-9,
15.7026742085084));
#5370=CARTESIAN_POINT('Ctrl Pts',(-6.61966875993242,-3.58238558576299,15.8693408751751));
#5371=CARTESIAN_POINT('Ctrl Pts',(-4.11679782792582,-6.30122817125797,16.0360075418418));
#5372=CARTESIAN_POINT('Ctrl Pts',(-0.621562522902227,-7.50114398504022,
16.2026742085085));
#5373=CARTESIAN_POINT('Ctrl Pts',(3.02350203101637,-6.8928902731878,16.3693408751751));
#5374=CARTESIAN_POINT('Ctrl Pts',(5.93974376937508,-4.62308821118381,16.5360075418418));
#5375=CARTESIAN_POINT('Ctrl Pts',(7.42419563384997,-1.23887905924002,16.7026742085085));
#5376=CARTESIAN_POINT('Ctrl Pts',(7.11902620924955,2.44396472700617,16.8693408751751));
#5377=CARTESIAN_POINT('Ctrl Pts',(5.09779850546721,5.5376852201297,17.0360075418418));
#5378=CARTESIAN_POINT('Ctrl Pts',(1.84773221960314,7.29653185514879,17.2026742085085));
#5379=CARTESIAN_POINT('Ctrl Pts',(-1.84773152746532,7.29653324945037,17.3693408751751));
#5380=CARTESIAN_POINT('Ctrl Pts',(-5.09780091601636,5.53768315271792,17.5360075418418));
#5381=CARTESIAN_POINT('Ctrl Pts',(-7.11902091656847,2.44396846559016,17.7026742085084));
#5382=CARTESIAN_POINT('Ctrl Pts',(-7.42420636385696,-1.23888627386237,17.8693408751751));
#5383=CARTESIAN_POINT('Ctrl Pts',(-5.93972242073074,-4.62307403718569,18.0360075418418));
#5384=CARTESIAN_POINT('Ctrl Pts',(-3.02354432013884,-6.89291825417766,18.2026742085085));
#5385=CARTESIAN_POINT('Ctrl Pts',(0.621646352977646,-7.50108862964702,18.3693408751751));
#5386=CARTESIAN_POINT('Ctrl Pts',(4.116629786894,-6.3013383285136,18.5360075418418));
#5387=CARTESIAN_POINT('Ctrl Pts',(6.62002758434772,-3.58215913645773,18.7026742085085));
#5388=CARTESIAN_POINT('Ctrl Pts',(7.22385194107637,-1.19442258531775,18.8137853196196));
#5389=CARTESIAN_POINT('Ctrl Pts',(7.22385194107637,-1.59240008828764E-14,
18.8693408751751));
#5390=CARTESIAN_POINT('Ctrl Pts',(7.14387006981441,0.,-0.210338403080301));
#5391=CARTESIAN_POINT('Ctrl Pts',(7.14387006981441,1.18122847875414,-0.154782847524745));
#5392=CARTESIAN_POINT('Ctrl Pts',(6.54673449759638,3.54248012337948,-0.0436717364136341));
#5393=CARTESIAN_POINT('Ctrl Pts',(4.07105145184047,6.23158113482454,0.122994930253033));
#5394=CARTESIAN_POINT('Ctrl Pts',(0.614764027593832,7.41803510032348,0.289661596919699));
#5395=CARTESIAN_POINT('Ctrl Pts',(-2.99006896171628,6.81660474693208,0.456328263586366));
#5396=CARTESIAN_POINT('Ctrl Pts',(-5.87396003903531,4.57188803460427,0.622994930253032));
#5397=CARTESIAN_POINT('Ctrl Pts',(-7.34200846736625,1.22517037097935,0.7896615969197));
#5398=CARTESIAN_POINT('Ctrl Pts',(-7.04020185635234,-2.41691008013491,0.956328263586365));
#5399=CARTESIAN_POINT('Ctrl Pts',(-5.04136004999004,-5.4763719263057,1.12299493025303));
#5400=CARTESIAN_POINT('Ctrl Pts',(-1.82727415506582,-7.21574893443558,1.2896615969197));
#5401=CARTESIAN_POINT('Ctrl Pts',(1.82727484203454,-7.21574744530047,1.45632826358637));
#5402=CARTESIAN_POINT('Ctrl Pts',(5.04135765744366,-5.47637413433269,1.62299493025303));
#5403=CARTESIAN_POINT('Ctrl Pts',(7.04020710950597,-2.41690608727046,1.7896615969197));
#5404=CARTESIAN_POINT('Ctrl Pts',(7.34199781749439,1.22516266565024,1.95632826358636));
#5405=CARTESIAN_POINT('Ctrl Pts',(5.87398122824112,4.57190317269034,2.12299493025303));
#5406=CARTESIAN_POINT('Ctrl Pts',(2.99002698842265,6.81657486231198,2.2896615969197));
#5407=CARTESIAN_POINT('Ctrl Pts',(-0.614680823588418,7.418094226653,2.45632826358636));
#5408=CARTESIAN_POINT('Ctrl Pts',(-4.07121823788768,6.23146341477897,2.62299493025303));
#5409=CARTESIAN_POINT('Ctrl Pts',(-6.54637835299744,3.54272280113005,2.7896615969197));
#5410=CARTESIAN_POINT('Ctrl Pts',(-7.44351760318243,-1.08458880148804E-9,
2.95632826358637));
#5411=CARTESIAN_POINT('Ctrl Pts',(-6.54637835075452,-3.54272279843727,3.12299493025303));
#5412=CARTESIAN_POINT('Ctrl Pts',(-4.07121824345629,-6.23146341929529,3.2896615969197));
#5413=CARTESIAN_POINT('Ctrl Pts',(-0.614680812005833,-7.41809421813286,
3.45632826358636));
#5414=CARTESIAN_POINT('Ctrl Pts',(2.99002696523449,-6.81657487894911,3.62299493025303));
#5415=CARTESIAN_POINT('Ctrl Pts',(5.87398127422909,-4.57190313990453,3.7896615969197));
#5416=CARTESIAN_POINT('Ctrl Pts',(7.34199772650554,-1.22516273041236,3.95632826358636));
#5417=CARTESIAN_POINT('Ctrl Pts',(7.04020728942126,2.4169062152733,4.12299493025303));
#5418=CARTESIAN_POINT('Ctrl Pts',(5.04135730174642,5.47637388129476,4.2896615969197));
#5419=CARTESIAN_POINT('Ctrl Pts',(1.82727554522933,7.2157479455295,4.45632826358636));
#5420=CARTESIAN_POINT('Ctrl Pts',(-1.82727554523097,7.21574794552597,4.62299493025303));
#5421=CARTESIAN_POINT('Ctrl Pts',(-5.04135730174074,5.47637388130001,4.7896615969197));
#5422=CARTESIAN_POINT('Ctrl Pts',(-7.04020728943376,2.41690621526381,4.95632826358637));
#5423=CARTESIAN_POINT('Ctrl Pts',(-7.34199772648022,-1.22516273039404,5.12299493025303));
#5424=CARTESIAN_POINT('Ctrl Pts',(-5.87398127427947,-4.57190313994053,5.2896615969197));
#5425=CARTESIAN_POINT('Ctrl Pts',(-2.99002696513472,-6.81657487887806,5.45632826358637));
#5426=CARTESIAN_POINT('Ctrl Pts',(0.614680811808532,-7.41809421827327,5.62299493025303));
#5427=CARTESIAN_POINT('Ctrl Pts',(4.07121824384638,-6.23146341901776,5.7896615969197));
#5428=CARTESIAN_POINT('Ctrl Pts',(6.54637834998331,-3.54272279898591,5.95632826358637));
#5429=CARTESIAN_POINT('Ctrl Pts',(7.44351760470709,-5.71052109079931E-15,
6.12299493025302));
#5430=CARTESIAN_POINT('Ctrl Pts',(6.5463783499833,3.5427227989859,6.2896615969197));
#5431=CARTESIAN_POINT('Ctrl Pts',(4.07121824384641,6.23146341901777,6.45632826358637));
#5432=CARTESIAN_POINT('Ctrl Pts',(0.614680811808493,7.41809421827325,6.62299493025303));
#5433=CARTESIAN_POINT('Ctrl Pts',(-2.99002696513468,6.8165748788781,6.7896615969197));
#5434=CARTESIAN_POINT('Ctrl Pts',(-5.87398127427958,4.57190313994044,6.95632826358636));
#5435=CARTESIAN_POINT('Ctrl Pts',(-7.34199772648001,1.22516273039419,7.12299493025303));
#5436=CARTESIAN_POINT('Ctrl Pts',(-7.04020728943418,-2.41690621526411,7.28966159691969));
#5437=CARTESIAN_POINT('Ctrl Pts',(-5.0413573017399,-5.47637388129941,7.45632826358637));
#5438=CARTESIAN_POINT('Ctrl Pts',(-1.82727554523264,-7.21574794552714,7.62299493025302));
#5439=CARTESIAN_POINT('Ctrl Pts',(1.82727554523263,-7.21574794552716,7.78966159691971));
#5440=CARTESIAN_POINT('Ctrl Pts',(5.04135730173988,-5.47637388129941,7.95632826358635));
#5441=CARTESIAN_POINT('Ctrl Pts',(7.04020728943419,-2.41690621526413,8.12299493025304));
#5442=CARTESIAN_POINT('Ctrl Pts',(7.34199772648,1.22516273039418,8.28966159691969));
#5443=CARTESIAN_POINT('Ctrl Pts',(5.87398127427959,4.57190313994045,8.45632826358636));
#5444=CARTESIAN_POINT('Ctrl Pts',(2.99002696513467,6.8165748788781,8.62299493025304));
#5445=CARTESIAN_POINT('Ctrl Pts',(-0.614680811808496,7.41809421827324,8.78966159691969));
#5446=CARTESIAN_POINT('Ctrl Pts',(-4.0712182438464,6.23146341901777,8.95632826358637));
#5447=CARTESIAN_POINT('Ctrl Pts',(-6.54637834998329,3.54272279898591,9.12299493025302));
#5448=CARTESIAN_POINT('Ctrl Pts',(-7.4435176047071,9.20028397962114E-15,
9.28966159691971));
#5449=CARTESIAN_POINT('Ctrl Pts',(-6.54637834998329,-3.54272279898591,9.45632826358636));
#5450=CARTESIAN_POINT('Ctrl Pts',(-4.0712182438464,-6.23146341901777,9.62299493025303));
#5451=CARTESIAN_POINT('Ctrl Pts',(-0.614680811808484,-7.41809421827325,
9.7896615969197));
#5452=CARTESIAN_POINT('Ctrl Pts',(2.99002696513467,-6.81657487887809,9.95632826358636));
#5453=CARTESIAN_POINT('Ctrl Pts',(5.87398127427959,-4.57190313994045,10.122994930253));
#5454=CARTESIAN_POINT('Ctrl Pts',(7.34199772648,-1.22516273039419,10.2896615969197));
#5455=CARTESIAN_POINT('Ctrl Pts',(7.04020728943419,2.41690621526411,10.4563282635864));
#5456=CARTESIAN_POINT('Ctrl Pts',(5.04135730173989,5.47637388129942,10.622994930253));
#5457=CARTESIAN_POINT('Ctrl Pts',(1.82727554523263,7.21574794552715,10.7896615969197));
#5458=CARTESIAN_POINT('Ctrl Pts',(-1.82727554523266,7.21574794552715,10.9563282635864));
#5459=CARTESIAN_POINT('Ctrl Pts',(-5.0413573017399,5.47637388129938,11.1229949302531));
#5460=CARTESIAN_POINT('Ctrl Pts',(-7.04020728943419,2.41690621526412,11.2896615969197));
#5461=CARTESIAN_POINT('Ctrl Pts',(-7.34199772648,-1.2251627303942,11.4563282635864));
#5462=CARTESIAN_POINT('Ctrl Pts',(-5.87398127427958,-4.57190313994046,11.622994930253));
#5463=CARTESIAN_POINT('Ctrl Pts',(-2.99002696513466,-6.8165748788781,11.7896615969197));
#5464=CARTESIAN_POINT('Ctrl Pts',(0.614680811808479,-7.41809421827325,11.9563282635864));
#5465=CARTESIAN_POINT('Ctrl Pts',(4.07121824384641,-6.23146341901777,12.122994930253));
#5466=CARTESIAN_POINT('Ctrl Pts',(6.54637834998329,-3.5427227989859,12.2896615969197));
#5467=CARTESIAN_POINT('Ctrl Pts',(7.44351760470709,-1.23727956967318E-14,
12.4563282635864));
#5468=CARTESIAN_POINT('Ctrl Pts',(6.54637834998331,3.54272279898589,12.622994930253));
#5469=CARTESIAN_POINT('Ctrl Pts',(4.07121824384641,6.23146341901775,12.7896615969197));
#5470=CARTESIAN_POINT('Ctrl Pts',(0.614680811808535,7.41809421827327,12.9563282635864));
#5471=CARTESIAN_POINT('Ctrl Pts',(-2.99002696513471,6.81657487887807,13.122994930253));
#5472=CARTESIAN_POINT('Ctrl Pts',(-5.87398127427945,4.57190313994055,13.2896615969197));
#5473=CARTESIAN_POINT('Ctrl Pts',(-7.34199772648022,1.22516273039407,13.4563282635864));
#5474=CARTESIAN_POINT('Ctrl Pts',(-7.04020728943375,-2.4169062152638,13.622994930253));
#5475=CARTESIAN_POINT('Ctrl Pts',(-5.04135730174073,-5.47637388130002,13.7896615969197));
#5476=CARTESIAN_POINT('Ctrl Pts',(-1.82727554523094,-7.21574794552597,13.9563282635864));
#5477=CARTESIAN_POINT('Ctrl Pts',(1.82727554522934,-7.21574794552949,14.122994930253));
#5478=CARTESIAN_POINT('Ctrl Pts',(5.04135730174643,-5.47637388129476,14.2896615969197));
#5479=CARTESIAN_POINT('Ctrl Pts',(7.04020728942126,-2.4169062152733,14.4563282635864));
#5480=CARTESIAN_POINT('Ctrl Pts',(7.34199772650554,1.22516273041238,14.622994930253));
#5481=CARTESIAN_POINT('Ctrl Pts',(5.87398127422909,4.57190313990452,14.7896615969197));
#5482=CARTESIAN_POINT('Ctrl Pts',(2.9900269652345,6.81657487894911,14.9563282635864));
#5483=CARTESIAN_POINT('Ctrl Pts',(-0.614680812005825,7.41809421813287,15.122994930253));
#5484=CARTESIAN_POINT('Ctrl Pts',(-4.07121824345629,6.23146341929528,15.2896615969197));
#5485=CARTESIAN_POINT('Ctrl Pts',(-6.54637835075451,3.54272279843729,15.4563282635863));
#5486=CARTESIAN_POINT('Ctrl Pts',(-7.44351760318244,1.08461100906887E-9,
15.6229949302531));
#5487=CARTESIAN_POINT('Ctrl Pts',(-6.54637835299744,-3.54272280113004,15.7896615969197));
#5488=CARTESIAN_POINT('Ctrl Pts',(-4.0712182378877,-6.23146341477896,15.9563282635864));
#5489=CARTESIAN_POINT('Ctrl Pts',(-0.614680823588436,-7.41809422665301,
16.122994930253));
#5490=CARTESIAN_POINT('Ctrl Pts',(2.99002698842261,-6.81657486231199,16.2896615969197));
#5491=CARTESIAN_POINT('Ctrl Pts',(5.8739812282411,-4.57190317269038,16.4563282635864));
#5492=CARTESIAN_POINT('Ctrl Pts',(7.3419978174944,-1.22516266565024,16.622994930253));
#5493=CARTESIAN_POINT('Ctrl Pts',(7.04020710950597,2.41690608727047,16.7896615969197));
#5494=CARTESIAN_POINT('Ctrl Pts',(5.04135765744365,5.47637413433271,16.9563282635864));
#5495=CARTESIAN_POINT('Ctrl Pts',(1.82727484203453,7.21574744530045,17.122994930253));
#5496=CARTESIAN_POINT('Ctrl Pts',(-1.82727415506581,7.2157489344356,17.2896615969197));
#5497=CARTESIAN_POINT('Ctrl Pts',(-5.04136004999005,5.47637192630568,17.4563282635864));
#5498=CARTESIAN_POINT('Ctrl Pts',(-7.04020185635234,2.41691008013491,17.622994930253));
#5499=CARTESIAN_POINT('Ctrl Pts',(-7.34200846736625,-1.22517037097936,17.7896615969197));
#5500=CARTESIAN_POINT('Ctrl Pts',(-5.87396003903532,-4.57188803460425,17.9563282635864));
#5501=CARTESIAN_POINT('Ctrl Pts',(-2.99006896171629,-6.81660474693209,18.122994930253));
#5502=CARTESIAN_POINT('Ctrl Pts',(0.614764027593833,-7.41803510032347,18.2896615969197));
#5503=CARTESIAN_POINT('Ctrl Pts',(4.07105145184046,-6.23158113482454,18.4563282635864));
#5504=CARTESIAN_POINT('Ctrl Pts',(6.54673449759636,-3.54248012337949,18.622994930253));
#5505=CARTESIAN_POINT('Ctrl Pts',(7.14387006981441,-1.18122847875416,18.7341060413641));
#5506=CARTESIAN_POINT('Ctrl Pts',(7.14387006981441,-1.5747691706141E-14,
18.7896615969197));
#5507=CARTESIAN_POINT('Ctrl Pts',(7.04018370108968,0.,-0.260673482601362));
#5508=CARTESIAN_POINT('Ctrl Pts',(7.04018370108968,1.16406878800162,-0.205117927045806));
#5509=CARTESIAN_POINT('Ctrl Pts',(6.45171331920594,3.49107332282672,-0.0940068159346948));
#5510=CARTESIAN_POINT('Ctrl Pts',(4.01196375436972,6.14113038650208,0.0726598507319716));
#5511=CARTESIAN_POINT('Ctrl Pts',(0.60584107569792,7.31037055547042,0.239326517398639));
#5512=CARTESIAN_POINT('Ctrl Pts',(-2.94667046516246,6.71766615919232,0.405993184065305));
#5513=CARTESIAN_POINT('Ctrl Pts',(-5.78870432363269,4.5055313592568,0.572659850731972));
#5514=CARTESIAN_POINT('Ctrl Pts',(-7.23544516426377,1.20738773474626,0.739326517398639));
#5515=CARTESIAN_POINT('Ctrl Pts',(-6.93801906034285,-2.38183045151613,0.905993184065305));
#5516=CARTESIAN_POINT('Ctrl Pts',(-4.96818880271527,-5.39688691312126,1.07265985073197));
#5517=CARTESIAN_POINT('Ctrl Pts',(-1.80075275890318,-7.11101816858873,1.23932651739864));
#5518=CARTESIAN_POINT('Ctrl Pts',(1.8007534346474,-7.11101675649982,1.40599318406531));
#5519=CARTESIAN_POINT('Ctrl Pts',(4.96818644926113,-5.39688900690734,1.57265985073197));
#5520=CARTESIAN_POINT('Ctrl Pts',(6.93802422766429,-2.38182666523827,1.73932651739864));
#5521=CARTESIAN_POINT('Ctrl Pts',(7.23543468840204,1.20738042808413,1.90599318406531));
#5522=CARTESIAN_POINT('Ctrl Pts',(5.78872516662434,4.50554571409516,2.07265985073197));
#5523=CARTESIAN_POINT('Ctrl Pts',(2.94662917767785,6.71763782100293,2.23932651739864));
#5524=CARTESIAN_POINT('Ctrl Pts',(-0.605759231177379,7.3104266199059,2.4059931840653));
#5525=CARTESIAN_POINT('Ctrl Pts',(-4.01212781527038,6.14101878994845,2.57265985073197));
#5526=CARTESIAN_POINT('Ctrl Pts',(-6.45136299371625,3.49130305999457,2.73932651739864));
#5527=CARTESIAN_POINT('Ctrl Pts',(-7.33548099711013,-1.02847119347752E-9,
2.90599318406531));
#5528=CARTESIAN_POINT('Ctrl Pts',(-6.45136299150999,-3.49130305744111,3.07265985073197));
#5529=CARTESIAN_POINT('Ctrl Pts',(-4.012127820748,-6.14101879423109,3.23932651739864));
#5530=CARTESIAN_POINT('Ctrl Pts',(-0.605759219784052,-7.31042661182658,
3.4059931840653));
#5531=CARTESIAN_POINT('Ctrl Pts',(2.94662915486858,-6.71763783677927,3.57265985073198));
#5532=CARTESIAN_POINT('Ctrl Pts',(5.7887252118609,-4.50554568300563,3.73932651739863));
#5533=CARTESIAN_POINT('Ctrl Pts',(7.23543459889988,-1.20738048949553,3.90599318406531));
#5534=CARTESIAN_POINT('Ctrl Pts',(6.93802440463991,2.38182678661839,4.07265985073197));
#5535=CARTESIAN_POINT('Ctrl Pts',(4.96818609937568,5.39688876696131,4.23932651739864));
#5536=CARTESIAN_POINT('Ctrl Pts',(1.80075412635258,7.11101723084755,4.4059931840653));
#5537=CARTESIAN_POINT('Ctrl Pts',(-1.80075412635418,7.1110172308442,4.57265985073198));
#5538=CARTESIAN_POINT('Ctrl Pts',(-4.96818609937009,5.39688876696628,4.73932651739864));
#5539=CARTESIAN_POINT('Ctrl Pts',(-6.9380244046522,2.38182678660939,4.90599318406531));
#5540=CARTESIAN_POINT('Ctrl Pts',(-7.23543459887496,-1.20738048947816,5.07265985073197));
#5541=CARTESIAN_POINT('Ctrl Pts',(-5.78872521191046,-4.50554568303977,5.23932651739864));
#5542=CARTESIAN_POINT('Ctrl Pts',(-2.94662915477044,-6.7176378367119,5.40599318406531));
#5543=CARTESIAN_POINT('Ctrl Pts',(0.605759219589968,-7.31042661195971,5.57265985073198));
#5544=CARTESIAN_POINT('Ctrl Pts',(4.01212782113172,-6.14101879396792,5.73932651739864));
#5545=CARTESIAN_POINT('Ctrl Pts',(6.45136299075137,-3.49130305796137,5.9059931840653));
#5546=CARTESIAN_POINT('Ctrl Pts',(7.33548099860987,-2.53800937368858E-15,
6.07265985073197));
#5547=CARTESIAN_POINT('Ctrl Pts',(6.45136299075136,3.49130305796136,6.23932651739864));
#5548=CARTESIAN_POINT('Ctrl Pts',(4.01212782113174,6.14101879396793,6.40599318406531));
#5549=CARTESIAN_POINT('Ctrl Pts',(0.605759219589934,7.3104266119597,6.57265985073197));
#5550=CARTESIAN_POINT('Ctrl Pts',(-2.9466291547704,6.71763783671193,6.73932651739864));
#5551=CARTESIAN_POINT('Ctrl Pts',(-5.78872521191058,4.50554568303968,6.9059931840653));
#5552=CARTESIAN_POINT('Ctrl Pts',(-7.23543459887475,1.2073804894783,7.07265985073198));
#5553=CARTESIAN_POINT('Ctrl Pts',(-6.93802440465262,-2.38182678660967,7.23932651739864));
#5554=CARTESIAN_POINT('Ctrl Pts',(-4.96818609936926,-5.3968887669657,7.40599318406531));
#5555=CARTESIAN_POINT('Ctrl Pts',(-1.80075412635583,-7.11101723084533,7.57265985073196));
#5556=CARTESIAN_POINT('Ctrl Pts',(1.80075412635582,-7.11101723084533,7.73932651739865));
#5557=CARTESIAN_POINT('Ctrl Pts',(4.96818609936925,-5.39688876696572,7.90599318406531));
#5558=CARTESIAN_POINT('Ctrl Pts',(6.93802440465262,-2.38182678660969,8.07265985073198));
#5559=CARTESIAN_POINT('Ctrl Pts',(7.23543459887475,1.2073804894783,8.23932651739864));
#5560=CARTESIAN_POINT('Ctrl Pts',(5.78872521191057,4.50554568303969,8.40599318406531));
#5561=CARTESIAN_POINT('Ctrl Pts',(2.94662915477038,6.71763783671194,8.57265985073198));
#5562=CARTESIAN_POINT('Ctrl Pts',(-0.605759219589934,7.31042661195969,8.73932651739864));
#5563=CARTESIAN_POINT('Ctrl Pts',(-4.01212782113174,6.14101879396795,8.90599318406531));
#5564=CARTESIAN_POINT('Ctrl Pts',(-6.45136299075135,3.49130305796136,9.07265985073196));
#5565=CARTESIAN_POINT('Ctrl Pts',(-7.33548099860989,1.01520374947544E-14,
9.23932651739865));
#5566=CARTESIAN_POINT('Ctrl Pts',(-6.45136299075136,-3.49130305796136,9.4059931840653));
#5567=CARTESIAN_POINT('Ctrl Pts',(-4.01212782113174,-6.14101879396794,9.57265985073198));
#5568=CARTESIAN_POINT('Ctrl Pts',(-0.605759219589924,-7.31042661195969,
9.73932651739863));
#5569=CARTESIAN_POINT('Ctrl Pts',(2.94662915477039,-6.71763783671193,9.90599318406532));
#5570=CARTESIAN_POINT('Ctrl Pts',(5.78872521191058,-4.50554568303969,10.072659850732));
#5571=CARTESIAN_POINT('Ctrl Pts',(7.23543459887475,-1.2073804894783,10.2393265173986));
#5572=CARTESIAN_POINT('Ctrl Pts',(6.93802440465262,2.38182678660967,10.4059931840653));
#5573=CARTESIAN_POINT('Ctrl Pts',(4.96818609936926,5.39688876696571,10.572659850732));
#5574=CARTESIAN_POINT('Ctrl Pts',(1.80075412635581,7.11101723084534,10.7393265173986));
#5575=CARTESIAN_POINT('Ctrl Pts',(-1.80075412635584,7.11101723084531,10.9059931840653));
#5576=CARTESIAN_POINT('Ctrl Pts',(-4.96818609936927,5.39688876696571,11.072659850732));
#5577=CARTESIAN_POINT('Ctrl Pts',(-6.93802440465261,2.38182678660967,11.2393265173986));
#5578=CARTESIAN_POINT('Ctrl Pts',(-7.23543459887476,-1.20738048947831,11.4059931840653));
#5579=CARTESIAN_POINT('Ctrl Pts',(-5.78872521191056,-4.5055456830397,11.572659850732));
#5580=CARTESIAN_POINT('Ctrl Pts',(-2.94662915477038,-6.71763783671193,11.7393265173986));
#5581=CARTESIAN_POINT('Ctrl Pts',(0.605759219589923,-7.31042661195969,11.9059931840653));
#5582=CARTESIAN_POINT('Ctrl Pts',(4.01212782113173,-6.14101879396795,12.072659850732));
#5583=CARTESIAN_POINT('Ctrl Pts',(6.45136299075137,-3.49130305796136,12.2393265173986));
#5584=CARTESIAN_POINT('Ctrl Pts',(7.33548099860987,-1.49108050704204E-14,
12.4059931840653));
#5585=CARTESIAN_POINT('Ctrl Pts',(6.45136299075138,3.49130305796135,12.572659850732));
#5586=CARTESIAN_POINT('Ctrl Pts',(4.01212782113174,6.14101879396791,12.7393265173986));
#5587=CARTESIAN_POINT('Ctrl Pts',(0.605759219589971,7.31042661195971,12.9059931840653));
#5588=CARTESIAN_POINT('Ctrl Pts',(-2.94662915477042,6.71763783671191,13.072659850732));
#5589=CARTESIAN_POINT('Ctrl Pts',(-5.78872521191044,4.50554568303979,13.2393265173986));
#5590=CARTESIAN_POINT('Ctrl Pts',(-7.23543459887496,1.20738048947819,13.4059931840653));
#5591=CARTESIAN_POINT('Ctrl Pts',(-6.93802440465221,-2.38182678660938,13.572659850732));
#5592=CARTESIAN_POINT('Ctrl Pts',(-4.96818609937008,-5.3968887669663,13.7393265173986));
#5593=CARTESIAN_POINT('Ctrl Pts',(-1.80075412635416,-7.11101723084421,13.9059931840653));
#5594=CARTESIAN_POINT('Ctrl Pts',(1.80075412635258,-7.11101723084754,14.072659850732));
#5595=CARTESIAN_POINT('Ctrl Pts',(4.96818609937569,-5.39688876696131,14.2393265173986));
#5596=CARTESIAN_POINT('Ctrl Pts',(6.93802440463992,-2.38182678661838,14.4059931840653));
#5597=CARTESIAN_POINT('Ctrl Pts',(7.23543459889987,1.20738048949554,14.572659850732));
#5598=CARTESIAN_POINT('Ctrl Pts',(5.7887252118609,4.50554568300564,14.7393265173986));
#5599=CARTESIAN_POINT('Ctrl Pts',(2.94662915486859,6.71763783677926,14.9059931840653));
#5600=CARTESIAN_POINT('Ctrl Pts',(-0.605759219784041,7.31042661182659,15.072659850732));
#5601=CARTESIAN_POINT('Ctrl Pts',(-4.012127820748,6.14101879423108,15.2393265173986));
#5602=CARTESIAN_POINT('Ctrl Pts',(-6.45136299150998,3.49130305744113,15.4059931840653));
#5603=CARTESIAN_POINT('Ctrl Pts',(-7.33548099711013,1.02849213205373E-9,
15.572659850732));
#5604=CARTESIAN_POINT('Ctrl Pts',(-6.45136299371627,-3.49130305999456,15.7393265173986));
#5605=CARTESIAN_POINT('Ctrl Pts',(-4.01212781527038,-6.14101878994844,15.9059931840653));
#5606=CARTESIAN_POINT('Ctrl Pts',(-0.605759231177406,-7.31042661990589,
16.072659850732));
#5607=CARTESIAN_POINT('Ctrl Pts',(2.94662917767782,-6.71763782100294,16.2393265173986));
#5608=CARTESIAN_POINT('Ctrl Pts',(5.78872516662432,-4.50554571409518,16.4059931840653));
#5609=CARTESIAN_POINT('Ctrl Pts',(7.23543468840205,-1.20738042808414,16.572659850732));
#5610=CARTESIAN_POINT('Ctrl Pts',(6.93802422766428,2.38182666523829,16.7393265173986));
#5611=CARTESIAN_POINT('Ctrl Pts',(4.96818644926111,5.39688900690734,16.9059931840653));
#5612=CARTESIAN_POINT('Ctrl Pts',(1.80075343464739,7.11101675649982,17.072659850732));
#5613=CARTESIAN_POINT('Ctrl Pts',(-1.80075275890318,7.11101816858872,17.2393265173986));
#5614=CARTESIAN_POINT('Ctrl Pts',(-4.96818880271527,5.39688691312126,17.4059931840653));
#5615=CARTESIAN_POINT('Ctrl Pts',(-6.93801906034286,2.38183045151612,17.572659850732));
#5616=CARTESIAN_POINT('Ctrl Pts',(-7.23544516426376,-1.20738773474625,17.7393265173987));
#5617=CARTESIAN_POINT('Ctrl Pts',(-5.7887043236327,-4.50553135925679,17.9059931840653));
#5618=CARTESIAN_POINT('Ctrl Pts',(-2.94667046516246,-6.71766615919232,18.072659850732));
#5619=CARTESIAN_POINT('Ctrl Pts',(0.605841075697918,-7.31037055547042,18.2393265173986));
#5620=CARTESIAN_POINT('Ctrl Pts',(4.01196375436971,-6.14113038650208,18.4059931840653));
#5621=CARTESIAN_POINT('Ctrl Pts',(6.45171331920593,-3.49107332282674,18.572659850732));
#5622=CARTESIAN_POINT('Ctrl Pts',(7.04018370108968,-1.16406878800164,18.6837709618431));
#5623=CARTESIAN_POINT('Ctrl Pts',(7.04018370108968,-1.55191291829079E-14,
18.7393265173986));
#5624=CARTESIAN_POINT('Ctrl Pts',(6.88327746887894,0.,-0.242931560397575));
#5625=CARTESIAN_POINT('Ctrl Pts',(6.88327746887894,1.13813038282781,-0.187376004842019));
#5626=CARTESIAN_POINT('Ctrl Pts',(6.30792305674706,3.41326377700541,-0.0762648937309079));
#5627=CARTESIAN_POINT('Ctrl Pts',(3.92254828797306,6.00426348758404,0.0904017729357587));
#5628=CARTESIAN_POINT('Ctrl Pts',(0.592338641000258,7.14744222473114,0.257068439602425));
#5629=CARTESIAN_POINT('Ctrl Pts',(-2.88099751806893,6.56794872316476,0.423735106269092));
#5630=CARTESIAN_POINT('Ctrl Pts',(-5.65969041566033,4.40511557069856,0.590401772935758));
#5631=CARTESIAN_POINT('Ctrl Pts',(-7.0741875039021,1.18047856888185,0.757068439602425));
#5632=CARTESIAN_POINT('Ctrl Pts',(-6.78339017848673,-2.32874621940235,0.923735106269092));
#5633=CARTESIAN_POINT('Ctrl Pts',(-4.85746188734045,-5.27660549806709,1.09040177293576));
#5634=CARTESIAN_POINT('Ctrl Pts',(-1.76061905746819,-6.95253364120508,1.25706843960242));
#5635=CARTESIAN_POINT('Ctrl Pts',(1.76061971860017,-6.95253224077087,1.42373510626909));
#5636=CARTESIAN_POINT('Ctrl Pts',(4.85745958477721,-5.27660757457206,1.59040177293576));
#5637=CARTESIAN_POINT('Ctrl Pts',(6.78339523407041,-2.32874246437456,1.75706843960242));
#5638=CARTESIAN_POINT('Ctrl Pts',(7.07417725456959,1.18047132252478,1.92373510626909));
#5639=CARTESIAN_POINT('Ctrl Pts',(5.65971080794475,4.40512980706628,2.09040177293576));
#5640=CARTESIAN_POINT('Ctrl Pts',(2.88095712338167,6.56792061877856,2.25706843960243));
#5641=CARTESIAN_POINT('Ctrl Pts',(-0.592258566279263,7.14749782746398,2.42373510626909));
#5642=CARTESIAN_POINT('Ctrl Pts',(-3.92270880123356,6.00415279991414,2.59040177293575));
#5643=CARTESIAN_POINT('Ctrl Pts',(-6.30758030666848,3.41349176095965,2.75706843960243));
#5644=CARTESIAN_POINT('Ctrl Pts',(-7.17199381314597,-1.01998567638775E-9,
2.92373510626909));
#5645=CARTESIAN_POINT('Ctrl Pts',(-6.30758030450992,-3.41349175842726,3.09040177293576));
#5646=CARTESIAN_POINT('Ctrl Pts',(-3.92270880659274,-6.00415280416144,3.25706843960242));
#5647=CARTESIAN_POINT('Ctrl Pts',(-0.592258555132297,-7.14749781945134,
3.42373510626909));
#5648=CARTESIAN_POINT('Ctrl Pts',(2.88095710106562,-6.5679206344247,3.59040177293576));
#5649=CARTESIAN_POINT('Ctrl Pts',(5.65971085220313,-4.40512977623336,3.75706843960243));
#5650=CARTESIAN_POINT('Ctrl Pts',(7.07417716700281,-1.18047138342932,3.92373510626908));
#5651=CARTESIAN_POINT('Ctrl Pts',(6.78339540721913,2.32874258475286,4.09040177293576));
#5652=CARTESIAN_POINT('Ctrl Pts',(4.85745924245767,5.27660733660643,4.25706843960242));
#5653=CARTESIAN_POINT('Ctrl Pts',(1.76062039534797,6.95253271120357,4.42373510626909));
#5654=CARTESIAN_POINT('Ctrl Pts',(-1.76062039534954,6.95253271120024,4.59040177293576));
#5655=CARTESIAN_POINT('Ctrl Pts',(-4.8574592424522,5.27660733661137,4.75706843960242));
#5656=CARTESIAN_POINT('Ctrl Pts',(-6.78339540723115,2.32874258474392,4.9237351062691));
#5657=CARTESIAN_POINT('Ctrl Pts',(-7.07417716697844,-1.18047138341209,5.09040177293574));
#5658=CARTESIAN_POINT('Ctrl Pts',(-5.65971085225161,-4.40512977626722,5.25706843960243));
#5659=CARTESIAN_POINT('Ctrl Pts',(-2.88095710096961,-6.56792063435789,5.42373510626908));
#5660=CARTESIAN_POINT('Ctrl Pts',(0.592258554942413,-7.14749781958337,5.59040177293576));
#5661=CARTESIAN_POINT('Ctrl Pts',(3.92270880696817,-6.00415280390044,5.75706843960242));
#5662=CARTESIAN_POINT('Ctrl Pts',(6.3075803037677,-3.41349175894322,5.92373510626909));
#5663=CARTESIAN_POINT('Ctrl Pts',(7.17199381461329,-3.17251171711073E-15,
6.09040177293575));
#5664=CARTESIAN_POINT('Ctrl Pts',(6.3075803037677,3.41349175894321,6.25706843960244));
#5665=CARTESIAN_POINT('Ctrl Pts',(3.92270880696818,6.00415280390045,6.42373510626908));
#5666=CARTESIAN_POINT('Ctrl Pts',(0.592258554942376,7.14749781958337,6.59040177293577));
#5667=CARTESIAN_POINT('Ctrl Pts',(-2.88095710096956,6.5679206343579,6.75706843960242));
#5668=CARTESIAN_POINT('Ctrl Pts',(-5.65971085225172,4.40512977626715,6.92373510626909));
#5669=CARTESIAN_POINT('Ctrl Pts',(-7.07417716697824,1.18047138341223,7.09040177293577));
#5670=CARTESIAN_POINT('Ctrl Pts',(-6.78339540723155,-2.32874258474421,7.25706843960241));
#5671=CARTESIAN_POINT('Ctrl Pts',(-4.8574592424514,-5.2766073366108,7.42373510626911));
#5672=CARTESIAN_POINT('Ctrl Pts',(-1.76062039535114,-6.95253271120135,7.59040177293574));
#5673=CARTESIAN_POINT('Ctrl Pts',(1.76062039535113,-6.95253271120137,7.75706843960244));
#5674=CARTESIAN_POINT('Ctrl Pts',(4.85745924245138,-5.27660733661081,7.92373510626908));
#5675=CARTESIAN_POINT('Ctrl Pts',(6.78339540723156,-2.32874258474423,8.09040177293577));
#5676=CARTESIAN_POINT('Ctrl Pts',(7.07417716697824,1.18047138341223,8.25706843960242));
#5677=CARTESIAN_POINT('Ctrl Pts',(5.65971085225172,4.40512977626714,8.4237351062691));
#5678=CARTESIAN_POINT('Ctrl Pts',(2.88095710096955,6.56792063435792,8.59040177293576));
#5679=CARTESIAN_POINT('Ctrl Pts',(-0.592258554942381,7.14749781958335,8.75706843960242));
#5680=CARTESIAN_POINT('Ctrl Pts',(-3.92270880696818,6.00415280390046,8.92373510626909));
#5681=CARTESIAN_POINT('Ctrl Pts',(-6.30758030376768,3.41349175894321,9.09040177293576));
#5682=CARTESIAN_POINT('Ctrl Pts',(-7.1719938146133,1.36418003835762E-14,
9.25706843960243));
#5683=CARTESIAN_POINT('Ctrl Pts',(-6.30758030376768,-3.41349175894322,9.4237351062691));
#5684=CARTESIAN_POINT('Ctrl Pts',(-3.92270880696819,-6.00415280390045,9.59040177293575));
#5685=CARTESIAN_POINT('Ctrl Pts',(-0.592258554942368,-7.14749781958337,
9.75706843960244));
#5686=CARTESIAN_POINT('Ctrl Pts',(2.88095710096956,-6.5679206343579,9.92373510626908));
#5687=CARTESIAN_POINT('Ctrl Pts',(5.65971085225173,-4.40512977626715,10.0904017729358));
#5688=CARTESIAN_POINT('Ctrl Pts',(7.07417716697822,-1.18047138341223,10.2570684396024));
#5689=CARTESIAN_POINT('Ctrl Pts',(6.78339540723157,2.32874258474421,10.4237351062691));
#5690=CARTESIAN_POINT('Ctrl Pts',(4.85745924245138,5.27660733661081,10.5904017729357));
#5691=CARTESIAN_POINT('Ctrl Pts',(1.76062039535113,6.95253271120137,10.7570684396024));
#5692=CARTESIAN_POINT('Ctrl Pts',(-1.76062039535117,6.95253271120136,10.9237351062691));
#5693=CARTESIAN_POINT('Ctrl Pts',(-4.85745924245139,5.27660733661079,11.0904017729358));
#5694=CARTESIAN_POINT('Ctrl Pts',(-6.78339540723156,2.32874258474421,11.2570684396024));
#5695=CARTESIAN_POINT('Ctrl Pts',(-7.07417716697823,-1.18047138341224,11.4237351062691));
#5696=CARTESIAN_POINT('Ctrl Pts',(-5.65971085225171,-4.40512977626716,11.5904017729358));
#5697=CARTESIAN_POINT('Ctrl Pts',(-2.88095710096955,-6.56792063435791,11.7570684396024));
#5698=CARTESIAN_POINT('Ctrl Pts',(0.592258554942366,-7.14749781958337,11.9237351062691));
#5699=CARTESIAN_POINT('Ctrl Pts',(3.92270880696819,-6.00415280390045,12.0904017729358));
#5700=CARTESIAN_POINT('Ctrl Pts',(6.30758030376768,-3.41349175894322,12.2570684396024));
#5701=CARTESIAN_POINT('Ctrl Pts',(7.17199381461329,-8.56578163619894E-15,
12.4237351062691));
#5702=CARTESIAN_POINT('Ctrl Pts',(6.3075803037677,3.4134917589432,12.5904017729358));
#5703=CARTESIAN_POINT('Ctrl Pts',(3.92270880696819,6.00415280390044,12.7570684396024));
#5704=CARTESIAN_POINT('Ctrl Pts',(0.592258554942416,7.14749781958338,12.9237351062691));
#5705=CARTESIAN_POINT('Ctrl Pts',(-2.88095710096959,6.56792063435788,13.0904017729358));
#5706=CARTESIAN_POINT('Ctrl Pts',(-5.6597108522516,4.40512977626725,13.2570684396024));
#5707=CARTESIAN_POINT('Ctrl Pts',(-7.07417716697844,1.18047138341212,13.4237351062691));
#5708=CARTESIAN_POINT('Ctrl Pts',(-6.78339540723115,-2.32874258474392,13.5904017729357));
#5709=CARTESIAN_POINT('Ctrl Pts',(-4.85745924245219,-5.27660733661138,13.7570684396024));
#5710=CARTESIAN_POINT('Ctrl Pts',(-1.76062039534951,-6.95253271120025,13.9237351062691));
#5711=CARTESIAN_POINT('Ctrl Pts',(1.76062039534797,-6.95253271120356,14.0904017729358));
#5712=CARTESIAN_POINT('Ctrl Pts',(4.85745924245768,-5.27660733660643,14.2570684396024));
#5713=CARTESIAN_POINT('Ctrl Pts',(6.78339540721913,-2.32874258475285,14.4237351062691));
#5714=CARTESIAN_POINT('Ctrl Pts',(7.07417716700282,1.18047138342934,14.5904017729358));
#5715=CARTESIAN_POINT('Ctrl Pts',(5.65971085220312,4.40512977623336,14.7570684396024));
#5716=CARTESIAN_POINT('Ctrl Pts',(2.88095710106563,6.56792063442468,14.9237351062691));
#5717=CARTESIAN_POINT('Ctrl Pts',(-0.592258555132292,7.14749781945135,15.0904017729358));
#5718=CARTESIAN_POINT('Ctrl Pts',(-3.92270880659274,6.00415280416144,15.2570684396024));
#5719=CARTESIAN_POINT('Ctrl Pts',(-6.3075803045099,3.41349175842728,15.4237351062691));
#5720=CARTESIAN_POINT('Ctrl Pts',(-7.17199381314598,1.02000502870811E-9,
15.5904017729357));
#5721=CARTESIAN_POINT('Ctrl Pts',(-6.30758030666848,-3.41349176095962,15.7570684396025));
#5722=CARTESIAN_POINT('Ctrl Pts',(-3.92270880123357,-6.00415279991414,15.9237351062691));
#5723=CARTESIAN_POINT('Ctrl Pts',(-0.592258566279281,-7.14749782746397,
16.0904017729358));
#5724=CARTESIAN_POINT('Ctrl Pts',(2.88095712338164,-6.56792061877857,16.2570684396024));
#5725=CARTESIAN_POINT('Ctrl Pts',(5.65971080794474,-4.40512980706632,16.4237351062691));
#5726=CARTESIAN_POINT('Ctrl Pts',(7.07417725456959,-1.18047132252478,16.5904017729358));
#5727=CARTESIAN_POINT('Ctrl Pts',(6.78339523407041,2.32874246437456,16.7570684396024));
#5728=CARTESIAN_POINT('Ctrl Pts',(4.8574595847772,5.27660757457208,16.9237351062691));
#5729=CARTESIAN_POINT('Ctrl Pts',(1.76061971860016,6.95253224077087,17.0904017729358));
#5730=CARTESIAN_POINT('Ctrl Pts',(-1.76061905746819,6.95253364120507,17.2570684396024));
#5731=CARTESIAN_POINT('Ctrl Pts',(-4.85746188734045,5.27660549806708,17.4237351062691));
#5732=CARTESIAN_POINT('Ctrl Pts',(-6.78339017848673,2.32874621940234,17.5904017729358));
#5733=CARTESIAN_POINT('Ctrl Pts',(-7.0741875039021,-1.18047856888185,17.7570684396024));
#5734=CARTESIAN_POINT('Ctrl Pts',(-5.65969041566035,-4.40511557069855,17.9237351062691));
#5735=CARTESIAN_POINT('Ctrl Pts',(-2.88099751806893,-6.56794872316476,18.0904017729358));
#5736=CARTESIAN_POINT('Ctrl Pts',(0.59233864100026,-7.14744222473114,18.2570684396024));
#5737=CARTESIAN_POINT('Ctrl Pts',(3.92254828797303,-6.00426348758404,18.4237351062691));
#5738=CARTESIAN_POINT('Ctrl Pts',(6.30792305674705,-3.41326377700543,18.5904017729357));
#5739=CARTESIAN_POINT('Ctrl Pts',(6.88327746887893,-1.13813038282783,18.7015128840469));
#5740=CARTESIAN_POINT('Ctrl Pts',(6.88327746887894,-1.51732506958302E-14,
18.7570684396024));
#5741=CARTESIAN_POINT('Ctrl Pts',(6.74233039190253,0.,-0.103158431516038));
#5742=CARTESIAN_POINT('Ctrl Pts',(6.74233039190253,1.11483052585671,-0.0476028759604823));
#5743=CARTESIAN_POINT('Ctrl Pts',(6.17875793986484,3.34336816693714,0.0635082351506289));
#5744=CARTESIAN_POINT('Ctrl Pts',(3.84222740200655,5.8813176259378,0.230174901817296));
#5745=CARTESIAN_POINT('Ctrl Pts',(0.580209563160499,7.00108554340442,0.396841568483963));
#5746=CARTESIAN_POINT('Ctrl Pts',(-2.82200427056562,6.43345930434455,0.563508235150628));
#5747=CARTESIAN_POINT('Ctrl Pts',(-5.54379871293959,4.31491321718523,0.730174901817297));
#5748=CARTESIAN_POINT('Ctrl Pts',(-6.92933161240669,1.15630638217842,0.896841568483962));
#5749=CARTESIAN_POINT('Ctrl Pts',(-6.64448884147326,-2.28106127040867,1.06350823515063));
#5750=CARTESIAN_POINT('Ctrl Pts',(-4.75799717954717,-5.16855809206969,1.2301749018173));
#5751=CARTESIAN_POINT('Ctrl Pts',(-1.72456741742794,-6.81016882335757,1.39684156848396));
#5752=CARTESIAN_POINT('Ctrl Pts',(1.72456806545983,-6.81016743224695,1.56350823515063));
#5753=CARTESIAN_POINT('Ctrl Pts',(4.7579949226084,-5.16856015475007,1.7301749018173));
#5754=CARTESIAN_POINT('Ctrl Pts',(6.64449379688235,-2.28105754038039,1.89684156848396));
#5755=CARTESIAN_POINT('Ctrl Pts',(6.92932156616103,1.15629918406428,2.06350823515063));
#5756=CARTESIAN_POINT('Ctrl Pts',(5.54381870115818,4.31492735877961,2.23017490181729));
#5757=CARTESIAN_POINT('Ctrl Pts',(2.82196467628466,6.43343138698343,2.39684156848396));
#5758=CARTESIAN_POINT('Ctrl Pts',(-0.580131075091497,7.00114077694321,2.56350823515063));
#5759=CARTESIAN_POINT('Ctrl Pts',(-3.84238473475414,5.88120766345778,2.7301749018173));
#5760=CARTESIAN_POINT('Ctrl Pts',(-6.17842198125664,3.34359477066411,2.89684156848396));
#5761=CARTESIAN_POINT('Ctrl Pts',(-7.02513516597018,-1.01319364605258E-9,
3.06350823515063));
#5762=CARTESIAN_POINT('Ctrl Pts',(-6.17842197914084,-3.34359476814859,3.23017490181729));
#5763=CARTESIAN_POINT('Ctrl Pts',(-3.84238474000713,-5.8812076676768,3.39684156848396));
#5764=CARTESIAN_POINT('Ctrl Pts',(-0.580131064165407,-7.00114076898392,
3.56350823515063));
#5765=CARTESIAN_POINT('Ctrl Pts',(2.82196465441081,-6.43343140252539,3.7301749018173));
#5766=CARTESIAN_POINT('Ctrl Pts',(5.54381874453957,-4.31492732815197,3.89684156848395));
#5767=CARTESIAN_POINT('Ctrl Pts',(6.92932148032939,-1.15629924456334,4.06350823515064));
#5768=CARTESIAN_POINT('Ctrl Pts',(6.64449396660017,2.28105765995726,4.23017490181729));
#5769=CARTESIAN_POINT('Ctrl Pts',(4.75799458707182,5.16855991836874,4.39684156848396));
#5770=CARTESIAN_POINT('Ctrl Pts',(1.7245687287981,6.81016789954767,4.56350823515063));
#5771=CARTESIAN_POINT('Ctrl Pts',(-1.72456872879964,6.81016789954437,4.7301749018173));
#5772=CARTESIAN_POINT('Ctrl Pts',(-4.75799458706644,5.16855991837363,4.89684156848397));
#5773=CARTESIAN_POINT('Ctrl Pts',(-6.64449396661198,2.28105765994839,5.06350823515063));
#5774=CARTESIAN_POINT('Ctrl Pts',(-6.92932148030548,-1.15629924454622,5.23017490181729));
#5775=CARTESIAN_POINT('Ctrl Pts',(-5.54381874458711,-4.3149273281856,5.39684156848396));
#5776=CARTESIAN_POINT('Ctrl Pts',(-2.82196465431669,-6.43343140245901,5.56350823515063));
#5777=CARTESIAN_POINT('Ctrl Pts',(0.580131063979287,-7.00114076911508,5.7301749018173));
#5778=CARTESIAN_POINT('Ctrl Pts',(3.84238474037511,-5.88120766741754,5.89684156848396));
#5779=CARTESIAN_POINT('Ctrl Pts',(6.17842197841333,-3.34359476866112,6.06350823515064));
#5780=CARTESIAN_POINT('Ctrl Pts',(7.02513516740843,-2.22075820197751E-15,
6.23017490181728));
#5781=CARTESIAN_POINT('Ctrl Pts',(6.17842197841333,3.3435947686611,6.39684156848397));
#5782=CARTESIAN_POINT('Ctrl Pts',(3.84238474037513,5.88120766741756,6.56350823515062));
#5783=CARTESIAN_POINT('Ctrl Pts',(0.580131063979249,7.00114076911505,6.7301749018173));
#5784=CARTESIAN_POINT('Ctrl Pts',(-2.82196465431665,6.43343140245906,6.89684156848397));
#5785=CARTESIAN_POINT('Ctrl Pts',(-5.54381874458722,4.3149273281855,7.06350823515062));
#5786=CARTESIAN_POINT('Ctrl Pts',(-6.92932148030528,1.15629924454637,7.2301749018173));
#5787=CARTESIAN_POINT('Ctrl Pts',(-6.64449396661237,-2.28105765994868,7.39684156848396));
#5788=CARTESIAN_POINT('Ctrl Pts',(-4.75799458706565,-5.16855991837307,7.56350823515064));
#5789=CARTESIAN_POINT('Ctrl Pts',(-1.72456872880122,-6.81016789954548,7.73017490181728));
#5790=CARTESIAN_POINT('Ctrl Pts',(1.72456872880121,-6.81016789954548,7.89684156848396));
#5791=CARTESIAN_POINT('Ctrl Pts',(4.75799458706564,-5.16855991837308,8.06350823515063));
#5792=CARTESIAN_POINT('Ctrl Pts',(6.64449396661237,-2.28105765994869,8.23017490181729));
#5793=CARTESIAN_POINT('Ctrl Pts',(6.92932148030529,1.15629924454636,8.39684156848397));
#5794=CARTESIAN_POINT('Ctrl Pts',(5.54381874458721,4.31492732818552,8.56350823515062));
#5795=CARTESIAN_POINT('Ctrl Pts',(2.82196465431664,6.43343140245906,8.73017490181729));
#5796=CARTESIAN_POINT('Ctrl Pts',(-0.580131063979252,7.00114076911505,8.89684156848397));
#5797=CARTESIAN_POINT('Ctrl Pts',(-3.84238474037513,5.88120766741757,9.06350823515063));
#5798=CARTESIAN_POINT('Ctrl Pts',(-6.17842197841331,3.34359476866111,9.23017490181729));
#5799=CARTESIAN_POINT('Ctrl Pts',(-7.02513516740844,9.20028397962114E-15,
9.39684156848397));
#5800=CARTESIAN_POINT('Ctrl Pts',(-6.17842197841332,-3.34359476866111,9.56350823515062));
#5801=CARTESIAN_POINT('Ctrl Pts',(-3.84238474037513,-5.88120766741756,9.73017490181729));
#5802=CARTESIAN_POINT('Ctrl Pts',(-0.580131063979243,-7.00114076911506,
9.89684156848396));
#5803=CARTESIAN_POINT('Ctrl Pts',(2.82196465431664,-6.43343140245904,10.0635082351506));
#5804=CARTESIAN_POINT('Ctrl Pts',(5.54381874458722,-4.31492732818552,10.2301749018173));
#5805=CARTESIAN_POINT('Ctrl Pts',(6.92932148030527,-1.15629924454636,10.3968415684839));
#5806=CARTESIAN_POINT('Ctrl Pts',(6.64449396661238,2.28105765994867,10.5635082351506));
#5807=CARTESIAN_POINT('Ctrl Pts',(4.75799458706563,5.16855991837308,10.7301749018173));
#5808=CARTESIAN_POINT('Ctrl Pts',(1.72456872880121,6.81016789954549,10.896841568484));
#5809=CARTESIAN_POINT('Ctrl Pts',(-1.72456872880124,6.81016789954547,11.0635082351506));
#5810=CARTESIAN_POINT('Ctrl Pts',(-4.75799458706565,5.16855991837307,11.2301749018173));
#5811=CARTESIAN_POINT('Ctrl Pts',(-6.64449396661237,2.28105765994868,11.3968415684839));
#5812=CARTESIAN_POINT('Ctrl Pts',(-6.92932148030529,-1.15629924454638,11.5635082351506));
#5813=CARTESIAN_POINT('Ctrl Pts',(-5.5438187445872,-4.31492732818552,11.7301749018173));
#5814=CARTESIAN_POINT('Ctrl Pts',(-2.82196465431664,-6.43343140245905,11.896841568484));
#5815=CARTESIAN_POINT('Ctrl Pts',(0.580131063979241,-7.00114076911505,12.0635082351506));
#5816=CARTESIAN_POINT('Ctrl Pts',(3.84238474037513,-5.88120766741757,12.2301749018173));
#5817=CARTESIAN_POINT('Ctrl Pts',(6.17842197841333,-3.3435947686611,12.3968415684839));
#5818=CARTESIAN_POINT('Ctrl Pts',(7.02513516740842,-1.55453074138425E-14,
12.5635082351506));
#5819=CARTESIAN_POINT('Ctrl Pts',(6.17842197841334,3.34359476866109,12.7301749018173));
#5820=CARTESIAN_POINT('Ctrl Pts',(3.84238474037513,5.88120766741754,12.896841568484));
#5821=CARTESIAN_POINT('Ctrl Pts',(0.580131063979285,7.00114076911507,13.0635082351506));
#5822=CARTESIAN_POINT('Ctrl Pts',(-2.82196465431667,6.43343140245903,13.2301749018173));
#5823=CARTESIAN_POINT('Ctrl Pts',(-5.54381874458709,4.31492732818562,13.3968415684839));
#5824=CARTESIAN_POINT('Ctrl Pts',(-6.92932148030549,1.15629924454625,13.5635082351506));
#5825=CARTESIAN_POINT('Ctrl Pts',(-6.64449396661198,-2.28105765994838,13.7301749018173));
#5826=CARTESIAN_POINT('Ctrl Pts',(-4.75799458706643,-5.16855991837366,13.8968415684839));
#5827=CARTESIAN_POINT('Ctrl Pts',(-1.72456872879962,-6.81016789954437,14.0635082351506));
#5828=CARTESIAN_POINT('Ctrl Pts',(1.72456872879811,-6.81016789954767,14.2301749018173));
#5829=CARTESIAN_POINT('Ctrl Pts',(4.75799458707181,-5.16855991836873,14.3968415684839));
#5830=CARTESIAN_POINT('Ctrl Pts',(6.6444939666002,-2.28105765995725,14.5635082351506));
#5831=CARTESIAN_POINT('Ctrl Pts',(6.92932148032937,1.15629924456335,14.7301749018173));
#5832=CARTESIAN_POINT('Ctrl Pts',(5.54381874453958,4.31492732815196,14.896841568484));
#5833=CARTESIAN_POINT('Ctrl Pts',(2.82196465441081,6.4334314025254,15.0635082351506));
#5834=CARTESIAN_POINT('Ctrl Pts',(-0.580131064165398,7.00114076898392,15.2301749018173));
#5835=CARTESIAN_POINT('Ctrl Pts',(-3.84238474000712,5.8812076676768,15.396841568484));
#5836=CARTESIAN_POINT('Ctrl Pts',(-6.17842197914083,3.3435947681486,15.5635082351506));
#5837=CARTESIAN_POINT('Ctrl Pts',(-7.02513516597019,1.01321648813584E-9,
15.7301749018173));
#5838=CARTESIAN_POINT('Ctrl Pts',(-6.17842198125664,-3.3435947706641,15.8968415684839));
#5839=CARTESIAN_POINT('Ctrl Pts',(-3.84238473475415,-5.88120766345778,16.0635082351506));
#5840=CARTESIAN_POINT('Ctrl Pts',(-0.580131075091517,-7.00114077694321,
16.2301749018173));
#5841=CARTESIAN_POINT('Ctrl Pts',(2.82196467628463,-6.43343138698344,16.396841568484));
#5842=CARTESIAN_POINT('Ctrl Pts',(5.54381870115815,-4.31492735877964,16.5635082351506));
#5843=CARTESIAN_POINT('Ctrl Pts',(6.92932156616106,-1.15629918406428,16.7301749018173));
#5844=CARTESIAN_POINT('Ctrl Pts',(6.64449379688233,2.28105754038041,16.8968415684839));
#5845=CARTESIAN_POINT('Ctrl Pts',(4.7579949226084,5.16856015475009,17.0635082351506));
#5846=CARTESIAN_POINT('Ctrl Pts',(1.72456806545981,6.81016743224694,17.2301749018173));
#5847=CARTESIAN_POINT('Ctrl Pts',(-1.72456741742794,6.81016882335758,17.396841568484));
#5848=CARTESIAN_POINT('Ctrl Pts',(-4.75799717954717,5.16855809206969,17.5635082351506));
#5849=CARTESIAN_POINT('Ctrl Pts',(-6.64448884147327,2.28106127040866,17.7301749018173));
#5850=CARTESIAN_POINT('Ctrl Pts',(-6.92933161240668,-1.15630638217842,17.896841568484));
#5851=CARTESIAN_POINT('Ctrl Pts',(-5.5437987129396,-4.31491321718523,18.0635082351506));
#5852=CARTESIAN_POINT('Ctrl Pts',(-2.82200427056563,-6.43345930434455,18.2301749018173));
#5853=CARTESIAN_POINT('Ctrl Pts',(0.580209563160504,-7.00108554340442,18.396841568484));
#5854=CARTESIAN_POINT('Ctrl Pts',(3.84222740200654,-5.8813176259378,18.5635082351506));
#5855=CARTESIAN_POINT('Ctrl Pts',(6.17875793986482,-3.34336816693716,18.7301749018173));
#5856=CARTESIAN_POINT('Ctrl Pts',(6.74233039190252,-1.11483052585674,18.8412860129284));
#5857=CARTESIAN_POINT('Ctrl Pts',(6.74233039190253,-1.48625519998272E-14,
18.896841568484));
#5858=CARTESIAN_POINT('Ctrl Pts',(6.74217092871497,0.,0.123933043222525));
#5859=CARTESIAN_POINT('Ctrl Pts',(6.74217092871497,1.11478577117704,0.179488598778081));
#5860=CARTESIAN_POINT('Ctrl Pts',(6.17860981654624,3.34329975715021,0.290599709889193));
#5861=CARTESIAN_POINT('Ctrl Pts',(3.84213614382351,5.88117207135705,0.457266376555858));
#5862=CARTESIAN_POINT('Ctrl Pts',(0.580195544644103,7.00092123935426,0.623933043222526));
#5863=CARTESIAN_POINT('Ctrl Pts',(-2.82193688331346,6.43330455195639,0.790599709889192));
#5864=CARTESIAN_POINT('Ctrl Pts',(-5.54366655887655,4.31481099700853,0.957266376555858));
#5865=CARTESIAN_POINT('Ctrl Pts',(-6.9291663479959,1.15627846643234,1.12393304322252));
#5866=CARTESIAN_POINT('Ctrl Pts',(-6.64433040505974,-2.28100670201004,1.2905997098892));
#5867=CARTESIAN_POINT('Ctrl Pts',(-4.75788371156365,-5.16843492709446,1.45726637655586));
#5868=CARTESIAN_POINT('Ctrl Pts',(-1.72452629544337,-6.81000637989018,1.62393304322253));
#5869=CARTESIAN_POINT('Ctrl Pts',(1.72452694195319,-6.8100050554274,1.79059970988919));
#5870=CARTESIAN_POINT('Ctrl Pts',(4.75788145992587,-5.1684368909522,1.95726637655586));
#5871=CARTESIAN_POINT('Ctrl Pts',(6.64433534882982,-2.28100315068689,2.12393304322252));
#5872=CARTESIAN_POINT('Ctrl Pts',(6.92915632534638,1.15627161318053,2.29059970988919));
#5873=CARTESIAN_POINT('Ctrl Pts',(5.54368650014778,4.31482446105785,2.45726637655586));
#5874=CARTESIAN_POINT('Ctrl Pts',(2.82189738202963,6.43327797239383,2.62393304322253));
#5875=CARTESIAN_POINT('Ctrl Pts',(-0.580117240924074,7.00097382331078,2.79059970988919));
#5876=CARTESIAN_POINT('Ctrl Pts',(-3.84229310703557,5.88106741696346,2.95726637655586));
#5877=CARTESIAN_POINT('Ctrl Pts',(-6.17827464702132,3.3435150372709,3.12393304322253));
#5878=CARTESIAN_POINT('Ctrl Pts',(-7.02496764053187,-9.64646602752616E-10,
3.29059970988919));
#5879=CARTESIAN_POINT('Ctrl Pts',(-6.17827464491051,-3.34351503487591,3.45726637655586));
#5880=CARTESIAN_POINT('Ctrl Pts',(-3.84229311227622,-5.88106742098034,3.62393304322253));
#5881=CARTESIAN_POINT('Ctrl Pts',(-0.580117230023645,-7.00097381573284,
3.79059970988919));
#5882=CARTESIAN_POINT('Ctrl Pts',(2.82189736020714,-6.43327798719117,3.95726637655586));
#5883=CARTESIAN_POINT('Ctrl Pts',(5.54368654342729,-4.31482443189758,4.12393304322253));
#5884=CARTESIAN_POINT('Ctrl Pts',(6.92915623971631,-1.15627167078109,4.29059970988919));
#5885=CARTESIAN_POINT('Ctrl Pts',(6.64433551814903,2.28100326453486,4.45726637655586));
#5886=CARTESIAN_POINT('Ctrl Pts',(4.75788112517736,5.16843666589584,4.62393304322253));
#5887=CARTESIAN_POINT('Ctrl Pts',(1.72452760373345,6.81000550033984,4.79059970988919));
#5888=CARTESIAN_POINT('Ctrl Pts',(-1.72452760373498,6.81000550033669,4.95726637655586));
#5889=CARTESIAN_POINT('Ctrl Pts',(-4.757881125172,5.16843666590052,5.12393304322252));
#5890=CARTESIAN_POINT('Ctrl Pts',(-6.64433551816079,2.28100326452641,5.2905997098892));
#5891=CARTESIAN_POINT('Ctrl Pts',(-6.92915623969247,-1.1562716707648,5.45726637655585));
#5892=CARTESIAN_POINT('Ctrl Pts',(-5.54368654347471,-4.3148244319296,5.62393304322253));
#5893=CARTESIAN_POINT('Ctrl Pts',(-2.82189736011325,-6.43327798712799,5.79059970988919));
#5894=CARTESIAN_POINT('Ctrl Pts',(0.580117229837954,-7.0009738158577,5.95726637655586));
#5895=CARTESIAN_POINT('Ctrl Pts',(3.84229311264335,-5.88106742073351,6.12393304322252));
#5896=CARTESIAN_POINT('Ctrl Pts',(6.1782746441847,-3.34351503536388,6.29059970988919));
#5897=CARTESIAN_POINT('Ctrl Pts',(7.02496764196673,-3.4897628888218E-15,
6.45726637655585));
#5898=CARTESIAN_POINT('Ctrl Pts',(6.1782746441847,3.34351503536387,6.62393304322252));
#5899=CARTESIAN_POINT('Ctrl Pts',(3.84229311264336,5.88106742073351,6.7905997098892));
#5900=CARTESIAN_POINT('Ctrl Pts',(0.580117229837927,7.00097381585769,6.95726637655585));
#5901=CARTESIAN_POINT('Ctrl Pts',(-2.82189736011321,6.43327798712801,7.12393304322253));
#5902=CARTESIAN_POINT('Ctrl Pts',(-5.5436865434748,4.31482443192953,7.29059970988919));
#5903=CARTESIAN_POINT('Ctrl Pts',(-6.92915623969228,1.15627167076492,7.45726637655587));
#5904=CARTESIAN_POINT('Ctrl Pts',(-6.64433551816118,-2.28100326452668,7.62393304322251));
#5905=CARTESIAN_POINT('Ctrl Pts',(-4.75788112517122,-5.16843666589998,7.7905997098892));
#5906=CARTESIAN_POINT('Ctrl Pts',(-1.72452760373656,-6.81000550033775,7.95726637655585));
#5907=CARTESIAN_POINT('Ctrl Pts',(1.72452760373655,-6.81000550033775,8.12393304322254));
#5908=CARTESIAN_POINT('Ctrl Pts',(4.75788112517119,-5.16843666589999,8.29059970988918));
#5909=CARTESIAN_POINT('Ctrl Pts',(6.6443355181612,-2.28100326452669,8.45726637655586));
#5910=CARTESIAN_POINT('Ctrl Pts',(6.92915623969227,1.15627167076492,8.62393304322253));
#5911=CARTESIAN_POINT('Ctrl Pts',(5.54368654347482,4.31482443192952,8.7905997098892));
#5912=CARTESIAN_POINT('Ctrl Pts',(2.8218973601132,6.43327798712802,8.95726637655587));
#5913=CARTESIAN_POINT('Ctrl Pts',(-0.580117229837928,7.00097381585768,9.12393304322251));
#5914=CARTESIAN_POINT('Ctrl Pts',(-3.84229311264336,5.88106742073352,9.2905997098892));
#5915=CARTESIAN_POINT('Ctrl Pts',(-6.17827464418468,3.34351503536387,9.45726637655585));
#5916=CARTESIAN_POINT('Ctrl Pts',(-7.02496764196675,7.93127929277684E-15,
9.62393304322251));
#5917=CARTESIAN_POINT('Ctrl Pts',(-6.17827464418469,-3.34351503536387,9.79059970988921));
#5918=CARTESIAN_POINT('Ctrl Pts',(-3.84229311264336,-5.88106742073352,9.95726637655586));
#5919=CARTESIAN_POINT('Ctrl Pts',(-0.580117229837915,-7.00097381585769,
10.1239330432226));
#5920=CARTESIAN_POINT('Ctrl Pts',(2.8218973601132,-6.43327798712801,10.2905997098892));
#5921=CARTESIAN_POINT('Ctrl Pts',(5.54368654347483,-4.31482443192953,10.4572663765559));
#5922=CARTESIAN_POINT('Ctrl Pts',(6.92915623969225,-1.15627167076493,10.6239330432225));
#5923=CARTESIAN_POINT('Ctrl Pts',(6.6443355181612,2.28100326452668,10.7905997098892));
#5924=CARTESIAN_POINT('Ctrl Pts',(4.75788112517121,5.16843666589998,10.9572663765558));
#5925=CARTESIAN_POINT('Ctrl Pts',(1.72452760373654,6.81000550033776,11.1239330432225));
#5926=CARTESIAN_POINT('Ctrl Pts',(-1.72452760373658,6.81000550033774,11.2905997098892));
#5927=CARTESIAN_POINT('Ctrl Pts',(-4.75788112517122,5.16843666589997,11.4572663765559));
#5928=CARTESIAN_POINT('Ctrl Pts',(-6.6443355181612,2.28100326452667,11.6239330432225));
#5929=CARTESIAN_POINT('Ctrl Pts',(-6.92915623969227,-1.15627167076493,11.7905997098892));
#5930=CARTESIAN_POINT('Ctrl Pts',(-5.5436865434748,-4.31482443192954,11.9572663765559));
#5931=CARTESIAN_POINT('Ctrl Pts',(-2.8218973601132,-6.43327798712801,12.1239330432225));
#5932=CARTESIAN_POINT('Ctrl Pts',(0.580117229837915,-7.00097381585769,12.2905997098892));
#5933=CARTESIAN_POINT('Ctrl Pts',(3.84229311264336,-5.88106742073352,12.4572663765559));
#5934=CARTESIAN_POINT('Ctrl Pts',(6.17827464418469,-3.34351503536387,12.6239330432225));
#5935=CARTESIAN_POINT('Ctrl Pts',(7.02496764196673,-1.11037910098875E-14,
12.7905997098892));
#5936=CARTESIAN_POINT('Ctrl Pts',(6.17827464418471,3.34351503536386,12.9572663765559));
#5937=CARTESIAN_POINT('Ctrl Pts',(3.84229311264336,5.8810674207335,13.1239330432225));
#5938=CARTESIAN_POINT('Ctrl Pts',(0.580117229837964,7.00097381585771,13.2905997098892));
#5939=CARTESIAN_POINT('Ctrl Pts',(-2.82189736011323,6.43327798712798,13.4572663765558));
#5940=CARTESIAN_POINT('Ctrl Pts',(-5.54368654347469,4.31482443192963,13.6239330432225));
#5941=CARTESIAN_POINT('Ctrl Pts',(-6.92915623969247,1.15627167076482,13.7905997098892));
#5942=CARTESIAN_POINT('Ctrl Pts',(-6.64433551816079,-2.2810032645264,13.9572663765559));
#5943=CARTESIAN_POINT('Ctrl Pts',(-4.757881125172,-5.16843666590052,14.1239330432225));
#5944=CARTESIAN_POINT('Ctrl Pts',(-1.72452760373496,-6.8100055003367,14.2905997098892));
#5945=CARTESIAN_POINT('Ctrl Pts',(1.72452760373346,-6.81000550033984,14.4572663765559));
#5946=CARTESIAN_POINT('Ctrl Pts',(4.75788112517736,-5.16843666589584,14.6239330432225));
#5947=CARTESIAN_POINT('Ctrl Pts',(6.64433551814904,-2.28100326453485,14.7905997098892));
#5948=CARTESIAN_POINT('Ctrl Pts',(6.9291562397163,1.15627167078111,14.9572663765559));
#5949=CARTESIAN_POINT('Ctrl Pts',(5.5436865434273,4.31482443189758,15.1239330432225));
#5950=CARTESIAN_POINT('Ctrl Pts',(2.82189736020715,6.43327798719116,15.2905997098892));
#5951=CARTESIAN_POINT('Ctrl Pts',(-0.580117230023636,7.00097381573284,15.4572663765559));
#5952=CARTESIAN_POINT('Ctrl Pts',(-3.84229311227622,5.88106742098034,15.6239330432225));
#5953=CARTESIAN_POINT('Ctrl Pts',(-6.17827464491049,3.34351503487592,15.7905997098892));
#5954=CARTESIAN_POINT('Ctrl Pts',(-7.02496764053187,9.64671982845297E-10,
15.9572663765559));
#5955=CARTESIAN_POINT('Ctrl Pts',(-6.17827464702133,-3.34351503727089,16.1239330432225));
#5956=CARTESIAN_POINT('Ctrl Pts',(-3.84229310703558,-5.88106741696346,16.2905997098892));
#5957=CARTESIAN_POINT('Ctrl Pts',(-0.580117240924096,-7.00097382331077,
16.4572663765558));
#5958=CARTESIAN_POINT('Ctrl Pts',(2.8218973820296,-6.43327797239384,16.6239330432225));
#5959=CARTESIAN_POINT('Ctrl Pts',(5.54368650014776,-4.31482446105788,16.7905997098892));
#5960=CARTESIAN_POINT('Ctrl Pts',(6.92915632534638,-1.15627161318053,16.9572663765559));
#5961=CARTESIAN_POINT('Ctrl Pts',(6.64433534882983,2.28100315068691,17.1239330432225));
#5962=CARTESIAN_POINT('Ctrl Pts',(4.75788145992585,5.16843689095222,17.2905997098892));
#5963=CARTESIAN_POINT('Ctrl Pts',(1.72452694195318,6.8100050554274,17.4572663765558));
#5964=CARTESIAN_POINT('Ctrl Pts',(-1.72452629544337,6.81000637989018,17.6239330432226));
#5965=CARTESIAN_POINT('Ctrl Pts',(-4.75788371156366,5.16843492709446,17.7905997098892));
#5966=CARTESIAN_POINT('Ctrl Pts',(-6.64433040505976,2.28100670201002,17.9572663765559));
#5967=CARTESIAN_POINT('Ctrl Pts',(-6.92916634799589,-1.15627846643234,18.1239330432225));
#5968=CARTESIAN_POINT('Ctrl Pts',(-5.54366655887656,-4.31481099700852,18.2905997098892));
#5969=CARTESIAN_POINT('Ctrl Pts',(-2.82193688331346,-6.4333045519564,18.4572663765559));
#5970=CARTESIAN_POINT('Ctrl Pts',(0.580195544644102,-7.00092123935424,18.6239330432225));
#5971=CARTESIAN_POINT('Ctrl Pts',(3.8421361438235,-5.88117207135706,18.7905997098892));
#5972=CARTESIAN_POINT('Ctrl Pts',(6.17860981654623,-3.34329975715022,18.9572663765558));
#5973=CARTESIAN_POINT('Ctrl Pts',(6.74217092871497,-1.11478577117707,19.068377487667));
#5974=CARTESIAN_POINT('Ctrl Pts',(6.74217092871497,-1.48622004848792E-14,
19.1239330432225));
#5975=CARTESIAN_POINT('Ctrl Pts',(6.93633568829182,0.,0.279218757275108));
#5976=CARTESIAN_POINT('Ctrl Pts',(6.93633568829182,1.14692417259185,0.334774312830664));
#5977=CARTESIAN_POINT('Ctrl Pts',(6.35654853039969,3.43956212219855,0.445885423941776));
#5978=CARTESIAN_POINT('Ctrl Pts',(3.95278481771499,6.05055331186583,0.612552090608442));
#5979=CARTESIAN_POINT('Ctrl Pts',(0.59690488637939,7.2025352554023,0.779218757275108));
#5980=CARTESIAN_POINT('Ctrl Pts',(-2.9032057762609,6.61857923036825,0.945885423941775));
#5981=CARTESIAN_POINT('Ctrl Pts',(-5.7033180568151,4.43907161779882,1.11255209060844));
#5982=CARTESIAN_POINT('Ctrl Pts',(-7.12871886759752,1.18957866767086,1.27921875727511));
#5983=CARTESIAN_POINT('Ctrl Pts',(-6.83567989247628,-2.34669754259458,1.44588542394177));
#5984=CARTESIAN_POINT('Ctrl Pts',(-4.89490561350798,-5.31728008498777,1.61255209060845));
#5985=CARTESIAN_POINT('Ctrl Pts',(-1.77419077675204,-7.00612726009492,1.77921875727511));
#5986=CARTESIAN_POINT('Ctrl Pts',(1.77419144468165,-7.00612577364278,1.94588542394178));
#5987=CARTESIAN_POINT('Ctrl Pts',(4.89490328727024,-5.31728228903655,2.11255209060844));
#5988=CARTESIAN_POINT('Ctrl Pts',(6.83568500004049,-2.346693556924,2.27921875727511));
#5989=CARTESIAN_POINT('Ctrl Pts',(7.12870851288335,1.18957097622328,2.44588542394178));
#5990=CARTESIAN_POINT('Ctrl Pts',(5.70333865876905,4.43908672862489,2.61255209060844));
#5991=CARTESIAN_POINT('Ctrl Pts',(2.90316496624328,6.61854939942091,2.77921875727511));
#5992=CARTESIAN_POINT('Ctrl Pts',(-0.5968239883456,7.20259427722543,2.94588542394177));
#5993=CARTESIAN_POINT('Ctrl Pts',(-3.9529469813418,6.05043577991834,3.11255209060844));
#5994=CARTESIAN_POINT('Ctrl Pts',(-6.35620225623111,3.43980464431938,3.27921875727511));
#5995=CARTESIAN_POINT('Ctrl Pts',(-7.2272790896569,-1.08263199626092E-9,
3.44588542394178));
#5996=CARTESIAN_POINT('Ctrl Pts',(-6.35620225405036,-3.43980464163146,3.61255209060844));
#5997=CARTESIAN_POINT('Ctrl Pts',(-3.95294698675607,-6.05043578442651,3.77921875727511));
#5998=CARTESIAN_POINT('Ctrl Pts',(-0.596823977084027,-7.20259426872064,
3.94588542394177));
#5999=CARTESIAN_POINT('Ctrl Pts',(2.90316494369779,-6.61854941602807,4.11255209060845));
#6000=CARTESIAN_POINT('Ctrl Pts',(5.70333870348248,-4.43908669589813,4.2792187572751));
#6001=CARTESIAN_POINT('Ctrl Pts',(7.12870842441623,-1.18957104086873,4.44588542394178));
#6002=CARTESIAN_POINT('Ctrl Pts',(6.83568517496949,2.34669368469622,4.61255209060844));
#6003=CARTESIAN_POINT('Ctrl Pts',(4.89490294143103,5.31728203645452,4.7792187572751));
#6004=CARTESIAN_POINT('Ctrl Pts',(1.77419212838764,7.00612627297055,4.94588542394178));
#6005=CARTESIAN_POINT('Ctrl Pts',(-1.77419212838922,7.00612627296702,5.11255209060844));
#6006=CARTESIAN_POINT('Ctrl Pts',(-4.8949029414255,5.31728203645976,5.27921875727511));
#6007=CARTESIAN_POINT('Ctrl Pts',(-6.83568517498164,2.34669368468674,5.44588542394177));
#6008=CARTESIAN_POINT('Ctrl Pts',(-7.12870842439161,-1.18957104085044,5.61255209060844));
#6009=CARTESIAN_POINT('Ctrl Pts',(-5.70333870353147,-4.43908669593408,5.77921875727511));
#6010=CARTESIAN_POINT('Ctrl Pts',(-2.90316494360078,-6.61854941595713,5.94588542394178));
#6011=CARTESIAN_POINT('Ctrl Pts',(0.596823976892189,-7.2025942688608,6.11255209060844));
#6012=CARTESIAN_POINT('Ctrl Pts',(3.95294698713535,-6.05043578414948,6.2792187572751));
#6013=CARTESIAN_POINT('Ctrl Pts',(6.35620225330051,-3.43980464217911,6.44588542394179));
#6014=CARTESIAN_POINT('Ctrl Pts',(7.22727909113931,-1.58625585855536E-15,
6.61255209060842));
#6015=CARTESIAN_POINT('Ctrl Pts',(6.3562022533005,3.43980464217909,6.77921875727514));
#6016=CARTESIAN_POINT('Ctrl Pts',(3.95294698713538,6.0504357841495,6.94588542394175));
#6017=CARTESIAN_POINT('Ctrl Pts',(0.596823976892152,7.20259426886077,7.11255209060846));
#6018=CARTESIAN_POINT('Ctrl Pts',(-2.90316494360074,6.61854941595718,7.2792187572751));
#6019=CARTESIAN_POINT('Ctrl Pts',(-5.70333870353159,4.43908669593397,7.44588542394178));
#6020=CARTESIAN_POINT('Ctrl Pts',(-7.1287084243914,1.18957104085059,7.61255209060843));
#6021=CARTESIAN_POINT('Ctrl Pts',(-6.83568517498205,-2.34669368468704,7.77921875727512));
#6022=CARTESIAN_POINT('Ctrl Pts',(-4.89490294142468,-5.31728203645916,7.94588542394179));
#6023=CARTESIAN_POINT('Ctrl Pts',(-1.77419212839085,-7.0061262729682,8.11255209060843));
#6024=CARTESIAN_POINT('Ctrl Pts',(1.77419212839084,-7.00612627296821,8.27921875727512));
#6025=CARTESIAN_POINT('Ctrl Pts',(4.89490294142468,-5.31728203645916,8.44588542394176));
#6026=CARTESIAN_POINT('Ctrl Pts',(6.83568517498204,-2.34669368468706,8.61255209060845));
#6027=CARTESIAN_POINT('Ctrl Pts',(7.12870842439141,1.18957104085058,8.77921875727511));
#6028=CARTESIAN_POINT('Ctrl Pts',(5.70333870353157,4.43908669593399,8.94588542394177));
#6029=CARTESIAN_POINT('Ctrl Pts',(2.90316494360073,6.61854941595718,9.11255209060845));
#6030=CARTESIAN_POINT('Ctrl Pts',(-0.596823976892155,7.20259426886077,9.27921875727511));
#6031=CARTESIAN_POINT('Ctrl Pts',(-3.95294698713537,6.0504357841495,9.44588542394179));
#6032=CARTESIAN_POINT('Ctrl Pts',(-6.35620225330049,3.4398046421791,9.61255209060844));
#6033=CARTESIAN_POINT('Ctrl Pts',(-7.22727909113932,1.04692886664654E-14,
9.77921875727514));
#6034=CARTESIAN_POINT('Ctrl Pts',(-6.3562022533005,-3.4398046421791,9.94588542394176));
#6035=CARTESIAN_POINT('Ctrl Pts',(-3.95294698713537,-6.0504357841495,10.1125520906084));
#6036=CARTESIAN_POINT('Ctrl Pts',(-0.596823976892143,-7.20259426886077,
10.2792187572751));
#6037=CARTESIAN_POINT('Ctrl Pts',(2.90316494360073,-6.61854941595717,10.4458854239418));
#6038=CARTESIAN_POINT('Ctrl Pts',(5.70333870353159,-4.43908669593399,10.6125520906084));
#6039=CARTESIAN_POINT('Ctrl Pts',(7.12870842439139,-1.18957104085059,10.7792187572751));
#6040=CARTESIAN_POINT('Ctrl Pts',(6.83568517498206,2.34669368468704,10.9458854239418));
#6041=CARTESIAN_POINT('Ctrl Pts',(4.89490294142468,5.31728203645917,11.1125520906084));
#6042=CARTESIAN_POINT('Ctrl Pts',(1.77419212839083,7.00612627296822,11.2792187572751));
#6043=CARTESIAN_POINT('Ctrl Pts',(-1.77419212839087,7.00612627296819,11.4458854239418));
#6044=CARTESIAN_POINT('Ctrl Pts',(-4.89490294142469,5.31728203645915,11.6125520906085));
#6045=CARTESIAN_POINT('Ctrl Pts',(-6.83568517498204,2.34669368468704,11.7792187572751));
#6046=CARTESIAN_POINT('Ctrl Pts',(-7.12870842439142,-1.1895710408506,11.9458854239418));
#6047=CARTESIAN_POINT('Ctrl Pts',(-5.70333870353157,-4.439086695934,12.1125520906084));
#6048=CARTESIAN_POINT('Ctrl Pts',(-2.90316494360073,-6.61854941595718,12.2792187572751));
#6049=CARTESIAN_POINT('Ctrl Pts',(0.596823976892148,-7.20259426886078,12.4458854239418));
#6050=CARTESIAN_POINT('Ctrl Pts',(3.95294698713536,-6.0504357841495,12.6125520906084));
#6051=CARTESIAN_POINT('Ctrl Pts',(6.35620225330052,-3.4398046421791,12.7792187572751));
#6052=CARTESIAN_POINT('Ctrl Pts',(7.22727909113929,-1.3324549211865E-14,
12.9458854239418));
#6053=CARTESIAN_POINT('Ctrl Pts',(6.35620225330053,3.43980464217909,13.1125520906084));
#6054=CARTESIAN_POINT('Ctrl Pts',(3.95294698713537,6.05043578414948,13.2792187572751));
#6055=CARTESIAN_POINT('Ctrl Pts',(0.596823976892196,7.20259426886079,13.4458854239418));
#6056=CARTESIAN_POINT('Ctrl Pts',(-2.90316494360076,6.61854941595715,13.6125520906084));
#6057=CARTESIAN_POINT('Ctrl Pts',(-5.70333870353144,4.43908669593409,13.7792187572751));
#6058=CARTESIAN_POINT('Ctrl Pts',(-7.12870842439162,1.18957104085047,13.9458854239418));
#6059=CARTESIAN_POINT('Ctrl Pts',(-6.83568517498165,-2.34669368468674,14.1125520906085));
#6060=CARTESIAN_POINT('Ctrl Pts',(-4.89490294142549,-5.31728203645978,14.2792187572751));
#6061=CARTESIAN_POINT('Ctrl Pts',(-1.77419212838919,-7.00612627296702,14.4458854239418));
#6062=CARTESIAN_POINT('Ctrl Pts',(1.77419212838764,-7.00612627297054,14.6125520906085));
#6063=CARTESIAN_POINT('Ctrl Pts',(4.89490294143104,-5.31728203645452,14.7792187572751));
#6064=CARTESIAN_POINT('Ctrl Pts',(6.83568517496949,-2.34669368469621,14.9458854239418));
#6065=CARTESIAN_POINT('Ctrl Pts',(7.12870842441623,1.18957104086874,15.1125520906085));
#6066=CARTESIAN_POINT('Ctrl Pts',(5.70333870348248,4.43908669589813,15.2792187572751));
#6067=CARTESIAN_POINT('Ctrl Pts',(2.90316494369779,6.61854941602806,15.4458854239418));
#6068=CARTESIAN_POINT('Ctrl Pts',(-0.596823977084016,7.20259426872065,15.6125520906084));
#6069=CARTESIAN_POINT('Ctrl Pts',(-3.95294698675606,6.05043578442651,15.7792187572751));
#6070=CARTESIAN_POINT('Ctrl Pts',(-6.35620225405036,3.43980464163147,15.9458854239418));
#6071=CARTESIAN_POINT('Ctrl Pts',(-7.22727908965689,1.08265769360465E-9,
16.1125520906084));
#6072=CARTESIAN_POINT('Ctrl Pts',(-6.35620225623113,-3.43980464431937,16.2792187572751));
#6073=CARTESIAN_POINT('Ctrl Pts',(-3.9529469813418,-6.05043577991833,16.4458854239418));
#6074=CARTESIAN_POINT('Ctrl Pts',(-0.596823988345618,-7.20259427722543,
16.6125520906084));
#6075=CARTESIAN_POINT('Ctrl Pts',(2.90316496624324,-6.61854939942092,16.7792187572751));
#6076=CARTESIAN_POINT('Ctrl Pts',(5.70333865876905,-4.43908672862492,16.9458854239418));
#6077=CARTESIAN_POINT('Ctrl Pts',(7.12870851288336,-1.18957097622328,17.1125520906085));
#6078=CARTESIAN_POINT('Ctrl Pts',(6.83568500004049,2.34669355692401,17.2792187572751));
#6079=CARTESIAN_POINT('Ctrl Pts',(4.89490328727023,5.31728228903657,17.4458854239418));
#6080=CARTESIAN_POINT('Ctrl Pts',(1.77419144468164,7.00612577364277,17.6125520906084));
#6081=CARTESIAN_POINT('Ctrl Pts',(-1.77419077675204,7.00612726009492,17.7792187572751));
#6082=CARTESIAN_POINT('Ctrl Pts',(-4.89490561350798,5.31728008498777,17.9458854239418));
#6083=CARTESIAN_POINT('Ctrl Pts',(-6.83567989247628,2.34669754259457,18.1125520906085));
#6084=CARTESIAN_POINT('Ctrl Pts',(-7.12871886759752,-1.18957866767086,18.2792187572751));
#6085=CARTESIAN_POINT('Ctrl Pts',(-5.70331805681512,-4.43907161779881,18.4458854239418));
#6086=CARTESIAN_POINT('Ctrl Pts',(-2.90320577626091,-6.61857923036825,18.6125520906084));
#6087=CARTESIAN_POINT('Ctrl Pts',(0.596904886379392,-7.20253525540231,18.7792187572751));
#6088=CARTESIAN_POINT('Ctrl Pts',(3.95278481771497,-6.05055331186582,18.9458854239418));
#6089=CARTESIAN_POINT('Ctrl Pts',(6.35654853039968,-3.43956212219857,19.1125520906085));
#6090=CARTESIAN_POINT('Ctrl Pts',(6.93633568829181,-1.14692417259187,19.2236632017196));
#6091=CARTESIAN_POINT('Ctrl Pts',(6.93633568829182,-1.52902103372606E-14,
19.2792187572751));
#6092=CARTESIAN_POINT('Ctrl Pts',(7.17845901471826,0.,0.223575260653906));
#6093=CARTESIAN_POINT('Ctrl Pts',(7.17845901471826,1.18688217714625,0.279130816209462));
#6094=CARTESIAN_POINT('Ctrl Pts',(6.57842516253148,3.55966998937697,0.390241927320573));
#6095=CARTESIAN_POINT('Ctrl Pts',(4.0907611552185,6.26172998428358,0.55690859398724));
#6096=CARTESIAN_POINT('Ctrl Pts',(0.617739516205234,7.45395604624236,0.723575260653906));
#6097=CARTESIAN_POINT('Ctrl Pts',(-3.00454388019227,6.84959990377691,0.890241927320574));
#6098=CARTESIAN_POINT('Ctrl Pts',(-5.90239667987079,4.59402344659552,1.05690859398724));
#6099=CARTESIAN_POINT('Ctrl Pts',(-7.37755183924019,1.23110033490817,1.22357526065391));
#6100=CARTESIAN_POINT('Ctrl Pts',(-7.07428427625054,-2.42860998665259,1.39024192732057));
#6101=CARTESIAN_POINT('Ctrl Pts',(-5.06576579690905,-5.50288394585713,1.55690859398724));
#6102=CARTESIAN_POINT('Ctrl Pts',(-1.83612019743694,-7.25068099656858,1.7235752606539));
#6103=CARTESIAN_POINT('Ctrl Pts',(1.83612088236185,-7.25067973763585,1.89024192732057));
#6104=CARTESIAN_POINT('Ctrl Pts',(5.06576341148076,-5.50288581254962,2.05690859398724));
#6105=CARTESIAN_POINT('Ctrl Pts',(7.07428951377549,-2.42860661103764,2.22357526065391));
#6106=CARTESIAN_POINT('Ctrl Pts',(7.37754122105282,1.23109382073753,2.39024192732057));
#6107=CARTESIAN_POINT('Ctrl Pts',(5.90241780603648,4.59403624443104,2.55690859398724));
#6108=CARTESIAN_POINT('Ctrl Pts',(3.00450203177359,6.84957463995839,2.72357526065391));
#6109=CARTESIAN_POINT('Ctrl Pts',(-0.617656559740456,7.45400602052094,2.89024192732057));
#6110=CARTESIAN_POINT('Ctrl Pts',(-4.09092744505974,6.2616306027585,3.05690859398724));
#6111=CARTESIAN_POINT('Ctrl Pts',(-6.57807007750005,3.55987350443408,3.22357526065391));
#6112=CARTESIAN_POINT('Ctrl Pts',(-7.47955247570941,-9.16924729750269E-10,
3.39024192732057));
#6113=CARTESIAN_POINT('Ctrl Pts',(-6.57807007526381,-3.55987350215757,3.55690859398724));
#6114=CARTESIAN_POINT('Ctrl Pts',(-4.09092745061178,-6.26163060657665,3.7235752606539));
#6115=CARTESIAN_POINT('Ctrl Pts',(-0.617656548192333,-7.45400601331791,
3.89024192732058));
#6116=CARTESIAN_POINT('Ctrl Pts',(3.00450200865442,-6.84957465402362,4.05690859398723));
#6117=CARTESIAN_POINT('Ctrl Pts',(5.90241785188763,-4.59403621671351,4.22357526065391));
#6118=CARTESIAN_POINT('Ctrl Pts',(7.37754113033468,-1.23109387548821,4.39024192732056));
#6119=CARTESIAN_POINT('Ctrl Pts',(7.07428969315551,2.42860671925279,4.55690859398724));
#6120=CARTESIAN_POINT('Ctrl Pts',(5.06576305684176,5.5028855986283,4.72357526065391));
#6121=CARTESIAN_POINT('Ctrl Pts',(1.83612158346457,7.2506801605355,4.89024192732057));
#6122=CARTESIAN_POINT('Ctrl Pts',(-1.8361215834662,7.25068016053249,5.05690859398725));
#6123=CARTESIAN_POINT('Ctrl Pts',(-5.06576305683608,5.50288559863275,5.2235752606539));
#6124=CARTESIAN_POINT('Ctrl Pts',(-7.07428969316797,2.42860671924475,5.39024192732058));
#6125=CARTESIAN_POINT('Ctrl Pts',(-7.37754113030942,-1.23109387547271,5.55690859398724));
#6126=CARTESIAN_POINT('Ctrl Pts',(-5.90241785193787,-4.59403621674396,5.72357526065391));
#6127=CARTESIAN_POINT('Ctrl Pts',(-3.00450200855495,-6.84957465396354,5.89024192732057));
#6128=CARTESIAN_POINT('Ctrl Pts',(0.617656547995612,-7.45400601343662,6.05690859398724));
#6129=CARTESIAN_POINT('Ctrl Pts',(4.09092745100072,-6.26163060634201,6.2235752606539));
#6130=CARTESIAN_POINT('Ctrl Pts',(6.57807007449488,-3.55987350262141,6.39024192732057));
#6131=CARTESIAN_POINT('Ctrl Pts',(7.47955247722952,1.90350703026644E-15,
6.55690859398724));
#6132=CARTESIAN_POINT('Ctrl Pts',(6.57807007449489,3.55987350262138,6.7235752606539));
#6133=CARTESIAN_POINT('Ctrl Pts',(4.09092745100073,6.26163060634204,6.89024192732058));
#6134=CARTESIAN_POINT('Ctrl Pts',(0.617656547995584,7.45400601343659,7.05690859398724));
#6135=CARTESIAN_POINT('Ctrl Pts',(-3.00450200855491,6.84957465396359,7.22357526065391));
#6136=CARTESIAN_POINT('Ctrl Pts',(-5.90241785193798,4.59403621674388,7.39024192732058));
#6137=CARTESIAN_POINT('Ctrl Pts',(-7.37754113030921,1.23109387547285,7.55690859398724));
#6138=CARTESIAN_POINT('Ctrl Pts',(-7.07428969316839,-2.42860671924501,7.7235752606539));
#6139=CARTESIAN_POINT('Ctrl Pts',(-5.06576305683524,-5.50288559863223,7.89024192732057));
#6140=CARTESIAN_POINT('Ctrl Pts',(-1.83612158346787,-7.2506801605335,8.05690859398725));
#6141=CARTESIAN_POINT('Ctrl Pts',(1.83612158346786,-7.2506801605335,8.22357526065391));
#6142=CARTESIAN_POINT('Ctrl Pts',(5.06576305683522,-5.50288559863225,8.39024192732056));
#6143=CARTESIAN_POINT('Ctrl Pts',(7.07428969316839,-2.42860671924502,8.55690859398725));
#6144=CARTESIAN_POINT('Ctrl Pts',(7.37754113030921,1.23109387547283,8.72357526065391));
#6145=CARTESIAN_POINT('Ctrl Pts',(5.90241785193799,4.59403621674389,8.89024192732056));
#6146=CARTESIAN_POINT('Ctrl Pts',(3.00450200855489,6.84957465396358,9.05690859398725));
#6147=CARTESIAN_POINT('Ctrl Pts',(-0.617656547995576,7.4540060134366,9.22357526065389));
#6148=CARTESIAN_POINT('Ctrl Pts',(-4.09092745100074,6.26163060634204,9.39024192732059));
#6149=CARTESIAN_POINT('Ctrl Pts',(-6.57807007449485,3.55987350262139,9.55690859398722));
#6150=CARTESIAN_POINT('Ctrl Pts',(-7.47955247722955,8.56578163619899E-15,
9.72357526065389));
#6151=CARTESIAN_POINT('Ctrl Pts',(-6.57807007449486,-3.55987350262139,9.89024192732059));
#6152=CARTESIAN_POINT('Ctrl Pts',(-4.09092745100074,-6.26163060634204,10.0569085939872));
#6153=CARTESIAN_POINT('Ctrl Pts',(-0.617656547995565,-7.45400601343659,
10.2235752606539));
#6154=CARTESIAN_POINT('Ctrl Pts',(3.00450200855489,-6.84957465396358,10.3902419273205));
#6155=CARTESIAN_POINT('Ctrl Pts',(5.902417851938,-4.59403621674388,10.5569085939873));
#6156=CARTESIAN_POINT('Ctrl Pts',(7.37754113030919,-1.23109387547284,10.7235752606539));
#6157=CARTESIAN_POINT('Ctrl Pts',(7.07428969316841,2.42860671924501,10.8902419273206));
#6158=CARTESIAN_POINT('Ctrl Pts',(5.06576305683523,5.50288559863224,11.0569085939872));
#6159=CARTESIAN_POINT('Ctrl Pts',(1.83612158346785,7.2506801605335,11.2235752606539));
#6160=CARTESIAN_POINT('Ctrl Pts',(-1.83612158346789,7.2506801605335,11.3902419273206));
#6161=CARTESIAN_POINT('Ctrl Pts',(-5.06576305683525,5.50288559863222,11.5569085939872));
#6162=CARTESIAN_POINT('Ctrl Pts',(-7.07428969316839,2.42860671924501,11.7235752606539));
#6163=CARTESIAN_POINT('Ctrl Pts',(-7.37754113030921,-1.23109387547286,11.8902419273206));
#6164=CARTESIAN_POINT('Ctrl Pts',(-5.90241785193797,-4.59403621674389,12.0569085939872));
#6165=CARTESIAN_POINT('Ctrl Pts',(-3.00450200855489,-6.84957465396358,12.2235752606539));
#6166=CARTESIAN_POINT('Ctrl Pts',(0.617656547995569,-7.45400601343659,12.3902419273206));
#6167=CARTESIAN_POINT('Ctrl Pts',(4.09092745100073,-6.26163060634204,12.5569085939872));
#6168=CARTESIAN_POINT('Ctrl Pts',(6.57807007449487,-3.55987350262139,12.7235752606539));
#6169=CARTESIAN_POINT('Ctrl Pts',(7.47955247722954,-1.3324549211865E-14,
12.8902419273206));
#6170=CARTESIAN_POINT('Ctrl Pts',(6.57807007449488,3.55987350262137,13.0569085939872));
#6171=CARTESIAN_POINT('Ctrl Pts',(4.09092745100074,6.26163060634202,13.2235752606539));
#6172=CARTESIAN_POINT('Ctrl Pts',(0.617656547995615,7.45400601343661,13.3902419273206));
#6173=CARTESIAN_POINT('Ctrl Pts',(-3.00450200855492,6.84957465396355,13.5569085939872));
#6174=CARTESIAN_POINT('Ctrl Pts',(-5.90241785193786,4.59403621674398,13.7235752606539));
#6175=CARTESIAN_POINT('Ctrl Pts',(-7.37754113030941,1.23109387547275,13.8902419273206));
#6176=CARTESIAN_POINT('Ctrl Pts',(-7.07428969316798,-2.42860671924476,14.0569085939872));
#6177=CARTESIAN_POINT('Ctrl Pts',(-5.06576305683607,-5.50288559863275,14.2235752606539));
#6178=CARTESIAN_POINT('Ctrl Pts',(-1.83612158346618,-7.25068016053252,14.3902419273206));
#6179=CARTESIAN_POINT('Ctrl Pts',(1.83612158346459,-7.25068016053547,14.5569085939872));
#6180=CARTESIAN_POINT('Ctrl Pts',(5.06576305684175,-5.50288559862831,14.7235752606539));
#6181=CARTESIAN_POINT('Ctrl Pts',(7.07428969315552,-2.42860671925277,14.8902419273205));
#6182=CARTESIAN_POINT('Ctrl Pts',(7.37754113033466,1.23109387548822,15.0569085939873));
#6183=CARTESIAN_POINT('Ctrl Pts',(5.90241785188765,4.59403621671352,15.2235752606539));
#6184=CARTESIAN_POINT('Ctrl Pts',(3.00450200865443,6.8495746540236,15.3902419273206));
#6185=CARTESIAN_POINT('Ctrl Pts',(-0.617656548192323,7.45400601331793,15.5569085939872));
#6186=CARTESIAN_POINT('Ctrl Pts',(-4.09092745061179,6.26163060657664,15.7235752606539));
#6187=CARTESIAN_POINT('Ctrl Pts',(-6.57807007526379,3.55987350215759,15.8902419273206));
#6188=CARTESIAN_POINT('Ctrl Pts',(-7.47955247570942,9.16943764819568E-10,
16.0569085939873));
#6189=CARTESIAN_POINT('Ctrl Pts',(-6.57807007750005,-3.55987350443406,16.2235752606539));
#6190=CARTESIAN_POINT('Ctrl Pts',(-4.09092744505975,-6.26163060275851,16.3902419273206));
#6191=CARTESIAN_POINT('Ctrl Pts',(-0.617656559740477,-7.45400602052092,
16.5569085939872));
#6192=CARTESIAN_POINT('Ctrl Pts',(3.00450203177355,-6.8495746399584,16.7235752606539));
#6193=CARTESIAN_POINT('Ctrl Pts',(5.90241780603648,-4.59403624443106,16.8902419273206));
#6194=CARTESIAN_POINT('Ctrl Pts',(7.37754122105281,-1.23109382073754,17.0569085939872));
#6195=CARTESIAN_POINT('Ctrl Pts',(7.0742895137755,2.42860661103766,17.2235752606539));
#6196=CARTESIAN_POINT('Ctrl Pts',(5.06576341148073,5.50288581254963,17.3902419273206));
#6197=CARTESIAN_POINT('Ctrl Pts',(1.83612088236184,7.25067973763585,17.5569085939872));
#6198=CARTESIAN_POINT('Ctrl Pts',(-1.83612019743694,7.25068099656857,17.7235752606539));
#6199=CARTESIAN_POINT('Ctrl Pts',(-5.06576579690906,5.50288394585714,17.8902419273206));
#6200=CARTESIAN_POINT('Ctrl Pts',(-7.07428427625054,2.42860998665257,18.0569085939872));
#6201=CARTESIAN_POINT('Ctrl Pts',(-7.37755183924018,-1.23110033490816,18.2235752606539));
#6202=CARTESIAN_POINT('Ctrl Pts',(-5.9023966798708,-4.59402344659553,18.3902419273206));
#6203=CARTESIAN_POINT('Ctrl Pts',(-3.00454388019228,-6.84959990377691,18.5569085939872));
#6204=CARTESIAN_POINT('Ctrl Pts',(0.617739516205236,-7.45395604624235,18.7235752606539));
#6205=CARTESIAN_POINT('Ctrl Pts',(4.09076115521848,-6.26172998428358,18.8902419273206));
#6206=CARTESIAN_POINT('Ctrl Pts',(6.57842516253147,-3.55966998937699,19.0569085939872));
#6207=CARTESIAN_POINT('Ctrl Pts',(7.17845901471826,-1.18688217714628,19.1680197050983));
#6208=CARTESIAN_POINT('Ctrl Pts',(7.17845901471826,-1.58239383393333E-14,
19.2235752606539));
#6209=CARTESIAN_POINT('Ctrl Pts',(7.25,0.,0.0747998250854714));
#6210=CARTESIAN_POINT('Ctrl Pts',(7.25,1.19888693740805,0.130355380641027));
#6211=CARTESIAN_POINT('Ctrl Pts',(6.64400523501827,3.5950436897465,0.241466491752138));
#6212=CARTESIAN_POINT('Ctrl Pts',(4.13153363871362,6.32419665170314,0.408133158418805));
#6213=CARTESIAN_POINT('Ctrl Pts',(0.623898784244378,7.52823039593051,0.574799825085472));
#6214=CARTESIAN_POINT('Ctrl Pts',(-3.03449352879441,6.91788832023044,0.741466491752138));
#6215=CARTESIAN_POINT('Ctrl Pts',(-5.96123028747606,4.63980938994581,0.908133158418804));
#6216=CARTESIAN_POINT('Ctrl Pts',(-7.45109020656348,1.24337500245179,1.07479982508547));
#6217=CARTESIAN_POINT('Ctrl Pts',(-7.14479938580928,-2.45281960151542,1.24146649175214));
#6218=CARTESIAN_POINT('Ctrl Pts',(-5.11626051881983,-5.55773488887377,1.40813315841881));
#6219=CARTESIAN_POINT('Ctrl Pts',(-1.85442229200938,-7.32295493580211,1.57479982508547));
#6220=CARTESIAN_POINT('Ctrl Pts',(1.85442299819988,-7.32295302592999,1.74146649175214));
#6221=CARTESIAN_POINT('Ctrl Pts',(5.11625805932864,-5.55773772075197,1.9081331584188));
#6222=CARTESIAN_POINT('Ctrl Pts',(7.14480478594914,-2.45281448051474,2.07479982508547));
#6223=CARTESIAN_POINT('Ctrl Pts',(7.45107925870215,1.24336512006385,2.24146649175214));
#6224=CARTESIAN_POINT('Ctrl Pts',(5.96125206956789,4.63982880525511,2.4081331584188));
#6225=CARTESIAN_POINT('Ctrl Pts',(3.03445038106417,6.91784999039912,2.57479982508547));
#6226=CARTESIAN_POINT('Ctrl Pts',(-0.623813252143608,7.5283062475472,2.74146649175214));
#6227=CARTESIAN_POINT('Ctrl Pts',(-4.13170509152922,6.32404543553692,2.9081331584188));
#6228=CARTESIAN_POINT('Ctrl Pts',(-6.64363912529106,3.59535769949633,3.07479982508547));
#6229=CARTESIAN_POINT('Ctrl Pts',(-7.55410734169178,-1.39101917023473E-9,
3.24146649175214));
#6230=CARTESIAN_POINT('Ctrl Pts',(-6.64363912298539,-3.59535769604276,3.4081331584188));
#6231=CARTESIAN_POINT('Ctrl Pts',(-4.13170509725364,-6.32404544132925,3.57479982508547));
#6232=CARTESIAN_POINT('Ctrl Pts',(-0.623813240236941,-7.52830623661981,
3.74146649175214));
#6233=CARTESIAN_POINT('Ctrl Pts',(3.0344503572272,-6.91785001173686,3.90813315841881));
#6234=CARTESIAN_POINT('Ctrl Pts',(5.96125211684262,-4.63982876320606,4.07479982508547));
#6235=CARTESIAN_POINT('Ctrl Pts',(7.4510791651674,-1.24336520312371,4.24146649175214));
#6236=CARTESIAN_POINT('Ctrl Pts',(7.14480497089856,2.45281464468323,4.4081331584188));
#6237=CARTESIAN_POINT('Ctrl Pts',(5.1162576936788,5.55773739622125,4.57479982508548));
#6238=CARTESIAN_POINT('Ctrl Pts',(1.85442372107046,7.32295366749265,4.74146649175213));
#6239=CARTESIAN_POINT('Ctrl Pts',(-1.85442372107213,7.32295366748811,4.90813315841881));
#6240=CARTESIAN_POINT('Ctrl Pts',(-5.11625769367295,5.55773739622799,5.07479982508547));
#6241=CARTESIAN_POINT('Ctrl Pts',(-7.14480497091141,2.45281464467104,5.24146649175214));
#6242=CARTESIAN_POINT('Ctrl Pts',(-7.45107916514135,-1.24336520310022,5.40813315841879));
#6243=CARTESIAN_POINT('Ctrl Pts',(-5.96125211689442,-4.63982876325223,5.57479982508548));
#6244=CARTESIAN_POINT('Ctrl Pts',(-3.03445035712464,-6.91785001164574,5.74146649175213));
#6245=CARTESIAN_POINT('Ctrl Pts',(0.62381324003411,-7.52830623679988,5.90813315841881));
#6246=CARTESIAN_POINT('Ctrl Pts',(4.13170509765466,-6.32404544097331,6.07479982508547));
#6247=CARTESIAN_POINT('Ctrl Pts',(6.64363912219258,-3.5953576967464,6.24146649175214));
#6248=CARTESIAN_POINT('Ctrl Pts',(7.5541073432591,1.90350703026644E-15,
6.4081331584188));
#6249=CARTESIAN_POINT('Ctrl Pts',(6.64363912219259,3.59535769674638,6.57479982508548));
#6250=CARTESIAN_POINT('Ctrl Pts',(4.13170509765467,6.32404544097334,6.74146649175213));
#6251=CARTESIAN_POINT('Ctrl Pts',(0.623813240034076,7.52830623679984,6.9081331584188));
#6252=CARTESIAN_POINT('Ctrl Pts',(-3.0344503571246,6.9178500116458,7.07479982508548));
#6253=CARTESIAN_POINT('Ctrl Pts',(-5.96125211689454,4.63982876325211,7.24146649175213));
#6254=CARTESIAN_POINT('Ctrl Pts',(-7.45107916514113,1.24336520310042,7.40813315841881));
#6255=CARTESIAN_POINT('Ctrl Pts',(-7.14480497091184,-2.45281464467144,7.57479982508546));
#6256=CARTESIAN_POINT('Ctrl Pts',(-5.11625769367209,-5.55773739622721,7.74146649175214));
#6257=CARTESIAN_POINT('Ctrl Pts',(-1.85442372107386,-7.32295366748963,7.9081331584188));
#6258=CARTESIAN_POINT('Ctrl Pts',(1.85442372107385,-7.32295366748964,8.07479982508548));
#6259=CARTESIAN_POINT('Ctrl Pts',(5.11625769367207,-5.55773739622722,8.24146649175212));
#6260=CARTESIAN_POINT('Ctrl Pts',(7.14480497091185,-2.45281464467145,8.40813315841881));
#6261=CARTESIAN_POINT('Ctrl Pts',(7.45107916514113,1.24336520310041,8.57479982508547));
#6262=CARTESIAN_POINT('Ctrl Pts',(5.96125211689454,4.63982876325212,8.74146649175213));
#6263=CARTESIAN_POINT('Ctrl Pts',(3.03445035712458,6.91785001164579,8.90813315841881));
#6264=CARTESIAN_POINT('Ctrl Pts',(-0.623813240034075,7.52830623679984,9.07479982508546));
#6265=CARTESIAN_POINT('Ctrl Pts',(-4.13170509765467,6.32404544097334,9.24146649175214));
#6266=CARTESIAN_POINT('Ctrl Pts',(-6.64363912219257,3.59535769674639,9.4081331584188));
#6267=CARTESIAN_POINT('Ctrl Pts',(-7.55410734325912,8.24853046448791E-15,
9.57479982508547));
#6268=CARTESIAN_POINT('Ctrl Pts',(-6.64363912219257,-3.59535769674639,9.74146649175214));
#6269=CARTESIAN_POINT('Ctrl Pts',(-4.13170509765467,-6.32404544097334,9.90813315841879));
#6270=CARTESIAN_POINT('Ctrl Pts',(-0.623813240034065,-7.52830623679984,
10.0747998250855));
#6271=CARTESIAN_POINT('Ctrl Pts',(3.03445035712459,-6.91785001164579,10.2414664917521));
#6272=CARTESIAN_POINT('Ctrl Pts',(5.96125211689455,-4.63982876325212,10.4081331584188));
#6273=CARTESIAN_POINT('Ctrl Pts',(7.45107916514112,-1.24336520310041,10.5747998250855));
#6274=CARTESIAN_POINT('Ctrl Pts',(7.14480497091186,2.45281464467143,10.7414664917521));
#6275=CARTESIAN_POINT('Ctrl Pts',(5.11625769367207,5.55773739622722,10.9081331584188));
#6276=CARTESIAN_POINT('Ctrl Pts',(1.85442372107384,7.32295366748965,11.0747998250855));
#6277=CARTESIAN_POINT('Ctrl Pts',(-1.85442372107387,7.32295366748961,11.2414664917521));
#6278=CARTESIAN_POINT('Ctrl Pts',(-5.11625769367209,5.55773739622721,11.4081331584188));
#6279=CARTESIAN_POINT('Ctrl Pts',(-7.14480497091184,2.45281464467143,11.5747998250855));
#6280=CARTESIAN_POINT('Ctrl Pts',(-7.45107916514114,-1.24336520310042,11.7414664917521));
#6281=CARTESIAN_POINT('Ctrl Pts',(-5.96125211689452,-4.63982876325214,11.9081331584188));
#6282=CARTESIAN_POINT('Ctrl Pts',(-3.03445035712458,-6.91785001164578,12.0747998250855));
#6283=CARTESIAN_POINT('Ctrl Pts',(0.623813240034066,-7.52830623679985,12.2414664917521));
#6284=CARTESIAN_POINT('Ctrl Pts',(4.13170509765466,-6.32404544097334,12.4081331584188));
#6285=CARTESIAN_POINT('Ctrl Pts',(6.64363912219258,-3.59535769674639,12.5747998250855));
#6286=CARTESIAN_POINT('Ctrl Pts',(7.5541073432591,-1.23727956967318E-14,
12.7414664917521));
#6287=CARTESIAN_POINT('Ctrl Pts',(6.6436391221926,3.59535769674637,12.9081331584188));
#6288=CARTESIAN_POINT('Ctrl Pts',(4.13170509765467,6.32404544097332,13.0747998250855));
#6289=CARTESIAN_POINT('Ctrl Pts',(0.623813240034114,7.52830623679987,13.2414664917522));
#6290=CARTESIAN_POINT('Ctrl Pts',(-3.03445035712462,6.91785001164575,13.4081331584188));
#6291=CARTESIAN_POINT('Ctrl Pts',(-5.9612521168944,4.63982876325225,13.5747998250855));
#6292=CARTESIAN_POINT('Ctrl Pts',(-7.45107916514135,1.24336520310025,13.7414664917521));
#6293=CARTESIAN_POINT('Ctrl Pts',(-7.14480497091141,-2.45281464467104,13.9081331584188));
#6294=CARTESIAN_POINT('Ctrl Pts',(-5.11625769367294,-5.557737396228,14.0747998250855));
#6295=CARTESIAN_POINT('Ctrl Pts',(-1.85442372107211,-7.32295366748811,14.2414664917521));
#6296=CARTESIAN_POINT('Ctrl Pts',(1.85442372107046,-7.32295366749264,14.4081331584188));
#6297=CARTESIAN_POINT('Ctrl Pts',(5.1162576936788,-5.55773739622125,14.5747998250855));
#6298=CARTESIAN_POINT('Ctrl Pts',(7.14480497089856,-2.45281464468322,14.7414664917521));
#6299=CARTESIAN_POINT('Ctrl Pts',(7.45107916516739,1.24336520312373,14.9081331584188));
#6300=CARTESIAN_POINT('Ctrl Pts',(5.96125211684262,4.63982876320605,15.0747998250855));
#6301=CARTESIAN_POINT('Ctrl Pts',(3.03445035722721,6.91785001173686,15.2414664917521));
#6302=CARTESIAN_POINT('Ctrl Pts',(-0.62381324023693,7.52830623661981,15.4081331584188));
#6303=CARTESIAN_POINT('Ctrl Pts',(-4.13170509725364,6.32404544132926,15.5747998250855));
#6304=CARTESIAN_POINT('Ctrl Pts',(-6.64363912298537,3.59535769604277,15.7414664917521));
#6305=CARTESIAN_POINT('Ctrl Pts',(-7.55410734169179,1.39104550208046E-9,
15.9081331584188));
#6306=CARTESIAN_POINT('Ctrl Pts',(-6.64363912529107,-3.59535769949632,16.0747998250855));
#6307=CARTESIAN_POINT('Ctrl Pts',(-4.13170509152923,-6.32404543553692,16.2414664917521));
#6308=CARTESIAN_POINT('Ctrl Pts',(-0.623813252143629,-7.52830624754719,
16.4081331584188));
#6309=CARTESIAN_POINT('Ctrl Pts',(3.03445038106413,-6.91784999039914,16.5747998250854));
#6310=CARTESIAN_POINT('Ctrl Pts',(5.96125206956788,-4.63982880525513,16.7414664917521));
#6311=CARTESIAN_POINT('Ctrl Pts',(7.45107925870215,-1.24336512006385,16.9081331584188));
#6312=CARTESIAN_POINT('Ctrl Pts',(7.14480478594914,2.45281448051475,17.0747998250855));
#6313=CARTESIAN_POINT('Ctrl Pts',(5.11625805932863,5.55773772075198,17.2414664917521));
#6314=CARTESIAN_POINT('Ctrl Pts',(1.85442299819986,7.32295302592998,17.4081331584188));
#6315=CARTESIAN_POINT('Ctrl Pts',(-1.85442229200938,7.32295493580212,17.5747998250855));
#6316=CARTESIAN_POINT('Ctrl Pts',(-5.11626051881983,5.55773488887376,17.7414664917521));
#6317=CARTESIAN_POINT('Ctrl Pts',(-7.14479938580929,2.45281960151541,17.9081331584188));
#6318=CARTESIAN_POINT('Ctrl Pts',(-7.45109020656348,-1.24337500245179,18.0747998250855));
#6319=CARTESIAN_POINT('Ctrl Pts',(-5.96123028747607,-4.6398093899458,18.2414664917521));
#6320=CARTESIAN_POINT('Ctrl Pts',(-3.03449352879442,-6.91788832023043,18.4081331584188));
#6321=CARTESIAN_POINT('Ctrl Pts',(0.623898784244382,-7.52823039593052,18.5747998250855));
#6322=CARTESIAN_POINT('Ctrl Pts',(4.1315336387136,-6.32419665170313,18.7414664917521));
#6323=CARTESIAN_POINT('Ctrl Pts',(6.64400523501827,-3.59504368974653,18.9081331584188));
#6324=CARTESIAN_POINT('Ctrl Pts',(7.25,-1.19888693740807,19.0192442695299));
#6325=CARTESIAN_POINT('Ctrl Pts',(7.25,-1.5981640728873E-14,19.0747998250855));
#6326=CARTESIAN_POINT('Ctrl Pts',(7.25,0.,3.06161699786839E-17));
#6327=CARTESIAN_POINT('Ctrl Pts',(7.25,1.19876561781716,0.0555555555555556));
#6328=CARTESIAN_POINT('Ctrl Pts',(6.64399211051937,3.5951140516284,0.166666666666667));
#6329=CARTESIAN_POINT('Ctrl Pts',(4.13153109541789,6.32415406099314,0.333333333333333));
#6330=CARTESIAN_POINT('Ctrl Pts',(0.623896831603136,7.52823883436066,0.5));
#6331=CARTESIAN_POINT('Ctrl Pts',(-3.03448928050699,6.91787120327786,0.666666666666667));
#6332=CARTESIAN_POINT('Ctrl Pts',(-5.96122344282756,4.63980828182452,0.833333333333333));
#6333=CARTESIAN_POINT('Ctrl Pts',(-7.45108111177989,1.24337125562304,1.));
#6334=CARTESIAN_POINT('Ctrl Pts',(-7.14479089253074,-2.45281551806874,1.16666666666667));
#6335=CARTESIAN_POINT('Ctrl Pts',(-5.11625434087536,-5.55772879805137,1.33333333333333));
#6336=CARTESIAN_POINT('Ctrl Pts',(-1.85442008730215,-7.32294585829453,1.5));
#6337=CARTESIAN_POINT('Ctrl Pts',(1.85442078355142,-7.32294438793735,1.66666666666667));
#6338=CARTESIAN_POINT('Ctrl Pts',(5.11625191600708,-5.5577309782352,1.83333333333333));
#6339=CARTESIAN_POINT('Ctrl Pts',(7.14479621665142,-2.45281157555428,2.));
#6340=CARTESIAN_POINT('Ctrl Pts',(7.45107031803447,1.2433636474591,2.16666666666667));
#6341=CARTESIAN_POINT('Ctrl Pts',(5.9612449182872,4.63982322900532,2.33333333333333));
#6342=CARTESIAN_POINT('Ctrl Pts',(3.03444674017859,6.91784169567381,2.5));
#6343=CARTESIAN_POINT('Ctrl Pts',(-0.623812503560037,7.528297213071,2.66666666666667));
#6344=CARTESIAN_POINT('Ctrl Pts',(-4.13170013464752,6.32403784958376,2.83333333333334));
#6345=CARTESIAN_POINT('Ctrl Pts',(-6.64363115461418,3.59535338537248,3.));
#6346=CARTESIAN_POINT('Ctrl Pts',(-7.55409827875632,-1.07090671020564E-9,
3.16666666666667));
#6347=CARTESIAN_POINT('Ctrl Pts',(-6.64363115234097,-3.59535338271367,3.33333333333333));
#6348=CARTESIAN_POINT('Ctrl Pts',(-4.13170014029136,-6.32403785404311,3.5));
#6349=CARTESIAN_POINT('Ctrl Pts',(-0.62381249182098,-7.52829720465831,3.66666666666666));
#6350=CARTESIAN_POINT('Ctrl Pts',(3.03444671667718,-6.91784171210114,3.83333333333334));
#6351=CARTESIAN_POINT('Ctrl Pts',(5.96124496489644,-4.63982319663293,4.));
#6352=CARTESIAN_POINT('Ctrl Pts',(7.45107022581642,-1.24336371140457,4.16666666666667));
#6353=CARTESIAN_POINT('Ctrl Pts',(7.14479639899725,2.45281170194302,4.33333333333333));
#6354=CARTESIAN_POINT('Ctrl Pts',(5.11625155550459,5.55773072838807,4.50000000000001));
#6355=CARTESIAN_POINT('Ctrl Pts',(1.85442149624596,7.32294488185852,4.66666666666666));
#6356=CARTESIAN_POINT('Ctrl Pts',(-1.85442149624761,7.32294488185502,4.83333333333334));
#6357=CARTESIAN_POINT('Ctrl Pts',(-5.11625155549882,5.55773072839325,4.99999999999999));
#6358=CARTESIAN_POINT('Ctrl Pts',(-7.14479639900993,2.45281170193364,5.16666666666668));
#6359=CARTESIAN_POINT('Ctrl Pts',(-7.45107022579075,-1.24336371138649,5.33333333333332));
#6360=CARTESIAN_POINT('Ctrl Pts',(-5.9612449649475,-4.63982319666847,5.50000000000001));
#6361=CARTESIAN_POINT('Ctrl Pts',(-3.03444671657606,-6.91784171203099,5.66666666666666));
#6362=CARTESIAN_POINT('Ctrl Pts',(0.62381249162101,-7.52829720479693,5.83333333333334));
#6363=CARTESIAN_POINT('Ctrl Pts',(4.13170014068673,-6.32403785376909,5.99999999999999));
#6364=CARTESIAN_POINT('Ctrl Pts',(6.64363115155933,-3.59535338325539,6.16666666666667));
#6365=CARTESIAN_POINT('Ctrl Pts',(7.55409828030158,-1.58625585855536E-15,
6.33333333333333));
#6366=CARTESIAN_POINT('Ctrl Pts',(6.64363115155933,3.59535338325537,6.5));
#6367=CARTESIAN_POINT('Ctrl Pts',(4.13170014068674,6.3240378537691,6.66666666666667));
#6368=CARTESIAN_POINT('Ctrl Pts',(0.623812491620976,7.52829720479691,6.83333333333332));
#6369=CARTESIAN_POINT('Ctrl Pts',(-3.03444671657602,6.91784171203103,7.00000000000001));
#6370=CARTESIAN_POINT('Ctrl Pts',(-5.96124496494761,4.63982319666838,7.16666666666666));
#6371=CARTESIAN_POINT('Ctrl Pts',(-7.45107022579054,1.24336371138663,7.33333333333334));
#6372=CARTESIAN_POINT('Ctrl Pts',(-7.14479639901034,-2.45281170193394,7.49999999999999));
#6373=CARTESIAN_POINT('Ctrl Pts',(-5.11625155549797,-5.55773072839266,7.66666666666667));
#6374=CARTESIAN_POINT('Ctrl Pts',(-1.85442149624931,-7.32294488185619,7.83333333333333));
#6375=CARTESIAN_POINT('Ctrl Pts',(1.8544214962493,-7.3229448818562,8.));
#6376=CARTESIAN_POINT('Ctrl Pts',(5.11625155549795,-5.55773072839266,8.16666666666666));
#6377=CARTESIAN_POINT('Ctrl Pts',(7.14479639901036,-2.45281170193395,8.33333333333334));
#6378=CARTESIAN_POINT('Ctrl Pts',(7.45107022579053,1.24336371138663,8.5));
#6379=CARTESIAN_POINT('Ctrl Pts',(5.96124496494762,4.63982319666839,8.66666666666667));
#6380=CARTESIAN_POINT('Ctrl Pts',(3.03444671657601,6.91784171203103,8.83333333333333));
#6381=CARTESIAN_POINT('Ctrl Pts',(-0.623812491620979,7.52829720479691,9.));
#6382=CARTESIAN_POINT('Ctrl Pts',(-4.13170014068674,6.32403785376911,9.16666666666666));
#6383=CARTESIAN_POINT('Ctrl Pts',(-6.64363115155932,3.59535338325538,9.33333333333333));
#6384=CARTESIAN_POINT('Ctrl Pts',(-7.55409828030158,1.04692886664654E-14,
9.5));
#6385=CARTESIAN_POINT('Ctrl Pts',(-6.64363115155933,-3.59535338325538,9.66666666666666));
#6386=CARTESIAN_POINT('Ctrl Pts',(-4.13170014068674,-6.3240378537691,9.83333333333333));
#6387=CARTESIAN_POINT('Ctrl Pts',(-0.623812491620966,-7.52829720479692,
10.));
#6388=CARTESIAN_POINT('Ctrl Pts',(3.03444671657601,-6.91784171203102,10.1666666666667));
#6389=CARTESIAN_POINT('Ctrl Pts',(5.96124496494762,-4.63982319666839,10.3333333333333));
#6390=CARTESIAN_POINT('Ctrl Pts',(7.45107022579053,-1.24336371138663,10.5));
#6391=CARTESIAN_POINT('Ctrl Pts',(7.14479639901036,2.45281170193394,10.6666666666667));
#6392=CARTESIAN_POINT('Ctrl Pts',(5.11625155549796,5.55773072839266,10.8333333333333));
#6393=CARTESIAN_POINT('Ctrl Pts',(1.85442149624929,7.3229448818562,11.));
#6394=CARTESIAN_POINT('Ctrl Pts',(-1.85442149624933,7.32294488185619,11.1666666666667));
#6395=CARTESIAN_POINT('Ctrl Pts',(-5.11625155549797,5.55773072839265,11.3333333333333));
#6396=CARTESIAN_POINT('Ctrl Pts',(-7.14479639901035,2.45281170193394,11.5));
#6397=CARTESIAN_POINT('Ctrl Pts',(-7.45107022579054,-1.24336371138664,11.6666666666667));
#6398=CARTESIAN_POINT('Ctrl Pts',(-5.9612449649476,-4.6398231966684,11.8333333333333));
#6399=CARTESIAN_POINT('Ctrl Pts',(-3.03444671657601,-6.91784171203103,12.));
#6400=CARTESIAN_POINT('Ctrl Pts',(0.623812491620966,-7.52829720479691,12.1666666666667));
#6401=CARTESIAN_POINT('Ctrl Pts',(4.13170014068674,-6.32403785376911,12.3333333333333));
#6402=CARTESIAN_POINT('Ctrl Pts',(6.64363115155933,-3.59535338325538,12.5));
#6403=CARTESIAN_POINT('Ctrl Pts',(7.55409828030157,-1.45935538987093E-14,
12.6666666666667));
#6404=CARTESIAN_POINT('Ctrl Pts',(6.64363115155935,3.59535338325536,12.8333333333333));
#6405=CARTESIAN_POINT('Ctrl Pts',(4.13170014068675,6.32403785376908,13.));
#6406=CARTESIAN_POINT('Ctrl Pts',(0.623812491621014,7.52829720479693,13.1666666666667));
#6407=CARTESIAN_POINT('Ctrl Pts',(-3.03444671657604,6.917841712031,13.3333333333333));
#6408=CARTESIAN_POINT('Ctrl Pts',(-5.96124496494748,4.6398231966685,13.5));
#6409=CARTESIAN_POINT('Ctrl Pts',(-7.45107022579075,1.24336371138651,13.6666666666667));
#6410=CARTESIAN_POINT('Ctrl Pts',(-7.14479639900993,-2.45281170193363,13.8333333333333));
#6411=CARTESIAN_POINT('Ctrl Pts',(-5.11625155549881,-5.55773072839328,14.));
#6412=CARTESIAN_POINT('Ctrl Pts',(-1.85442149624759,-7.32294488185502,14.1666666666667));
#6413=CARTESIAN_POINT('Ctrl Pts',(1.85442149624597,-7.32294488185851,14.3333333333333));
#6414=CARTESIAN_POINT('Ctrl Pts',(5.11625155550459,-5.55773072838807,14.5));
#6415=CARTESIAN_POINT('Ctrl Pts',(7.14479639899726,-2.45281170194301,14.6666666666667));
#6416=CARTESIAN_POINT('Ctrl Pts',(7.45107022581642,1.24336371140459,14.8333333333333));
#6417=CARTESIAN_POINT('Ctrl Pts',(5.96124496489643,4.63982319663292,15.));
#6418=CARTESIAN_POINT('Ctrl Pts',(3.03444671667719,6.91784171210114,15.1666666666667));
#6419=CARTESIAN_POINT('Ctrl Pts',(-0.623812491820975,7.5282972046583,15.3333333333333));
#6420=CARTESIAN_POINT('Ctrl Pts',(-4.13170014029135,6.32403785404312,15.5));
#6421=CARTESIAN_POINT('Ctrl Pts',(-6.64363115234097,3.59535338271368,15.6666666666667));
#6422=CARTESIAN_POINT('Ctrl Pts',(-7.55409827875632,1.07093621456344E-9,
15.8333333333333));
#6423=CARTESIAN_POINT('Ctrl Pts',(-6.6436311546142,-3.59535338537247,16.));
#6424=CARTESIAN_POINT('Ctrl Pts',(-4.13170013464753,-6.32403784958375,16.1666666666667));
#6425=CARTESIAN_POINT('Ctrl Pts',(-0.62381250356006,-7.52829721307099,16.3333333333333));
#6426=CARTESIAN_POINT('Ctrl Pts',(3.03444674017855,-6.91784169567383,16.5));
#6427=CARTESIAN_POINT('Ctrl Pts',(5.96124491828718,-4.63982322900534,16.6666666666667));
#6428=CARTESIAN_POINT('Ctrl Pts',(7.45107031803448,-1.2433636474591,16.8333333333333));
#6429=CARTESIAN_POINT('Ctrl Pts',(7.14479621665141,2.45281157555429,17.));
#6430=CARTESIAN_POINT('Ctrl Pts',(5.11625191600707,5.55773097823522,17.1666666666667));
#6431=CARTESIAN_POINT('Ctrl Pts',(1.8544207835514,7.32294438793734,17.3333333333333));
#6432=CARTESIAN_POINT('Ctrl Pts',(-1.85442008730215,7.32294585829453,17.5));
#6433=CARTESIAN_POINT('Ctrl Pts',(-5.11625434087537,5.55772879805136,17.6666666666667));
#6434=CARTESIAN_POINT('Ctrl Pts',(-7.14479089253074,2.45281551806873,17.8333333333333));
#6435=CARTESIAN_POINT('Ctrl Pts',(-7.45108111177989,-1.24337125562304,18.));
#6436=CARTESIAN_POINT('Ctrl Pts',(-5.96122344282756,-4.63980828182451,18.1666666666667));
#6437=CARTESIAN_POINT('Ctrl Pts',(-3.034489280507,-6.91787120327788,18.3333333333333));
#6438=CARTESIAN_POINT('Ctrl Pts',(0.623896831603139,-7.52823883436065,18.5));
#6439=CARTESIAN_POINT('Ctrl Pts',(4.13153109541787,-6.32415406099315,18.6666666666667));
#6440=CARTESIAN_POINT('Ctrl Pts',(6.64399211051936,-3.59511405162841,18.8333333333333));
#6441=CARTESIAN_POINT('Ctrl Pts',(7.25,-1.19876561781718,18.9444444444444));
#6442=CARTESIAN_POINT('Ctrl Pts',(7.25,-1.5981640728873E-14,19.));
#6443=CARTESIAN_POINT('Ctrl Pts',(7.25,0.,3.06161699786839E-17));
#6444=CARTESIAN_POINT('Ctrl Pts',(7.25,1.19876561781716,0.0555555555555556));
#6445=CARTESIAN_POINT('Ctrl Pts',(6.64399211051937,3.5951140516284,0.166666666666667));
#6446=CARTESIAN_POINT('Ctrl Pts',(4.13153109541789,6.32415406099314,0.333333333333333));
#6447=CARTESIAN_POINT('Ctrl Pts',(0.623896831603136,7.52823883436066,0.5));
#6448=CARTESIAN_POINT('Ctrl Pts',(-3.03448928050699,6.91787120327786,0.666666666666667));
#6449=CARTESIAN_POINT('Ctrl Pts',(-5.96122344282756,4.63980828182452,0.833333333333333));
#6450=CARTESIAN_POINT('Ctrl Pts',(-7.45108111177989,1.24337125562304,1.));
#6451=CARTESIAN_POINT('Ctrl Pts',(-7.14479089253074,-2.45281551806874,1.16666666666667));
#6452=CARTESIAN_POINT('Ctrl Pts',(-5.11625434087536,-5.55772879805137,1.33333333333333));
#6453=CARTESIAN_POINT('Ctrl Pts',(-1.85442008730215,-7.32294585829453,1.5));
#6454=CARTESIAN_POINT('Ctrl Pts',(1.85442078355142,-7.32294438793735,1.66666666666667));
#6455=CARTESIAN_POINT('Ctrl Pts',(5.11625191600708,-5.5577309782352,1.83333333333333));
#6456=CARTESIAN_POINT('Ctrl Pts',(7.14479621665142,-2.45281157555428,2.));
#6457=CARTESIAN_POINT('Ctrl Pts',(7.45107031803447,1.2433636474591,2.16666666666667));
#6458=CARTESIAN_POINT('Ctrl Pts',(5.9612449182872,4.63982322900532,2.33333333333333));
#6459=CARTESIAN_POINT('Ctrl Pts',(3.03444674017859,6.91784169567381,2.5));
#6460=CARTESIAN_POINT('Ctrl Pts',(-0.623812503560037,7.528297213071,2.66666666666667));
#6461=CARTESIAN_POINT('Ctrl Pts',(-4.13170013464752,6.32403784958376,2.83333333333334));
#6462=CARTESIAN_POINT('Ctrl Pts',(-6.64363115461418,3.59535338537248,3.));
#6463=CARTESIAN_POINT('Ctrl Pts',(-7.55409827875632,-1.07090671020564E-9,
3.16666666666667));
#6464=CARTESIAN_POINT('Ctrl Pts',(-6.64363115234097,-3.59535338271367,3.33333333333333));
#6465=CARTESIAN_POINT('Ctrl Pts',(-4.13170014029136,-6.32403785404311,3.5));
#6466=CARTESIAN_POINT('Ctrl Pts',(-0.62381249182098,-7.52829720465831,3.66666666666666));
#6467=CARTESIAN_POINT('Ctrl Pts',(3.03444671667718,-6.91784171210114,3.83333333333334));
#6468=CARTESIAN_POINT('Ctrl Pts',(5.96124496489644,-4.63982319663293,4.));
#6469=CARTESIAN_POINT('Ctrl Pts',(7.45107022581642,-1.24336371140457,4.16666666666667));
#6470=CARTESIAN_POINT('Ctrl Pts',(7.14479639899725,2.45281170194302,4.33333333333333));
#6471=CARTESIAN_POINT('Ctrl Pts',(5.11625155550459,5.55773072838807,4.50000000000001));
#6472=CARTESIAN_POINT('Ctrl Pts',(1.85442149624596,7.32294488185852,4.66666666666666));
#6473=CARTESIAN_POINT('Ctrl Pts',(-1.85442149624761,7.32294488185502,4.83333333333334));
#6474=CARTESIAN_POINT('Ctrl Pts',(-5.11625155549882,5.55773072839325,4.99999999999999));
#6475=CARTESIAN_POINT('Ctrl Pts',(-7.14479639900993,2.45281170193364,5.16666666666668));
#6476=CARTESIAN_POINT('Ctrl Pts',(-7.45107022579075,-1.24336371138649,5.33333333333332));
#6477=CARTESIAN_POINT('Ctrl Pts',(-5.9612449649475,-4.63982319666847,5.50000000000001));
#6478=CARTESIAN_POINT('Ctrl Pts',(-3.03444671657606,-6.91784171203099,5.66666666666666));
#6479=CARTESIAN_POINT('Ctrl Pts',(0.62381249162101,-7.52829720479693,5.83333333333334));
#6480=CARTESIAN_POINT('Ctrl Pts',(4.13170014068673,-6.32403785376909,5.99999999999999));
#6481=CARTESIAN_POINT('Ctrl Pts',(6.64363115155933,-3.59535338325539,6.16666666666667));
#6482=CARTESIAN_POINT('Ctrl Pts',(7.55409828030158,-1.58625585855536E-15,
6.33333333333333));
#6483=CARTESIAN_POINT('Ctrl Pts',(6.64363115155933,3.59535338325537,6.5));
#6484=CARTESIAN_POINT('Ctrl Pts',(4.13170014068674,6.3240378537691,6.66666666666667));
#6485=CARTESIAN_POINT('Ctrl Pts',(0.623812491620976,7.52829720479691,6.83333333333332));
#6486=CARTESIAN_POINT('Ctrl Pts',(-3.03444671657602,6.91784171203103,7.00000000000001));
#6487=CARTESIAN_POINT('Ctrl Pts',(-5.96124496494761,4.63982319666838,7.16666666666666));
#6488=CARTESIAN_POINT('Ctrl Pts',(-7.45107022579054,1.24336371138663,7.33333333333334));
#6489=CARTESIAN_POINT('Ctrl Pts',(-7.14479639901034,-2.45281170193394,7.49999999999999));
#6490=CARTESIAN_POINT('Ctrl Pts',(-5.11625155549797,-5.55773072839266,7.66666666666667));
#6491=CARTESIAN_POINT('Ctrl Pts',(-1.85442149624931,-7.32294488185619,7.83333333333333));
#6492=CARTESIAN_POINT('Ctrl Pts',(1.8544214962493,-7.3229448818562,8.));
#6493=CARTESIAN_POINT('Ctrl Pts',(5.11625155549795,-5.55773072839266,8.16666666666666));
#6494=CARTESIAN_POINT('Ctrl Pts',(7.14479639901036,-2.45281170193395,8.33333333333334));
#6495=CARTESIAN_POINT('Ctrl Pts',(7.45107022579053,1.24336371138663,8.5));
#6496=CARTESIAN_POINT('Ctrl Pts',(5.96124496494762,4.63982319666839,8.66666666666667));
#6497=CARTESIAN_POINT('Ctrl Pts',(3.03444671657601,6.91784171203103,8.83333333333333));
#6498=CARTESIAN_POINT('Ctrl Pts',(-0.623812491620979,7.52829720479691,9.));
#6499=CARTESIAN_POINT('Ctrl Pts',(-4.13170014068674,6.32403785376911,9.16666666666666));
#6500=CARTESIAN_POINT('Ctrl Pts',(-6.64363115155932,3.59535338325538,9.33333333333333));
#6501=CARTESIAN_POINT('Ctrl Pts',(-7.55409828030158,1.04692886664654E-14,
9.5));
#6502=CARTESIAN_POINT('Ctrl Pts',(-6.64363115155933,-3.59535338325538,9.66666666666666));
#6503=CARTESIAN_POINT('Ctrl Pts',(-4.13170014068674,-6.3240378537691,9.83333333333333));
#6504=CARTESIAN_POINT('Ctrl Pts',(-0.623812491620966,-7.52829720479692,
10.));
#6505=CARTESIAN_POINT('Ctrl Pts',(3.03444671657601,-6.91784171203102,10.1666666666667));
#6506=CARTESIAN_POINT('Ctrl Pts',(5.96124496494762,-4.63982319666839,10.3333333333333));
#6507=CARTESIAN_POINT('Ctrl Pts',(7.45107022579053,-1.24336371138663,10.5));
#6508=CARTESIAN_POINT('Ctrl Pts',(7.14479639901036,2.45281170193394,10.6666666666667));
#6509=CARTESIAN_POINT('Ctrl Pts',(5.11625155549796,5.55773072839266,10.8333333333333));
#6510=CARTESIAN_POINT('Ctrl Pts',(1.85442149624929,7.3229448818562,11.));
#6511=CARTESIAN_POINT('Ctrl Pts',(-1.85442149624933,7.32294488185619,11.1666666666667));
#6512=CARTESIAN_POINT('Ctrl Pts',(-5.11625155549797,5.55773072839265,11.3333333333333));
#6513=CARTESIAN_POINT('Ctrl Pts',(-7.14479639901035,2.45281170193394,11.5));
#6514=CARTESIAN_POINT('Ctrl Pts',(-7.45107022579054,-1.24336371138664,11.6666666666667));
#6515=CARTESIAN_POINT('Ctrl Pts',(-5.9612449649476,-4.6398231966684,11.8333333333333));
#6516=CARTESIAN_POINT('Ctrl Pts',(-3.03444671657601,-6.91784171203103,12.));
#6517=CARTESIAN_POINT('Ctrl Pts',(0.623812491620966,-7.52829720479691,12.1666666666667));
#6518=CARTESIAN_POINT('Ctrl Pts',(4.13170014068674,-6.32403785376911,12.3333333333333));
#6519=CARTESIAN_POINT('Ctrl Pts',(6.64363115155933,-3.59535338325538,12.5));
#6520=CARTESIAN_POINT('Ctrl Pts',(7.55409828030157,-1.45935538987093E-14,
12.6666666666667));
#6521=CARTESIAN_POINT('Ctrl Pts',(6.64363115155935,3.59535338325536,12.8333333333333));
#6522=CARTESIAN_POINT('Ctrl Pts',(4.13170014068675,6.32403785376908,13.));
#6523=CARTESIAN_POINT('Ctrl Pts',(0.623812491621014,7.52829720479693,13.1666666666667));
#6524=CARTESIAN_POINT('Ctrl Pts',(-3.03444671657604,6.917841712031,13.3333333333333));
#6525=CARTESIAN_POINT('Ctrl Pts',(-5.96124496494748,4.6398231966685,13.5));
#6526=CARTESIAN_POINT('Ctrl Pts',(-7.45107022579075,1.24336371138651,13.6666666666667));
#6527=CARTESIAN_POINT('Ctrl Pts',(-7.14479639900993,-2.45281170193363,13.8333333333333));
#6528=CARTESIAN_POINT('Ctrl Pts',(-5.11625155549881,-5.55773072839328,14.));
#6529=CARTESIAN_POINT('Ctrl Pts',(-1.85442149624759,-7.32294488185502,14.1666666666667));
#6530=CARTESIAN_POINT('Ctrl Pts',(1.85442149624597,-7.32294488185851,14.3333333333333));
#6531=CARTESIAN_POINT('Ctrl Pts',(5.11625155550459,-5.55773072838807,14.5));
#6532=CARTESIAN_POINT('Ctrl Pts',(7.14479639899726,-2.45281170194301,14.6666666666667));
#6533=CARTESIAN_POINT('Ctrl Pts',(7.45107022581642,1.24336371140459,14.8333333333333));
#6534=CARTESIAN_POINT('Ctrl Pts',(5.96124496489643,4.63982319663292,15.));
#6535=CARTESIAN_POINT('Ctrl Pts',(3.03444671667719,6.91784171210114,15.1666666666667));
#6536=CARTESIAN_POINT('Ctrl Pts',(-0.623812491820975,7.5282972046583,15.3333333333333));
#6537=CARTESIAN_POINT('Ctrl Pts',(-4.13170014029135,6.32403785404312,15.5));
#6538=CARTESIAN_POINT('Ctrl Pts',(-6.64363115234097,3.59535338271368,15.6666666666667));
#6539=CARTESIAN_POINT('Ctrl Pts',(-7.55409827875632,1.07093621456344E-9,
15.8333333333333));
#6540=CARTESIAN_POINT('Ctrl Pts',(-6.6436311546142,-3.59535338537247,16.));
#6541=CARTESIAN_POINT('Ctrl Pts',(-4.13170013464753,-6.32403784958375,16.1666666666667));
#6542=CARTESIAN_POINT('Ctrl Pts',(-0.62381250356006,-7.52829721307099,16.3333333333333));
#6543=CARTESIAN_POINT('Ctrl Pts',(3.03444674017855,-6.91784169567383,16.5));
#6544=CARTESIAN_POINT('Ctrl Pts',(5.96124491828718,-4.63982322900534,16.6666666666667));
#6545=CARTESIAN_POINT('Ctrl Pts',(7.45107031803448,-1.2433636474591,16.8333333333333));
#6546=CARTESIAN_POINT('Ctrl Pts',(7.14479621665141,2.45281157555429,17.));
#6547=CARTESIAN_POINT('Ctrl Pts',(5.11625191600707,5.55773097823522,17.1666666666667));
#6548=CARTESIAN_POINT('Ctrl Pts',(1.8544207835514,7.32294438793734,17.3333333333333));
#6549=CARTESIAN_POINT('Ctrl Pts',(-1.85442008730215,7.32294585829453,17.5));
#6550=CARTESIAN_POINT('Ctrl Pts',(-5.11625434087537,5.55772879805136,17.6666666666667));
#6551=CARTESIAN_POINT('Ctrl Pts',(-7.14479089253074,2.45281551806873,17.8333333333333));
#6552=CARTESIAN_POINT('Ctrl Pts',(-7.45108111177989,-1.24337125562304,18.));
#6553=CARTESIAN_POINT('Ctrl Pts',(-5.96122344282756,-4.63980828182451,18.1666666666667));
#6554=CARTESIAN_POINT('Ctrl Pts',(-3.034489280507,-6.91787120327788,18.3333333333333));
#6555=CARTESIAN_POINT('Ctrl Pts',(0.623896831603139,-7.52823883436065,18.5));
#6556=CARTESIAN_POINT('Ctrl Pts',(4.13153109541787,-6.32415406099315,18.6666666666667));
#6557=CARTESIAN_POINT('Ctrl Pts',(6.64399211051936,-3.59511405162841,18.8333333333333));
#6558=CARTESIAN_POINT('Ctrl Pts',(7.25,-1.19876561781718,18.9444444444444));
#6559=CARTESIAN_POINT('Ctrl Pts',(7.25,-1.5981640728873E-14,19.));
#6560=UNCERTAINTY_MEASURE_WITH_UNIT(LENGTH_MEASURE(0.01),#6564,
'DISTANCE_ACCURACY_VALUE',
'Maximum model space distance between geometric entities at asserted c
onnectivities');
#6561=UNCERTAINTY_MEASURE_WITH_UNIT(LENGTH_MEASURE(0.01),#6564,
'DISTANCE_ACCURACY_VALUE',
'Maximum model space distance between geometric entities at asserted c
onnectivities');
#6562=(
GEOMETRIC_REPRESENTATION_CONTEXT(3)
GLOBAL_UNCERTAINTY_ASSIGNED_CONTEXT((#6560))
GLOBAL_UNIT_ASSIGNED_CONTEXT((#6564,#6566,#6567))
REPRESENTATION_CONTEXT('','3D')
);
#6563=(
GEOMETRIC_REPRESENTATION_CONTEXT(3)
GLOBAL_UNCERTAINTY_ASSIGNED_CONTEXT((#6561))
GLOBAL_UNIT_ASSIGNED_CONTEXT((#6564,#6566,#6567))
REPRESENTATION_CONTEXT('','3D')
);
#6564=(
LENGTH_UNIT()
NAMED_UNIT(*)
SI_UNIT(.MILLI.,.METRE.)
);
#6565=(
LENGTH_UNIT()
NAMED_UNIT(*)
SI_UNIT($,.METRE.)
);
#6566=(
NAMED_UNIT(*)
PLANE_ANGLE_UNIT()
SI_UNIT($,.RADIAN.)
);
#6567=(
NAMED_UNIT(*)
SI_UNIT($,.STERADIAN.)
SOLID_ANGLE_UNIT()
);
#6568=SHAPE_DEFINITION_REPRESENTATION(#6569,#6570);
#6569=PRODUCT_DEFINITION_SHAPE('',$,#6572);
#6570=SHAPE_REPRESENTATION('',(#739),#6562);
#6571=PRODUCT_DEFINITION_CONTEXT('part definition',#6576,'design');
#6572=PRODUCT_DEFINITION('Touch Spring','Touch Spring v5',#6573,#6571);
#6573=PRODUCT_DEFINITION_FORMATION('',$,#6578);
#6574=PRODUCT_RELATED_PRODUCT_CATEGORY('Touch Spring v5',
'Touch Spring v5',(#6578));
#6575=APPLICATION_PROTOCOL_DEFINITION('international standard',
'automotive_design',2009,#6576);
#6576=APPLICATION_CONTEXT(
'Core Data for Automotive Mechanical Design Process');
#6577=PRODUCT_CONTEXT('part definition',#6576,'mechanical');
#6578=PRODUCT('Touch Spring','Touch Spring v5',$,(#6577));
#6579=PRESENTATION_STYLE_ASSIGNMENT((#6580));
#6580=SURFACE_STYLE_USAGE(.BOTH.,#6581);
#6581=SURFACE_SIDE_STYLE('',(#6582));
#6582=SURFACE_STYLE_FILL_AREA(#6583);
#6583=FILL_AREA_STYLE('Steel - Satin',(#6584));
#6584=FILL_AREA_STYLE_COLOUR('Steel - Satin',#6585);
#6585=COLOUR_RGB('Steel - Satin',0.627450980392157,0.627450980392157,0.627450980392157);
ENDSEC;
END-ISO-10303-21;
